Date,Title,Media,Link,Snippet,Year
1 hour ago,"Argentine peso slides after FX controls eased, bonds jump",Reuters,https://www.reuters.com/markets/currencies/wall-st-expects-argentina-market-boost-imf-deal-big-shift-fx-controls-2025-04-14/&ved=2ahUKEwi9uf617NeMAxWbsFYBHar6CSQQxfQBegQIBBAC&usg=AOvVaw1XOB7yCmrbSASu4VxWW43U,The Argentine peso slid around 9% on Monday morning while bonds gained after Buenos Aires sealed a $20 billion loan program with the International Monetary...,2000
1 hour ago,"Argentine peso slides after FX controls eased, bonds jump",Reuters,https://www.reuters.com/markets/currencies/wall-st-expects-argentina-market-boost-imf-deal-big-shift-fx-controls-2025-04-14/&ved=2ahUKEwjP95i07NeMAxWjs1YBHQJ_Ep4QxfQBegQIBRAC&usg=AOvVaw1GQ9GDrPnYVdG6jLjJ7vCZ,The Argentine peso slid around 9% on Monday morning while bonds gained after Buenos Aires sealed a $20 billion loan program with the International Monetary...,2000
3 hours ago,"‘No lettuce, no Big Mac’: why Beth Hart is steering McDonald’s towards regenerative agriculture",Reuters,https://www.reuters.com/sustainability/land-use-biodiversity/no-lettuce-no-big-mac-why-beth-hart-is-steering-mcdonalds-towards-regenerative-2025-04-14/&ved=2ahUKEwi9uf617NeMAxWbsFYBHar6CSQQxfQBegQIChAC&usg=AOvVaw17tkCL9JVwv8PqBHJCCv0i,"In August 2020, when McDonald's announced an initiative with farmers in Nebraska to improve soil health, techniques like cover cropping and reduced tillage...",2000
3 hours ago,"‘No lettuce, no Big Mac’: why Beth Hart is steering McDonald’s towards regenerative agriculture",Reuters,https://www.reuters.com/sustainability/land-use-biodiversity/no-lettuce-no-big-mac-why-beth-hart-is-steering-mcdonalds-towards-regenerative-2025-04-14/&ved=2ahUKEwjP95i07NeMAxWjs1YBHQJ_Ep4QxfQBegQIChAC&usg=AOvVaw2J_LT_mfw8K7sw4KMYkMWB,"In August 2020, when McDonald's announced an initiative with farmers in Nebraska to improve soil health, techniques like cover cropping and reduced tillage...",2000
4 hours ago,Holcim spin-off of North American business planned for June,Reuters,https://www.reuters.com/business/holcim-spin-off-north-american-business-planned-june-2025-04-14/&ved=2ahUKEwi9uf617NeMAxWbsFYBHar6CSQQxfQBegQIBRAC&usg=AOvVaw2zxGFoZK4y4_bro8IR1UGO,"The planned spin-off of Holcim's North American business should take place in June, subject to the approval of shareholders at its May 14 annual general...",2000
4 hours ago,Patient corn bulls emerge victorious post tariff onslaught,Reuters,https://www.reuters.com/markets/commodities/patient-corn-bulls-emerge-victorious-post-tariff-onslaught-braun-2025-04-13/&ved=2ahUKEwi9uf617NeMAxWbsFYBHar6CSQQxfQBegQICBAC&usg=AOvVaw288UJ-u2uj0HIZ_0Dvd6RT,"After building immensely bullish bets, speculators in late February rode out Chicago corn's worst downturn in over a year as the United States prepared to...",2000
4 hours ago,Holcim spin-off of North American business planned for June,Reuters,https://www.reuters.com/business/holcim-spin-off-north-american-business-planned-june-2025-04-14/&ved=2ahUKEwjP95i07NeMAxWjs1YBHQJ_Ep4QxfQBegQIBxAC&usg=AOvVaw1Sbd0aBjtsZqbav8Abhtfh,"The planned spin-off of Holcim's North American business should take place in June, subject to the approval of shareholders at its May 14 annual general...",2000
4 hours ago,Patient corn bulls emerge victorious post tariff onslaught,Reuters,https://www.reuters.com/markets/commodities/patient-corn-bulls-emerge-victorious-post-tariff-onslaught-braun-2025-04-13/&ved=2ahUKEwjP95i07NeMAxWjs1YBHQJ_Ep4QxfQBegQIBhAC&usg=AOvVaw0-nEsCalYDcTkTELUy9p9-,"After building immensely bullish bets, speculators in late February rode out Chicago corn's worst downturn in over a year as the United States prepared to...",2000
9 hours ago,Thailand says to discuss tariffs with United States on April 21,Reuters,https://www.reuters.com/markets/asia/thailand-says-discuss-tariffs-with-united-states-april-21-2025-04-14/&ved=2ahUKEwi9uf617NeMAxWbsFYBHar6CSQQxfQBegQIBxAC&usg=AOvVaw3x-8nr44uIiQwNX_InhojI,Thailand's finance and commerce ministers will lead a delegation to the United States to meet Trump administration officials and push for relief from...,2000
9 hours ago,Thailand says to discuss tariffs with United States on April 21,Reuters,https://www.reuters.com/markets/asia/thailand-says-discuss-tariffs-with-united-states-april-21-2025-04-14/&ved=2ahUKEwjP95i07NeMAxWjs1YBHQJ_Ep4QxfQBegQIAxAC&usg=AOvVaw0BPJDpruGKTPGYpYo36fGF,Thailand's finance and commerce ministers will lead a delegation to the United States to meet Trump administration officials and push for relief from...,2000
2 days ago,Estonian navy detains Russia-bound oil tanker in Baltic Sea,Reuters,https://www.reuters.com/world/europe/estonian-navy-detains-boards-russia-bound-oil-tanker-baltic-sea-2025-04-11/&ved=2ahUKEwi9uf617NeMAxWbsFYBHar6CSQQxfQBegQIAhAC&usg=AOvVaw1bZvFIessnt5p0r93oS8M5,"The Estonian navy detained and boarded a Russia-bound oil tanker on an EU sanctions list on Friday, accusing it of sailing illegally without a valid country...",2000
2 days ago,"Argentina soy, once parched, now has too much rain",Reuters,https://www.reuters.com/sustainability/land-use-biodiversity/argentina-soy-once-parched-now-has-too-much-rain-2025-04-11/&ved=2ahUKEwi9uf617NeMAxWbsFYBHar6CSQQxfQBegQIARAC&usg=AOvVaw0VMVAlEQr1yKcxz7wkzrrt,"Drenched Argentine fields due to heavy rains in the country's farm heartland are raising fears of soybean losses and delayed sales of the 2024/25 crop,...",2000
2 days ago,Argentina and the IMF: a troubled history,Reuters,https://www.reuters.com/world/americas/argentina-imf-troubled-history-2025-04-12/&ved=2ahUKEwi9uf617NeMAxWbsFYBHar6CSQQxfQBegQIAxAC&usg=AOvVaw3eaT1uZeOeyyHHCHojbFqk,"Argentina is already the IMF's largest debtor, by far, and the recipient of the most IMF bailouts in history since it joined in September 1956.",2000
2 days ago,"Magnitude 5.95 earthquake strikes Papua New Guinea's New Britain region, GFZ says",Reuters,https://www.reuters.com/business/environment/magnitude-595-earthquake-strikes-papua-new-guineas-new-britain-region-gfz-says-2025-04-12/&ved=2ahUKEwi9uf617NeMAxWbsFYBHar6CSQQxfQBegQICRAC&usg=AOvVaw0ye54q_xxtfVfGw3FnEFE3,,2000
2 days ago,Estonian navy detains Russia-bound oil tanker in Baltic Sea,Reuters,https://www.reuters.com/world/europe/estonian-navy-detains-boards-russia-bound-oil-tanker-baltic-sea-2025-04-11/&ved=2ahUKEwjP95i07NeMAxWjs1YBHQJ_Ep4QxfQBegQICBAC&usg=AOvVaw0ZkzclBC_3_sjLHfYJ4cNy,"The Estonian navy detained and boarded a Russia-bound oil tanker on an EU sanctions list on Friday, accusing it of sailing illegally without a valid country...",2000
2 days ago,"Argentina soy, once parched, now has too much rain",Reuters,https://www.reuters.com/sustainability/land-use-biodiversity/argentina-soy-once-parched-now-has-too-much-rain-2025-04-11/&ved=2ahUKEwjP95i07NeMAxWjs1YBHQJ_Ep4QxfQBegQIARAC&usg=AOvVaw02pbBsKOd93ieAUZIewGer,"Drenched Argentine fields due to heavy rains in the country's farm heartland are raising fears of soybean losses and delayed sales of the 2024/25 crop,...",2000
2 days ago,Argentina and the IMF: a troubled history,Reuters,https://www.reuters.com/world/americas/argentina-imf-troubled-history-2025-04-12/&ved=2ahUKEwjP95i07NeMAxWjs1YBHQJ_Ep4QxfQBegQIAhAC&usg=AOvVaw2VNapUmtwDJLm6krdeT4w8,"Argentina is already the IMF's largest debtor, by far, and the recipient of the most IMF bailouts in history since it joined in September 1956.",2000
2 days ago,"Magnitude 5.95 earthquake strikes Papua New Guinea's New Britain region, GFZ says",Reuters,https://www.reuters.com/business/environment/magnitude-595-earthquake-strikes-papua-new-guineas-new-britain-region-gfz-says-2025-04-12/&ved=2ahUKEwjP95i07NeMAxWjs1YBHQJ_Ep4QxfQBegQIBBAC&usg=AOvVaw3wImcjbvN5tPKd1mynWkfp,,2000
3 days ago,Relief for Spain's feed makers as EU delays tariff on US corn,Reuters,https://www.reuters.com/markets/commodities/relief-spains-feed-makers-eu-delays-tariff-us-corn-2025-04-10/&ved=2ahUKEwi-suG27NeMAxW2s1YBHePPJXc4ChDF9AF6BAgIEAI&usg=AOvVaw378K8O8Jj7OnUNliG6-igI,"A delay to EU tariffs against U.S. goods has brought respite for Spain's livestock feed sector that has heavily bought U.S. corn this season,...",2000
3 days ago,US consumer inflation eases ahead of tariffs,Reuters,https://www.reuters.com/markets/us/us-consumer-prices-unexpectedly-fall-march-2025-04-10/&ved=2ahUKEwi-suG27NeMAxW2s1YBHePPJXc4ChDF9AF6BAgGEAI&usg=AOvVaw2msGwZeNFxlyxQO6d5DUre,The first monthly decline in prices in nearly five years also suggested softening demand amid recession fears and led markets to anticipate Fed could cut...,2000
3 days ago,Argentine workers launch widespread 24-hour strike against Milei's austerity measures,Reuters,https://www.reuters.com/sustainability/sustainable-finance-reporting/argentine-workers-launch-widespread-24-hour-strike-against-mileis-austerity-2025-04-10/&ved=2ahUKEwi-suG27NeMAxW2s1YBHePPJXc4ChDF9AF6BAgEEAI&usg=AOvVaw1-v4Pzob_xPaoti-4RE86f,"Argentina's largest workers' unions kicked off a massive 24-hour strike on Thursday, bringing trains, planes and ports to a halt as they protested against...",2000
3 days ago,"From Daikin to Samsung, companies fight Modi over e-waste policy",Reuters,https://www.reuters.com/world/india/daikin-samsung-companies-fight-modi-over-e-waste-policy-2025-04-11/&ved=2ahUKEwi-suG27NeMAxW2s1YBHePPJXc4ChDF9AF6BAgHEAI&usg=AOvVaw1B0RvpvpUN6MCLUuTifMdG,India wants to tackle its mounting e-waste problem. Global electronics companies say the cost is too high.,2000
3 days ago,Take Five: Riders on the storm,Reuters,https://www.reuters.com/business/take-five/global-markets-themes-graphic-2025-04-11/&ved=2ahUKEwi-suG27NeMAxW2s1YBHePPJXc4ChDF9AF6BAgDEAI&usg=AOvVaw28DVLHUKRi_wZfk2cA8TlR,"The global trade war might have been reduced to a battle between Beijing and Washington for now, but a bruising week for markets has left policymakers at...",2000
3 days ago,"ECB ready to deploy its instruments to maintain financial stability, Lagarde says",Reuters,https://www.reuters.com/business/finance/ecb-ready-deploy-its-instruments-maintain-financial-stability-lagarde-says-2025-04-11/&ved=2ahUKEwi-suG27NeMAxW2s1YBHePPJXc4ChDF9AF6BAgCEAI&usg=AOvVaw0U4YQqWAnX4RQasXwc6cVz,The European Central Bank is ready to deploy its instruments to maintain financial stability and has a solid track record in devising new tools when...,2000
3 days ago,CBOT corn rally more than justified by US supply cuts,Reuters,https://www.reuters.com/markets/commodities/cbot-corn-rally-more-than-justified-by-us-supply-cuts-braun-2025-04-10/&ved=2ahUKEwi-suG27NeMAxW2s1YBHePPJXc4ChDF9AF6BAgKEAI&usg=AOvVaw2t9cByDpAw3sS-GCI9g8v3,"Chicago corn futures have shot nearly 5% higher so far this week despite gratuitous geopolitical uncertainties, especially when it comes to the United...",2000
3 days ago,Mercedes to end engagement in small vans segment,Reuters,https://www.reuters.com/business/autos-transportation/mercedes-discontinue-citan-t-class-models-automobilwoche-reports-2025-04-11/&ved=2ahUKEwi-suG27NeMAxW2s1YBHePPJXc4ChDF9AF6BAgJEAI&usg=AOvVaw3SbFTTuujDMUa8JAAAExiQ,"Mercedes-Benz said on Friday it is shifting focus towards midsize and large vans and ending engagement in the smaller category, after the Automobilwoche...",2000
3 days ago,"Thailand will cut tariffs on US corn imports, minister says",Reuters,https://www.reuters.com/markets/commodities/thailand-will-cut-tariffs-us-corn-imports-minister-says-2025-04-11/&ved=2ahUKEwi9uf617NeMAxWbsFYBHar6CSQQxfQBegQIBhAC&usg=AOvVaw33hR3Sc_QDpt-lXcWHLIDg,"Thailand will cut tariffs on imports of corn from the United States, but volumes still need to be finalised, the finance minister said on Friday.",2000
3 days ago,"Thailand will cut tariffs on US corn imports, minister says",Reuters,https://www.reuters.com/markets/commodities/thailand-will-cut-tariffs-us-corn-imports-minister-says-2025-04-11/&ved=2ahUKEwjP95i07NeMAxWjs1YBHQJ_Ep4QxfQBegQICRAC&usg=AOvVaw3VGOlQJGhOHIYGI6xxwd3Z,"Thailand will cut tariffs on imports of corn from the United States, but volumes still need to be finalised, the finance minister said on Friday.",2000
4 days ago,"Rhine shipping costs in Germany rise as river level falls, but rain forecast",Reuters,https://www.reuters.com/business/autos-transportation/rhine-shipping-costs-germany-rise-river-level-falls-rain-forecast-2025-04-10/&ved=2ahUKEwi-suG27NeMAxW2s1YBHePPJXc4ChDF9AF6BAgBEAI&usg=AOvVaw1uD4bbZ_Kkkl6x44gOQVSj,"Freight shipping costs on the Rhine river in Germany surged this week as water levels fell further, compelling vessels to sail less than half full,...",2000
4 days ago,"Chilean miner Codelco logging strong Q2 demand from China, chairman says",Reuters,https://www.reuters.com/markets/commodities/chilean-miner-codelco-logging-strong-q2-demand-china-chairman-says-2025-04-10/&ved=2ahUKEwi-suG27NeMAxW2s1YBHePPJXc4ChDF9AF6BAgFEAI&usg=AOvVaw1ETkqnXV_YtakT-Mrwboqx,"Chilean copper giant Codelco is seeing strong demand for the red metal from China in the second quarter, the firm's chairman told Reuters on Thursday.",2000
1 hour ago,"Argentine peso slides after FX controls eased, bonds jump",Reuters,https://www.reuters.com/markets/currencies/wall-st-expects-argentina-market-boost-imf-deal-big-shift-fx-controls-2025-04-14/&ved=2ahUKEwi9uf617NeMAxWbsFYBHar6CSQQxfQBegQIBBAC&usg=AOvVaw1XOB7yCmrbSASu4VxWW43U,The Argentine peso slid around 9% on Monday morning while bonds gained after Buenos Aires sealed a $20 billion loan program with the International Monetary...,2000
1 hour ago,"Argentine peso slides after FX controls eased, bonds jump",Reuters,https://www.reuters.com/markets/currencies/wall-st-expects-argentina-market-boost-imf-deal-big-shift-fx-controls-2025-04-14/&ved=2ahUKEwjP95i07NeMAxWjs1YBHQJ_Ep4QxfQBegQIBRAC&usg=AOvVaw1GQ9GDrPnYVdG6jLjJ7vCZ,The Argentine peso slid around 9% on Monday morning while bonds gained after Buenos Aires sealed a $20 billion loan program with the International Monetary...,2000
3 hours ago,"‘No lettuce, no Big Mac’: why Beth Hart is steering McDonald’s towards regenerative agriculture",Reuters,https://www.reuters.com/sustainability/land-use-biodiversity/no-lettuce-no-big-mac-why-beth-hart-is-steering-mcdonalds-towards-regenerative-2025-04-14/&ved=2ahUKEwi9uf617NeMAxWbsFYBHar6CSQQxfQBegQIChAC&usg=AOvVaw17tkCL9JVwv8PqBHJCCv0i,"In August 2020, when McDonald's announced an initiative with farmers in Nebraska to improve soil health, techniques like cover cropping and reduced tillage...",2000
3 hours ago,"‘No lettuce, no Big Mac’: why Beth Hart is steering McDonald’s towards regenerative agriculture",Reuters,https://www.reuters.com/sustainability/land-use-biodiversity/no-lettuce-no-big-mac-why-beth-hart-is-steering-mcdonalds-towards-regenerative-2025-04-14/&ved=2ahUKEwjP95i07NeMAxWjs1YBHQJ_Ep4QxfQBegQIChAC&usg=AOvVaw2J_LT_mfw8K7sw4KMYkMWB,"In August 2020, when McDonald's announced an initiative with farmers in Nebraska to improve soil health, techniques like cover cropping and reduced tillage...",2000
4 hours ago,Holcim spin-off of North American business planned for June,Reuters,https://www.reuters.com/business/holcim-spin-off-north-american-business-planned-june-2025-04-14/&ved=2ahUKEwi9uf617NeMAxWbsFYBHar6CSQQxfQBegQIBRAC&usg=AOvVaw2zxGFoZK4y4_bro8IR1UGO,"The planned spin-off of Holcim's North American business should take place in June, subject to the approval of shareholders at its May 14 annual general...",2000
4 hours ago,Patient corn bulls emerge victorious post tariff onslaught,Reuters,https://www.reuters.com/markets/commodities/patient-corn-bulls-emerge-victorious-post-tariff-onslaught-braun-2025-04-13/&ved=2ahUKEwi9uf617NeMAxWbsFYBHar6CSQQxfQBegQICBAC&usg=AOvVaw288UJ-u2uj0HIZ_0Dvd6RT,"After building immensely bullish bets, speculators in late February rode out Chicago corn's worst downturn in over a year as the United States prepared to...",2000
4 hours ago,Holcim spin-off of North American business planned for June,Reuters,https://www.reuters.com/business/holcim-spin-off-north-american-business-planned-june-2025-04-14/&ved=2ahUKEwjP95i07NeMAxWjs1YBHQJ_Ep4QxfQBegQIBxAC&usg=AOvVaw1Sbd0aBjtsZqbav8Abhtfh,"The planned spin-off of Holcim's North American business should take place in June, subject to the approval of shareholders at its May 14 annual general...",2000
4 hours ago,Patient corn bulls emerge victorious post tariff onslaught,Reuters,https://www.reuters.com/markets/commodities/patient-corn-bulls-emerge-victorious-post-tariff-onslaught-braun-2025-04-13/&ved=2ahUKEwjP95i07NeMAxWjs1YBHQJ_Ep4QxfQBegQIBhAC&usg=AOvVaw0-nEsCalYDcTkTELUy9p9-,"After building immensely bullish bets, speculators in late February rode out Chicago corn's worst downturn in over a year as the United States prepared to...",2000
9 hours ago,Thailand says to discuss tariffs with United States on April 21,Reuters,https://www.reuters.com/markets/asia/thailand-says-discuss-tariffs-with-united-states-april-21-2025-04-14/&ved=2ahUKEwi9uf617NeMAxWbsFYBHar6CSQQxfQBegQIBxAC&usg=AOvVaw3x-8nr44uIiQwNX_InhojI,Thailand's finance and commerce ministers will lead a delegation to the United States to meet Trump administration officials and push for relief from...,2000
9 hours ago,Thailand says to discuss tariffs with United States on April 21,Reuters,https://www.reuters.com/markets/asia/thailand-says-discuss-tariffs-with-united-states-april-21-2025-04-14/&ved=2ahUKEwjP95i07NeMAxWjs1YBHQJ_Ep4QxfQBegQIAxAC&usg=AOvVaw0BPJDpruGKTPGYpYo36fGF,Thailand's finance and commerce ministers will lead a delegation to the United States to meet Trump administration officials and push for relief from...,2000
2 days ago,Estonian navy detains Russia-bound oil tanker in Baltic Sea,Reuters,https://www.reuters.com/world/europe/estonian-navy-detains-boards-russia-bound-oil-tanker-baltic-sea-2025-04-11/&ved=2ahUKEwi9uf617NeMAxWbsFYBHar6CSQQxfQBegQIAhAC&usg=AOvVaw1bZvFIessnt5p0r93oS8M5,"The Estonian navy detained and boarded a Russia-bound oil tanker on an EU sanctions list on Friday, accusing it of sailing illegally without a valid country...",2000
2 days ago,"Argentina soy, once parched, now has too much rain",Reuters,https://www.reuters.com/sustainability/land-use-biodiversity/argentina-soy-once-parched-now-has-too-much-rain-2025-04-11/&ved=2ahUKEwi9uf617NeMAxWbsFYBHar6CSQQxfQBegQIARAC&usg=AOvVaw0VMVAlEQr1yKcxz7wkzrrt,"Drenched Argentine fields due to heavy rains in the country's farm heartland are raising fears of soybean losses and delayed sales of the 2024/25 crop,...",2000
2 days ago,Argentina and the IMF: a troubled history,Reuters,https://www.reuters.com/world/americas/argentina-imf-troubled-history-2025-04-12/&ved=2ahUKEwi9uf617NeMAxWbsFYBHar6CSQQxfQBegQIAxAC&usg=AOvVaw3eaT1uZeOeyyHHCHojbFqk,"Argentina is already the IMF's largest debtor, by far, and the recipient of the most IMF bailouts in history since it joined in September 1956.",2000
2 days ago,"Magnitude 5.95 earthquake strikes Papua New Guinea's New Britain region, GFZ says",Reuters,https://www.reuters.com/business/environment/magnitude-595-earthquake-strikes-papua-new-guineas-new-britain-region-gfz-says-2025-04-12/&ved=2ahUKEwi9uf617NeMAxWbsFYBHar6CSQQxfQBegQICRAC&usg=AOvVaw0ye54q_xxtfVfGw3FnEFE3,,2000
2 days ago,Estonian navy detains Russia-bound oil tanker in Baltic Sea,Reuters,https://www.reuters.com/world/europe/estonian-navy-detains-boards-russia-bound-oil-tanker-baltic-sea-2025-04-11/&ved=2ahUKEwjP95i07NeMAxWjs1YBHQJ_Ep4QxfQBegQICBAC&usg=AOvVaw0ZkzclBC_3_sjLHfYJ4cNy,"The Estonian navy detained and boarded a Russia-bound oil tanker on an EU sanctions list on Friday, accusing it of sailing illegally without a valid country...",2000
2 days ago,"Argentina soy, once parched, now has too much rain",Reuters,https://www.reuters.com/sustainability/land-use-biodiversity/argentina-soy-once-parched-now-has-too-much-rain-2025-04-11/&ved=2ahUKEwjP95i07NeMAxWjs1YBHQJ_Ep4QxfQBegQIARAC&usg=AOvVaw02pbBsKOd93ieAUZIewGer,"Drenched Argentine fields due to heavy rains in the country's farm heartland are raising fears of soybean losses and delayed sales of the 2024/25 crop,...",2000
2 days ago,Argentina and the IMF: a troubled history,Reuters,https://www.reuters.com/world/americas/argentina-imf-troubled-history-2025-04-12/&ved=2ahUKEwjP95i07NeMAxWjs1YBHQJ_Ep4QxfQBegQIAhAC&usg=AOvVaw2VNapUmtwDJLm6krdeT4w8,"Argentina is already the IMF's largest debtor, by far, and the recipient of the most IMF bailouts in history since it joined in September 1956.",2000
2 days ago,"Magnitude 5.95 earthquake strikes Papua New Guinea's New Britain region, GFZ says",Reuters,https://www.reuters.com/business/environment/magnitude-595-earthquake-strikes-papua-new-guineas-new-britain-region-gfz-says-2025-04-12/&ved=2ahUKEwjP95i07NeMAxWjs1YBHQJ_Ep4QxfQBegQIBBAC&usg=AOvVaw3wImcjbvN5tPKd1mynWkfp,,2000
3 days ago,Relief for Spain's feed makers as EU delays tariff on US corn,Reuters,https://www.reuters.com/markets/commodities/relief-spains-feed-makers-eu-delays-tariff-us-corn-2025-04-10/&ved=2ahUKEwi-suG27NeMAxW2s1YBHePPJXc4ChDF9AF6BAgIEAI&usg=AOvVaw378K8O8Jj7OnUNliG6-igI,"A delay to EU tariffs against U.S. goods has brought respite for Spain's livestock feed sector that has heavily bought U.S. corn this season,...",2000
3 days ago,US consumer inflation eases ahead of tariffs,Reuters,https://www.reuters.com/markets/us/us-consumer-prices-unexpectedly-fall-march-2025-04-10/&ved=2ahUKEwi-suG27NeMAxW2s1YBHePPJXc4ChDF9AF6BAgGEAI&usg=AOvVaw2msGwZeNFxlyxQO6d5DUre,The first monthly decline in prices in nearly five years also suggested softening demand amid recession fears and led markets to anticipate Fed could cut...,2000
3 days ago,Argentine workers launch widespread 24-hour strike against Milei's austerity measures,Reuters,https://www.reuters.com/sustainability/sustainable-finance-reporting/argentine-workers-launch-widespread-24-hour-strike-against-mileis-austerity-2025-04-10/&ved=2ahUKEwi-suG27NeMAxW2s1YBHePPJXc4ChDF9AF6BAgEEAI&usg=AOvVaw1-v4Pzob_xPaoti-4RE86f,"Argentina's largest workers' unions kicked off a massive 24-hour strike on Thursday, bringing trains, planes and ports to a halt as they protested against...",2000
3 days ago,"From Daikin to Samsung, companies fight Modi over e-waste policy",Reuters,https://www.reuters.com/world/india/daikin-samsung-companies-fight-modi-over-e-waste-policy-2025-04-11/&ved=2ahUKEwi-suG27NeMAxW2s1YBHePPJXc4ChDF9AF6BAgHEAI&usg=AOvVaw1B0RvpvpUN6MCLUuTifMdG,India wants to tackle its mounting e-waste problem. Global electronics companies say the cost is too high.,2000
3 days ago,Take Five: Riders on the storm,Reuters,https://www.reuters.com/business/take-five/global-markets-themes-graphic-2025-04-11/&ved=2ahUKEwi-suG27NeMAxW2s1YBHePPJXc4ChDF9AF6BAgDEAI&usg=AOvVaw28DVLHUKRi_wZfk2cA8TlR,"The global trade war might have been reduced to a battle between Beijing and Washington for now, but a bruising week for markets has left policymakers at...",2000
3 days ago,"ECB ready to deploy its instruments to maintain financial stability, Lagarde says",Reuters,https://www.reuters.com/business/finance/ecb-ready-deploy-its-instruments-maintain-financial-stability-lagarde-says-2025-04-11/&ved=2ahUKEwi-suG27NeMAxW2s1YBHePPJXc4ChDF9AF6BAgCEAI&usg=AOvVaw0U4YQqWAnX4RQasXwc6cVz,The European Central Bank is ready to deploy its instruments to maintain financial stability and has a solid track record in devising new tools when...,2000
3 days ago,CBOT corn rally more than justified by US supply cuts,Reuters,https://www.reuters.com/markets/commodities/cbot-corn-rally-more-than-justified-by-us-supply-cuts-braun-2025-04-10/&ved=2ahUKEwi-suG27NeMAxW2s1YBHePPJXc4ChDF9AF6BAgKEAI&usg=AOvVaw2t9cByDpAw3sS-GCI9g8v3,"Chicago corn futures have shot nearly 5% higher so far this week despite gratuitous geopolitical uncertainties, especially when it comes to the United...",2000
3 days ago,Mercedes to end engagement in small vans segment,Reuters,https://www.reuters.com/business/autos-transportation/mercedes-discontinue-citan-t-class-models-automobilwoche-reports-2025-04-11/&ved=2ahUKEwi-suG27NeMAxW2s1YBHePPJXc4ChDF9AF6BAgJEAI&usg=AOvVaw3SbFTTuujDMUa8JAAAExiQ,"Mercedes-Benz said on Friday it is shifting focus towards midsize and large vans and ending engagement in the smaller category, after the Automobilwoche...",2000
3 days ago,"Thailand will cut tariffs on US corn imports, minister says",Reuters,https://www.reuters.com/markets/commodities/thailand-will-cut-tariffs-us-corn-imports-minister-says-2025-04-11/&ved=2ahUKEwi9uf617NeMAxWbsFYBHar6CSQQxfQBegQIBhAC&usg=AOvVaw33hR3Sc_QDpt-lXcWHLIDg,"Thailand will cut tariffs on imports of corn from the United States, but volumes still need to be finalised, the finance minister said on Friday.",2000
3 days ago,"Thailand will cut tariffs on US corn imports, minister says",Reuters,https://www.reuters.com/markets/commodities/thailand-will-cut-tariffs-us-corn-imports-minister-says-2025-04-11/&ved=2ahUKEwjP95i07NeMAxWjs1YBHQJ_Ep4QxfQBegQICRAC&usg=AOvVaw3VGOlQJGhOHIYGI6xxwd3Z,"Thailand will cut tariffs on imports of corn from the United States, but volumes still need to be finalised, the finance minister said on Friday.",2000
4 days ago,"Rhine shipping costs in Germany rise as river level falls, but rain forecast",Reuters,https://www.reuters.com/business/autos-transportation/rhine-shipping-costs-germany-rise-river-level-falls-rain-forecast-2025-04-10/&ved=2ahUKEwi-suG27NeMAxW2s1YBHePPJXc4ChDF9AF6BAgBEAI&usg=AOvVaw1uD4bbZ_Kkkl6x44gOQVSj,"Freight shipping costs on the Rhine river in Germany surged this week as water levels fell further, compelling vessels to sail less than half full,...",2000
4 days ago,"Chilean miner Codelco logging strong Q2 demand from China, chairman says",Reuters,https://www.reuters.com/markets/commodities/chilean-miner-codelco-logging-strong-q2-demand-china-chairman-says-2025-04-10/&ved=2ahUKEwi-suG27NeMAxW2s1YBHePPJXc4ChDF9AF6BAgFEAI&usg=AOvVaw1ETkqnXV_YtakT-Mrwboqx,"Chilean copper giant Codelco is seeing strong demand for the red metal from China in the second quarter, the firm's chairman told Reuters on Thursday.",2000
1 hour ago,"Argentine peso slides after FX controls eased, bonds jump",Reuters,https://www.reuters.com/markets/currencies/wall-st-expects-argentina-market-boost-imf-deal-big-shift-fx-controls-2025-04-14/&ved=2ahUKEwjmyNa57NeMAxWtr1YBHbeXERAQxfQBegQIBRAC&usg=AOvVaw2WCryyEvsH8y0bdUs1ftp8,The Argentine peso slid around 9% on Monday morning while bonds gained after Buenos Aires sealed a $20 billion loan program with the International Monetary...,2001
1 hour ago,"Argentine peso slides after FX controls eased, bonds jump",Reuters,https://www.reuters.com/markets/currencies/wall-st-expects-argentina-market-boost-imf-deal-big-shift-fx-controls-2025-04-14/&ved=2ahUKEwj79p247NeMAxV_k1YBHWdtMs0QxfQBegQIAxAC&usg=AOvVaw0FdzZkONbRHeoySr9dERkK,The Argentine peso slid around 9% on Monday morning while bonds gained after Buenos Aires sealed a $20 billion loan program with the International Monetary...,2001
3 hours ago,"‘No lettuce, no Big Mac’: why Beth Hart is steering McDonald’s towards regenerative agriculture",Reuters,https://www.reuters.com/sustainability/land-use-biodiversity/no-lettuce-no-big-mac-why-beth-hart-is-steering-mcdonalds-towards-regenerative-2025-04-14/&ved=2ahUKEwjmyNa57NeMAxWtr1YBHbeXERAQxfQBegQIChAC&usg=AOvVaw0hlUR9GdsYIa1arLzPb4B8,"In August 2020, when McDonald's announced an initiative with farmers in Nebraska to improve soil health, techniques like cover cropping and reduced tillage...",2001
3 hours ago,"‘No lettuce, no Big Mac’: why Beth Hart is steering McDonald’s towards regenerative agriculture",Reuters,https://www.reuters.com/sustainability/land-use-biodiversity/no-lettuce-no-big-mac-why-beth-hart-is-steering-mcdonalds-towards-regenerative-2025-04-14/&ved=2ahUKEwj79p247NeMAxV_k1YBHWdtMs0QxfQBegQIChAC&usg=AOvVaw2Tt_gSwXQ3xSd7yqQ2CItH,"In August 2020, when McDonald's announced an initiative with farmers in Nebraska to improve soil health, techniques like cover cropping and reduced tillage...",2001
4 hours ago,Patient corn bulls emerge victorious post tariff onslaught,Reuters,https://www.reuters.com/markets/commodities/patient-corn-bulls-emerge-victorious-post-tariff-onslaught-braun-2025-04-13/&ved=2ahUKEwjmyNa57NeMAxWtr1YBHbeXERAQxfQBegQICBAC&usg=AOvVaw2MxR4gs8-OSrKQOcYiif7u,"After building immensely bullish bets, speculators in late February rode out Chicago corn's worst downturn in over a year as the United States prepared to...",2001
4 hours ago,Holcim spin-off of North American business planned for June,Reuters,https://www.reuters.com/business/holcim-spin-off-north-american-business-planned-june-2025-04-14/&ved=2ahUKEwj79p247NeMAxV_k1YBHWdtMs0QxfQBegQIBRAC&usg=AOvVaw2mi_gOXQ_m426h9gEYKp61,"The planned spin-off of Holcim's North American business should take place in June, subject to the approval of shareholders at its May 14 annual general...",2001
4 hours ago,Patient corn bulls emerge victorious post tariff onslaught,Reuters,https://www.reuters.com/markets/commodities/patient-corn-bulls-emerge-victorious-post-tariff-onslaught-braun-2025-04-13/&ved=2ahUKEwj79p247NeMAxV_k1YBHWdtMs0QxfQBegQIBBAC&usg=AOvVaw26AGdvspsExBr2r1bhekcy,"After building immensely bullish bets, speculators in late February rode out Chicago corn's worst downturn in over a year as the United States prepared to...",2001
5 hours ago,Holcim spin-off of North American business planned for June,Reuters,https://www.reuters.com/business/holcim-spin-off-north-american-business-planned-june-2025-04-14/&ved=2ahUKEwjmyNa57NeMAxWtr1YBHbeXERAQxfQBegQIBxAC&usg=AOvVaw3NfhzFUDbCD_bBsQSXRxGj,"The planned spin-off of Holcim's North American business should take place in June, subject to the approval of shareholders at its May 14 annual general...",2001
9 hours ago,Thailand says to discuss tariffs with United States on April 21,Reuters,https://www.reuters.com/markets/asia/thailand-says-discuss-tariffs-with-united-states-april-21-2025-04-14/&ved=2ahUKEwjmyNa57NeMAxWtr1YBHbeXERAQxfQBegQIARAC&usg=AOvVaw0Rnt9IR_KSjzpxTZYaqQcM,Thailand's finance and commerce ministers will lead a delegation to the United States to meet Trump administration officials and push for relief from...,2001
9 hours ago,Thailand says to discuss tariffs with United States on April 21,Reuters,https://www.reuters.com/markets/asia/thailand-says-discuss-tariffs-with-united-states-april-21-2025-04-14/&ved=2ahUKEwj79p247NeMAxV_k1YBHWdtMs0QxfQBegQIARAC&usg=AOvVaw08RPOlWr5TfJZtmROMjGZz,Thailand's finance and commerce ministers will lead a delegation to the United States to meet Trump administration officials and push for relief from...,2001
2 days ago,Estonian navy detains Russia-bound oil tanker in Baltic Sea,Reuters,https://www.reuters.com/world/europe/estonian-navy-detains-boards-russia-bound-oil-tanker-baltic-sea-2025-04-11/&ved=2ahUKEwjmyNa57NeMAxWtr1YBHbeXERAQxfQBegQICRAC&usg=AOvVaw0viuIqQLHOEySkqNLHAp-N,"The Estonian navy detained and boarded a Russia-bound oil tanker on an EU sanctions list on Friday, accusing it of sailing illegally without a valid country...",2001
2 days ago,"Argentina soy, once parched, now has too much rain",Reuters,https://www.reuters.com/sustainability/land-use-biodiversity/argentina-soy-once-parched-now-has-too-much-rain-2025-04-11/&ved=2ahUKEwjmyNa57NeMAxWtr1YBHbeXERAQxfQBegQIAxAC&usg=AOvVaw3aNOh_1Mn2Qmf7taCWhLs0,"Drenched Argentine fields due to heavy rains in the country's farm heartland are raising fears of soybean losses and delayed sales of the 2024/25 crop,...",2001
2 days ago,Argentina and the IMF: a troubled history,Reuters,https://www.reuters.com/world/americas/argentina-imf-troubled-history-2025-04-12/&ved=2ahUKEwjmyNa57NeMAxWtr1YBHbeXERAQxfQBegQIAhAC&usg=AOvVaw02LcK-VGV6XE3f6o5TtQak,"Argentina is already the IMF's largest debtor, by far, and the recipient of the most IMF bailouts in history since it joined in September 1956.",2001
2 days ago,"Magnitude 5.95 earthquake strikes Papua New Guinea's New Britain region, GFZ says",Reuters,https://www.reuters.com/business/environment/magnitude-595-earthquake-strikes-papua-new-guineas-new-britain-region-gfz-says-2025-04-12/&ved=2ahUKEwjmyNa57NeMAxWtr1YBHbeXERAQxfQBegQIBhAC&usg=AOvVaw0UOTxqdUb_kg-aQgpqK5ZH,,2001
2 days ago,Estonian navy detains Russia-bound oil tanker in Baltic Sea,Reuters,https://www.reuters.com/world/europe/estonian-navy-detains-boards-russia-bound-oil-tanker-baltic-sea-2025-04-11/&ved=2ahUKEwj79p247NeMAxV_k1YBHWdtMs0QxfQBegQICRAC&usg=AOvVaw2FrxfEWl-KA-4zFXcgTQ_P,"The Estonian navy detained and boarded a Russia-bound oil tanker on an EU sanctions list on Friday, accusing it of sailing illegally without a valid country...",2001
2 days ago,"Argentina soy, once parched, now has too much rain",Reuters,https://www.reuters.com/sustainability/land-use-biodiversity/argentina-soy-once-parched-now-has-too-much-rain-2025-04-11/&ved=2ahUKEwj79p247NeMAxV_k1YBHWdtMs0QxfQBegQICBAC&usg=AOvVaw3Oo18PAANBgeU3ZzUW9WjT,"Drenched Argentine fields due to heavy rains in the country's farm heartland are raising fears of soybean losses and delayed sales of the 2024/25 crop,...",2001
2 days ago,Argentina and the IMF: a troubled history,Reuters,https://www.reuters.com/world/americas/argentina-imf-troubled-history-2025-04-12/&ved=2ahUKEwj79p247NeMAxV_k1YBHWdtMs0QxfQBegQIBxAC&usg=AOvVaw2GxbRZ4A6FxXxzdlUe4REJ,"Argentina is already the IMF's largest debtor, by far, and the recipient of the most IMF bailouts in history since it joined in September 1956.",2001
2 days ago,"Magnitude 5.95 earthquake strikes Papua New Guinea's New Britain region, GFZ says",Reuters,https://www.reuters.com/business/environment/magnitude-595-earthquake-strikes-papua-new-guineas-new-britain-region-gfz-says-2025-04-12/&ved=2ahUKEwj79p247NeMAxV_k1YBHWdtMs0QxfQBegQIAhAC&usg=AOvVaw1AadIQ7Ox5D0wQTKf9SfU9,,2001
3 days ago,Relief for Spain's feed makers as EU delays tariff on US corn,Reuters,https://www.reuters.com/markets/commodities/relief-spains-feed-makers-eu-delays-tariff-us-corn-2025-04-10/&ved=2ahUKEwj9npS77NeMAxVpsFYBHZN8DZE4ChDF9AF6BAgCEAI&usg=AOvVaw10v0EUe6IkH5M9QgaRPULC,"A delay to EU tariffs against U.S. goods has brought respite for Spain's livestock feed sector that has heavily bought U.S. corn this season,...",2001
3 days ago,US consumer inflation eases ahead of tariffs,Reuters,https://www.reuters.com/markets/us/us-consumer-prices-unexpectedly-fall-march-2025-04-10/&ved=2ahUKEwj9npS77NeMAxVpsFYBHZN8DZE4ChDF9AF6BAgJEAI&usg=AOvVaw2iHUmDqinCrEJF11etn5ue,The first monthly decline in prices in nearly five years also suggested softening demand amid recession fears and led markets to anticipate Fed could cut...,2001
3 days ago,Argentine workers launch widespread 24-hour strike against Milei's austerity measures,Reuters,https://www.reuters.com/sustainability/sustainable-finance-reporting/argentine-workers-launch-widespread-24-hour-strike-against-mileis-austerity-2025-04-10/&ved=2ahUKEwj9npS77NeMAxVpsFYBHZN8DZE4ChDF9AF6BAgFEAI&usg=AOvVaw1q90iJjyhLGuGCACIdfshT,"Argentina's largest workers' unions kicked off a massive 24-hour strike on Thursday, bringing trains, planes and ports to a halt as they protested against...",2001
3 days ago,"From Daikin to Samsung, companies fight Modi over e-waste policy",Reuters,https://www.reuters.com/world/india/daikin-samsung-companies-fight-modi-over-e-waste-policy-2025-04-11/&ved=2ahUKEwj9npS77NeMAxVpsFYBHZN8DZE4ChDF9AF6BAgHEAI&usg=AOvVaw2uTOO0HJ4KkYA7hYCVbjcg,India wants to tackle its mounting e-waste problem. Global electronics companies say the cost is too high.,2001
3 days ago,Take Five: Riders on the storm,Reuters,https://www.reuters.com/business/take-five/global-markets-themes-graphic-2025-04-11/&ved=2ahUKEwj9npS77NeMAxVpsFYBHZN8DZE4ChDF9AF6BAgIEAI&usg=AOvVaw1NLPIsxKp89BFk7nLrA_R8,"The global trade war might have been reduced to a battle between Beijing and Washington for now, but a bruising week for markets has left policymakers at...",2001
3 days ago,"ECB ready to deploy its instruments to maintain financial stability, Lagarde says",Reuters,https://www.reuters.com/business/finance/ecb-ready-deploy-its-instruments-maintain-financial-stability-lagarde-says-2025-04-11/&ved=2ahUKEwj9npS77NeMAxVpsFYBHZN8DZE4ChDF9AF6BAgEEAI&usg=AOvVaw2nFHGfqYLk9VFb_GuN_VU6,The European Central Bank is ready to deploy its instruments to maintain financial stability and has a solid track record in devising new tools when...,2001
3 days ago,CBOT corn rally more than justified by US supply cuts,Reuters,https://www.reuters.com/markets/commodities/cbot-corn-rally-more-than-justified-by-us-supply-cuts-braun-2025-04-10/&ved=2ahUKEwj9npS77NeMAxVpsFYBHZN8DZE4ChDF9AF6BAgKEAI&usg=AOvVaw0PAKzMcMa81OYdje07zaED,"Chicago corn futures have shot nearly 5% higher so far this week despite gratuitous geopolitical uncertainties, especially when it comes to the United...",2001
3 days ago,Mercedes to end engagement in small vans segment,Reuters,https://www.reuters.com/business/autos-transportation/mercedes-discontinue-citan-t-class-models-automobilwoche-reports-2025-04-11/&ved=2ahUKEwj9npS77NeMAxVpsFYBHZN8DZE4ChDF9AF6BAgBEAI&usg=AOvVaw2sKOnD-Ioo3B02nASwFCwM,"Mercedes-Benz said on Friday it is shifting focus towards midsize and large vans and ending engagement in the smaller category, after the Automobilwoche...",2001
3 days ago,"Thailand will cut tariffs on US corn imports, minister says",Reuters,https://www.reuters.com/markets/commodities/thailand-will-cut-tariffs-us-corn-imports-minister-says-2025-04-11/&ved=2ahUKEwjmyNa57NeMAxWtr1YBHbeXERAQxfQBegQIBBAC&usg=AOvVaw24n53tGS1_BLuV_cbAjMyC,"Thailand will cut tariffs on imports of corn from the United States, but volumes still need to be finalised, the finance minister said on Friday.",2001
3 days ago,"Thailand will cut tariffs on US corn imports, minister says",Reuters,https://www.reuters.com/markets/commodities/thailand-will-cut-tariffs-us-corn-imports-minister-says-2025-04-11/&ved=2ahUKEwj79p247NeMAxV_k1YBHWdtMs0QxfQBegQIBhAC&usg=AOvVaw2MzrRt-R8YAzAAxRtcXn5i,"Thailand will cut tariffs on imports of corn from the United States, but volumes still need to be finalised, the finance minister said on Friday.",2001
4 days ago,"Rhine shipping costs in Germany rise as river level falls, but rain forecast",Reuters,https://www.reuters.com/business/autos-transportation/rhine-shipping-costs-germany-rise-river-level-falls-rain-forecast-2025-04-10/&ved=2ahUKEwj9npS77NeMAxVpsFYBHZN8DZE4ChDF9AF6BAgGEAI&usg=AOvVaw17dQqWVeRF-tR0pTMllY6S,"Freight shipping costs on the Rhine river in Germany surged this week as water levels fell further, compelling vessels to sail less than half full,...",2001
4 days ago,"Chilean miner Codelco logging strong Q2 demand from China, chairman says",Reuters,https://www.reuters.com/markets/commodities/chilean-miner-codelco-logging-strong-q2-demand-china-chairman-says-2025-04-10/&ved=2ahUKEwj9npS77NeMAxVpsFYBHZN8DZE4ChDF9AF6BAgDEAI&usg=AOvVaw34GjS6befL2Q3XB49BTWRF,"Chilean copper giant Codelco is seeing strong demand for the red metal from China in the second quarter, the firm's chairman told Reuters on Thursday.",2001
1 hour ago,"Argentine peso slides after FX controls eased, bonds jump",Reuters,https://www.reuters.com/markets/currencies/wall-st-expects-argentina-market-boost-imf-deal-big-shift-fx-controls-2025-04-14/&ved=2ahUKEwjmyNa57NeMAxWtr1YBHbeXERAQxfQBegQIBRAC&usg=AOvVaw2WCryyEvsH8y0bdUs1ftp8,The Argentine peso slid around 9% on Monday morning while bonds gained after Buenos Aires sealed a $20 billion loan program with the International Monetary...,2001
1 hour ago,"Argentine peso slides after FX controls eased, bonds jump",Reuters,https://www.reuters.com/markets/currencies/wall-st-expects-argentina-market-boost-imf-deal-big-shift-fx-controls-2025-04-14/&ved=2ahUKEwj79p247NeMAxV_k1YBHWdtMs0QxfQBegQIAxAC&usg=AOvVaw0FdzZkONbRHeoySr9dERkK,The Argentine peso slid around 9% on Monday morning while bonds gained after Buenos Aires sealed a $20 billion loan program with the International Monetary...,2001
3 hours ago,"‘No lettuce, no Big Mac’: why Beth Hart is steering McDonald’s towards regenerative agriculture",Reuters,https://www.reuters.com/sustainability/land-use-biodiversity/no-lettuce-no-big-mac-why-beth-hart-is-steering-mcdonalds-towards-regenerative-2025-04-14/&ved=2ahUKEwjmyNa57NeMAxWtr1YBHbeXERAQxfQBegQIChAC&usg=AOvVaw0hlUR9GdsYIa1arLzPb4B8,"In August 2020, when McDonald's announced an initiative with farmers in Nebraska to improve soil health, techniques like cover cropping and reduced tillage...",2001
3 hours ago,"‘No lettuce, no Big Mac’: why Beth Hart is steering McDonald’s towards regenerative agriculture",Reuters,https://www.reuters.com/sustainability/land-use-biodiversity/no-lettuce-no-big-mac-why-beth-hart-is-steering-mcdonalds-towards-regenerative-2025-04-14/&ved=2ahUKEwj79p247NeMAxV_k1YBHWdtMs0QxfQBegQIChAC&usg=AOvVaw2Tt_gSwXQ3xSd7yqQ2CItH,"In August 2020, when McDonald's announced an initiative with farmers in Nebraska to improve soil health, techniques like cover cropping and reduced tillage...",2001
4 hours ago,Patient corn bulls emerge victorious post tariff onslaught,Reuters,https://www.reuters.com/markets/commodities/patient-corn-bulls-emerge-victorious-post-tariff-onslaught-braun-2025-04-13/&ved=2ahUKEwjmyNa57NeMAxWtr1YBHbeXERAQxfQBegQICBAC&usg=AOvVaw2MxR4gs8-OSrKQOcYiif7u,"After building immensely bullish bets, speculators in late February rode out Chicago corn's worst downturn in over a year as the United States prepared to...",2001
4 hours ago,Holcim spin-off of North American business planned for June,Reuters,https://www.reuters.com/business/holcim-spin-off-north-american-business-planned-june-2025-04-14/&ved=2ahUKEwj79p247NeMAxV_k1YBHWdtMs0QxfQBegQIBRAC&usg=AOvVaw2mi_gOXQ_m426h9gEYKp61,"The planned spin-off of Holcim's North American business should take place in June, subject to the approval of shareholders at its May 14 annual general...",2001
4 hours ago,Patient corn bulls emerge victorious post tariff onslaught,Reuters,https://www.reuters.com/markets/commodities/patient-corn-bulls-emerge-victorious-post-tariff-onslaught-braun-2025-04-13/&ved=2ahUKEwj79p247NeMAxV_k1YBHWdtMs0QxfQBegQIBBAC&usg=AOvVaw26AGdvspsExBr2r1bhekcy,"After building immensely bullish bets, speculators in late February rode out Chicago corn's worst downturn in over a year as the United States prepared to...",2001
5 hours ago,Holcim spin-off of North American business planned for June,Reuters,https://www.reuters.com/business/holcim-spin-off-north-american-business-planned-june-2025-04-14/&ved=2ahUKEwjmyNa57NeMAxWtr1YBHbeXERAQxfQBegQIBxAC&usg=AOvVaw3NfhzFUDbCD_bBsQSXRxGj,"The planned spin-off of Holcim's North American business should take place in June, subject to the approval of shareholders at its May 14 annual general...",2001
9 hours ago,Thailand says to discuss tariffs with United States on April 21,Reuters,https://www.reuters.com/markets/asia/thailand-says-discuss-tariffs-with-united-states-april-21-2025-04-14/&ved=2ahUKEwjmyNa57NeMAxWtr1YBHbeXERAQxfQBegQIARAC&usg=AOvVaw0Rnt9IR_KSjzpxTZYaqQcM,Thailand's finance and commerce ministers will lead a delegation to the United States to meet Trump administration officials and push for relief from...,2001
9 hours ago,Thailand says to discuss tariffs with United States on April 21,Reuters,https://www.reuters.com/markets/asia/thailand-says-discuss-tariffs-with-united-states-april-21-2025-04-14/&ved=2ahUKEwj79p247NeMAxV_k1YBHWdtMs0QxfQBegQIARAC&usg=AOvVaw08RPOlWr5TfJZtmROMjGZz,Thailand's finance and commerce ministers will lead a delegation to the United States to meet Trump administration officials and push for relief from...,2001
2 days ago,Estonian navy detains Russia-bound oil tanker in Baltic Sea,Reuters,https://www.reuters.com/world/europe/estonian-navy-detains-boards-russia-bound-oil-tanker-baltic-sea-2025-04-11/&ved=2ahUKEwjmyNa57NeMAxWtr1YBHbeXERAQxfQBegQICRAC&usg=AOvVaw0viuIqQLHOEySkqNLHAp-N,"The Estonian navy detained and boarded a Russia-bound oil tanker on an EU sanctions list on Friday, accusing it of sailing illegally without a valid country...",2001
2 days ago,"Argentina soy, once parched, now has too much rain",Reuters,https://www.reuters.com/sustainability/land-use-biodiversity/argentina-soy-once-parched-now-has-too-much-rain-2025-04-11/&ved=2ahUKEwjmyNa57NeMAxWtr1YBHbeXERAQxfQBegQIAxAC&usg=AOvVaw3aNOh_1Mn2Qmf7taCWhLs0,"Drenched Argentine fields due to heavy rains in the country's farm heartland are raising fears of soybean losses and delayed sales of the 2024/25 crop,...",2001
2 days ago,Argentina and the IMF: a troubled history,Reuters,https://www.reuters.com/world/americas/argentina-imf-troubled-history-2025-04-12/&ved=2ahUKEwjmyNa57NeMAxWtr1YBHbeXERAQxfQBegQIAhAC&usg=AOvVaw02LcK-VGV6XE3f6o5TtQak,"Argentina is already the IMF's largest debtor, by far, and the recipient of the most IMF bailouts in history since it joined in September 1956.",2001
2 days ago,"Magnitude 5.95 earthquake strikes Papua New Guinea's New Britain region, GFZ says",Reuters,https://www.reuters.com/business/environment/magnitude-595-earthquake-strikes-papua-new-guineas-new-britain-region-gfz-says-2025-04-12/&ved=2ahUKEwjmyNa57NeMAxWtr1YBHbeXERAQxfQBegQIBhAC&usg=AOvVaw0UOTxqdUb_kg-aQgpqK5ZH,,2001
2 days ago,Estonian navy detains Russia-bound oil tanker in Baltic Sea,Reuters,https://www.reuters.com/world/europe/estonian-navy-detains-boards-russia-bound-oil-tanker-baltic-sea-2025-04-11/&ved=2ahUKEwj79p247NeMAxV_k1YBHWdtMs0QxfQBegQICRAC&usg=AOvVaw2FrxfEWl-KA-4zFXcgTQ_P,"The Estonian navy detained and boarded a Russia-bound oil tanker on an EU sanctions list on Friday, accusing it of sailing illegally without a valid country...",2001
2 days ago,"Argentina soy, once parched, now has too much rain",Reuters,https://www.reuters.com/sustainability/land-use-biodiversity/argentina-soy-once-parched-now-has-too-much-rain-2025-04-11/&ved=2ahUKEwj79p247NeMAxV_k1YBHWdtMs0QxfQBegQICBAC&usg=AOvVaw3Oo18PAANBgeU3ZzUW9WjT,"Drenched Argentine fields due to heavy rains in the country's farm heartland are raising fears of soybean losses and delayed sales of the 2024/25 crop,...",2001
2 days ago,Argentina and the IMF: a troubled history,Reuters,https://www.reuters.com/world/americas/argentina-imf-troubled-history-2025-04-12/&ved=2ahUKEwj79p247NeMAxV_k1YBHWdtMs0QxfQBegQIBxAC&usg=AOvVaw2GxbRZ4A6FxXxzdlUe4REJ,"Argentina is already the IMF's largest debtor, by far, and the recipient of the most IMF bailouts in history since it joined in September 1956.",2001
2 days ago,"Magnitude 5.95 earthquake strikes Papua New Guinea's New Britain region, GFZ says",Reuters,https://www.reuters.com/business/environment/magnitude-595-earthquake-strikes-papua-new-guineas-new-britain-region-gfz-says-2025-04-12/&ved=2ahUKEwj79p247NeMAxV_k1YBHWdtMs0QxfQBegQIAhAC&usg=AOvVaw1AadIQ7Ox5D0wQTKf9SfU9,,2001
3 days ago,Relief for Spain's feed makers as EU delays tariff on US corn,Reuters,https://www.reuters.com/markets/commodities/relief-spains-feed-makers-eu-delays-tariff-us-corn-2025-04-10/&ved=2ahUKEwj9npS77NeMAxVpsFYBHZN8DZE4ChDF9AF6BAgCEAI&usg=AOvVaw10v0EUe6IkH5M9QgaRPULC,"A delay to EU tariffs against U.S. goods has brought respite for Spain's livestock feed sector that has heavily bought U.S. corn this season,...",2001
3 days ago,US consumer inflation eases ahead of tariffs,Reuters,https://www.reuters.com/markets/us/us-consumer-prices-unexpectedly-fall-march-2025-04-10/&ved=2ahUKEwj9npS77NeMAxVpsFYBHZN8DZE4ChDF9AF6BAgJEAI&usg=AOvVaw2iHUmDqinCrEJF11etn5ue,The first monthly decline in prices in nearly five years also suggested softening demand amid recession fears and led markets to anticipate Fed could cut...,2001
3 days ago,Argentine workers launch widespread 24-hour strike against Milei's austerity measures,Reuters,https://www.reuters.com/sustainability/sustainable-finance-reporting/argentine-workers-launch-widespread-24-hour-strike-against-mileis-austerity-2025-04-10/&ved=2ahUKEwj9npS77NeMAxVpsFYBHZN8DZE4ChDF9AF6BAgFEAI&usg=AOvVaw1q90iJjyhLGuGCACIdfshT,"Argentina's largest workers' unions kicked off a massive 24-hour strike on Thursday, bringing trains, planes and ports to a halt as they protested against...",2001
3 days ago,"From Daikin to Samsung, companies fight Modi over e-waste policy",Reuters,https://www.reuters.com/world/india/daikin-samsung-companies-fight-modi-over-e-waste-policy-2025-04-11/&ved=2ahUKEwj9npS77NeMAxVpsFYBHZN8DZE4ChDF9AF6BAgHEAI&usg=AOvVaw2uTOO0HJ4KkYA7hYCVbjcg,India wants to tackle its mounting e-waste problem. Global electronics companies say the cost is too high.,2001
3 days ago,Take Five: Riders on the storm,Reuters,https://www.reuters.com/business/take-five/global-markets-themes-graphic-2025-04-11/&ved=2ahUKEwj9npS77NeMAxVpsFYBHZN8DZE4ChDF9AF6BAgIEAI&usg=AOvVaw1NLPIsxKp89BFk7nLrA_R8,"The global trade war might have been reduced to a battle between Beijing and Washington for now, but a bruising week for markets has left policymakers at...",2001
3 days ago,"ECB ready to deploy its instruments to maintain financial stability, Lagarde says",Reuters,https://www.reuters.com/business/finance/ecb-ready-deploy-its-instruments-maintain-financial-stability-lagarde-says-2025-04-11/&ved=2ahUKEwj9npS77NeMAxVpsFYBHZN8DZE4ChDF9AF6BAgEEAI&usg=AOvVaw2nFHGfqYLk9VFb_GuN_VU6,The European Central Bank is ready to deploy its instruments to maintain financial stability and has a solid track record in devising new tools when...,2001
3 days ago,CBOT corn rally more than justified by US supply cuts,Reuters,https://www.reuters.com/markets/commodities/cbot-corn-rally-more-than-justified-by-us-supply-cuts-braun-2025-04-10/&ved=2ahUKEwj9npS77NeMAxVpsFYBHZN8DZE4ChDF9AF6BAgKEAI&usg=AOvVaw0PAKzMcMa81OYdje07zaED,"Chicago corn futures have shot nearly 5% higher so far this week despite gratuitous geopolitical uncertainties, especially when it comes to the United...",2001
3 days ago,Mercedes to end engagement in small vans segment,Reuters,https://www.reuters.com/business/autos-transportation/mercedes-discontinue-citan-t-class-models-automobilwoche-reports-2025-04-11/&ved=2ahUKEwj9npS77NeMAxVpsFYBHZN8DZE4ChDF9AF6BAgBEAI&usg=AOvVaw2sKOnD-Ioo3B02nASwFCwM,"Mercedes-Benz said on Friday it is shifting focus towards midsize and large vans and ending engagement in the smaller category, after the Automobilwoche...",2001
3 days ago,"Thailand will cut tariffs on US corn imports, minister says",Reuters,https://www.reuters.com/markets/commodities/thailand-will-cut-tariffs-us-corn-imports-minister-says-2025-04-11/&ved=2ahUKEwjmyNa57NeMAxWtr1YBHbeXERAQxfQBegQIBBAC&usg=AOvVaw24n53tGS1_BLuV_cbAjMyC,"Thailand will cut tariffs on imports of corn from the United States, but volumes still need to be finalised, the finance minister said on Friday.",2001
3 days ago,"Thailand will cut tariffs on US corn imports, minister says",Reuters,https://www.reuters.com/markets/commodities/thailand-will-cut-tariffs-us-corn-imports-minister-says-2025-04-11/&ved=2ahUKEwj79p247NeMAxV_k1YBHWdtMs0QxfQBegQIBhAC&usg=AOvVaw2MzrRt-R8YAzAAxRtcXn5i,"Thailand will cut tariffs on imports of corn from the United States, but volumes still need to be finalised, the finance minister said on Friday.",2001
4 days ago,"Rhine shipping costs in Germany rise as river level falls, but rain forecast",Reuters,https://www.reuters.com/business/autos-transportation/rhine-shipping-costs-germany-rise-river-level-falls-rain-forecast-2025-04-10/&ved=2ahUKEwj9npS77NeMAxVpsFYBHZN8DZE4ChDF9AF6BAgGEAI&usg=AOvVaw17dQqWVeRF-tR0pTMllY6S,"Freight shipping costs on the Rhine river in Germany surged this week as water levels fell further, compelling vessels to sail less than half full,...",2001
4 days ago,"Chilean miner Codelco logging strong Q2 demand from China, chairman says",Reuters,https://www.reuters.com/markets/commodities/chilean-miner-codelco-logging-strong-q2-demand-china-chairman-says-2025-04-10/&ved=2ahUKEwj9npS77NeMAxVpsFYBHZN8DZE4ChDF9AF6BAgDEAI&usg=AOvVaw34GjS6befL2Q3XB49BTWRF,"Chilean copper giant Codelco is seeing strong demand for the red metal from China in the second quarter, the firm's chairman told Reuters on Thursday.",2001
1 hour ago,"Argentine peso slides after FX controls eased, bonds jump",Reuters,https://www.reuters.com/markets/currencies/wall-st-expects-argentina-market-boost-imf-deal-big-shift-fx-controls-2025-04-14/&ved=2ahUKEwjv7Zi97NeMAxVTh1YBHVR7FtgQxfQBegQIBBAC&usg=AOvVaw2D5fr2K7TBQIj1p2OPiE1M,The Argentine peso slid around 9% on Monday morning while bonds gained after Buenos Aires sealed a $20 billion loan program with the International Monetary...,2002
1 hour ago,"Argentine peso slides after FX controls eased, bonds jump",Reuters,https://www.reuters.com/markets/currencies/wall-st-expects-argentina-market-boost-imf-deal-big-shift-fx-controls-2025-04-14/&ved=2ahUKEwiB-be87NeMAxUnklYBHew2OkMQxfQBegQICBAC&usg=AOvVaw2TPH8D6Q0JZeWrraZgC12Z,The Argentine peso slid around 9% on Monday morning while bonds gained after Buenos Aires sealed a $20 billion loan program with the International Monetary...,2002
3 hours ago,"‘No lettuce, no Big Mac’: why Beth Hart is steering McDonald’s towards regenerative agriculture",Reuters,https://www.reuters.com/sustainability/land-use-biodiversity/no-lettuce-no-big-mac-why-beth-hart-is-steering-mcdonalds-towards-regenerative-2025-04-14/&ved=2ahUKEwjv7Zi97NeMAxVTh1YBHVR7FtgQxfQBegQIChAC&usg=AOvVaw2FchuqKkV-f7lgW6UkBhuP,"In August 2020, when McDonald's announced an initiative with farmers in Nebraska to improve soil health, techniques like cover cropping and reduced tillage...",2002
3 hours ago,"‘No lettuce, no Big Mac’: why Beth Hart is steering McDonald’s towards regenerative agriculture",Reuters,https://www.reuters.com/sustainability/land-use-biodiversity/no-lettuce-no-big-mac-why-beth-hart-is-steering-mcdonalds-towards-regenerative-2025-04-14/&ved=2ahUKEwiB-be87NeMAxUnklYBHew2OkMQxfQBegQIChAC&usg=AOvVaw10UzZ9BeVMN1iu5BZD86NX,"In August 2020, when McDonald's announced an initiative with farmers in Nebraska to improve soil health, techniques like cover cropping and reduced tillage...",2002
4 hours ago,Patient corn bulls emerge victorious post tariff onslaught,Reuters,https://www.reuters.com/markets/commodities/patient-corn-bulls-emerge-victorious-post-tariff-onslaught-braun-2025-04-13/&ved=2ahUKEwjv7Zi97NeMAxVTh1YBHVR7FtgQxfQBegQIBxAC&usg=AOvVaw1Rl28yrePT2sI2ZcEczJgn,"After building immensely bullish bets, speculators in late February rode out Chicago corn's worst downturn in over a year as the United States prepared to...",2002
4 hours ago,Patient corn bulls emerge victorious post tariff onslaught,Reuters,https://www.reuters.com/markets/commodities/patient-corn-bulls-emerge-victorious-post-tariff-onslaught-braun-2025-04-13/&ved=2ahUKEwiB-be87NeMAxUnklYBHew2OkMQxfQBegQIBhAC&usg=AOvVaw0m4FtklpT4Cs9gYwwA85eW,"After building immensely bullish bets, speculators in late February rode out Chicago corn's worst downturn in over a year as the United States prepared to...",2002
5 hours ago,Holcim spin-off of North American business planned for June,Reuters,https://www.reuters.com/business/holcim-spin-off-north-american-business-planned-june-2025-04-14/&ved=2ahUKEwjv7Zi97NeMAxVTh1YBHVR7FtgQxfQBegQIARAC&usg=AOvVaw0L1os5-ANt2bry6cwBl0-N,"The planned spin-off of Holcim's North American business should take place in June, subject to the approval of shareholders at its May 14 annual general...",2002
5 hours ago,Holcim spin-off of North American business planned for June,Reuters,https://www.reuters.com/business/holcim-spin-off-north-american-business-planned-june-2025-04-14/&ved=2ahUKEwiB-be87NeMAxUnklYBHew2OkMQxfQBegQICRAC&usg=AOvVaw3Oxho4R3HPMNmT_HAdTVSI,"The planned spin-off of Holcim's North American business should take place in June, subject to the approval of shareholders at its May 14 annual general...",2002
9 hours ago,Thailand says to discuss tariffs with United States on April 21,Reuters,https://www.reuters.com/markets/asia/thailand-says-discuss-tariffs-with-united-states-april-21-2025-04-14/&ved=2ahUKEwjv7Zi97NeMAxVTh1YBHVR7FtgQxfQBegQICBAC&usg=AOvVaw1xiOr-nrlcmUtlmtuei_cx,Thailand's finance and commerce ministers will lead a delegation to the United States to meet Trump administration officials and push for relief from...,2002
9 hours ago,Thailand says to discuss tariffs with United States on April 21,Reuters,https://www.reuters.com/markets/asia/thailand-says-discuss-tariffs-with-united-states-april-21-2025-04-14/&ved=2ahUKEwiB-be87NeMAxUnklYBHew2OkMQxfQBegQIBBAC&usg=AOvVaw0CDipQ-BYDuizKT-_Uv7sr,Thailand's finance and commerce ministers will lead a delegation to the United States to meet Trump administration officials and push for relief from...,2002
2 days ago,Estonian navy detains Russia-bound oil tanker in Baltic Sea,Reuters,https://www.reuters.com/world/europe/estonian-navy-detains-boards-russia-bound-oil-tanker-baltic-sea-2025-04-11/&ved=2ahUKEwjv7Zi97NeMAxVTh1YBHVR7FtgQxfQBegQIAhAC&usg=AOvVaw1yy-5YU4EVwJLyTECm0Qvq,"The Estonian navy detained and boarded a Russia-bound oil tanker on an EU sanctions list on Friday, accusing it of sailing illegally without a valid country...",2002
2 days ago,"Argentina soy, once parched, now has too much rain",Reuters,https://www.reuters.com/sustainability/land-use-biodiversity/argentina-soy-once-parched-now-has-too-much-rain-2025-04-11/&ved=2ahUKEwjv7Zi97NeMAxVTh1YBHVR7FtgQxfQBegQIBRAC&usg=AOvVaw3tPh-Zn01tb7WKm51__i_e,"Drenched Argentine fields due to heavy rains in the country's farm heartland are raising fears of soybean losses and delayed sales of the 2024/25 crop,...",2002
2 days ago,Argentina and the IMF: a troubled history,Reuters,https://www.reuters.com/world/americas/argentina-imf-troubled-history-2025-04-12/&ved=2ahUKEwjv7Zi97NeMAxVTh1YBHVR7FtgQxfQBegQIBhAC&usg=AOvVaw35yu5a6iuNKQaU8_SN-1B9,"Argentina is already the IMF's largest debtor, by far, and the recipient of the most IMF bailouts in history since it joined in September 1956.",2002
2 days ago,"Magnitude 5.95 earthquake strikes Papua New Guinea's New Britain region, GFZ says",Reuters,https://www.reuters.com/business/environment/magnitude-595-earthquake-strikes-papua-new-guineas-new-britain-region-gfz-says-2025-04-12/&ved=2ahUKEwjv7Zi97NeMAxVTh1YBHVR7FtgQxfQBegQIAxAC&usg=AOvVaw0-tGzSbsbvcUtnW1SIDITZ,,2002
2 days ago,Estonian navy detains Russia-bound oil tanker in Baltic Sea,Reuters,https://www.reuters.com/world/europe/estonian-navy-detains-boards-russia-bound-oil-tanker-baltic-sea-2025-04-11/&ved=2ahUKEwiB-be87NeMAxUnklYBHew2OkMQxfQBegQIARAC&usg=AOvVaw0Aj4PR4K8mqteSfqN2-NFP,"The Estonian navy detained and boarded a Russia-bound oil tanker on an EU sanctions list on Friday, accusing it of sailing illegally without a valid country...",2002
2 days ago,"Argentina soy, once parched, now has too much rain",Reuters,https://www.reuters.com/sustainability/land-use-biodiversity/argentina-soy-once-parched-now-has-too-much-rain-2025-04-11/&ved=2ahUKEwiB-be87NeMAxUnklYBHew2OkMQxfQBegQIAxAC&usg=AOvVaw1TYcDVgx2tlVU_YlRAUbll,"Drenched Argentine fields due to heavy rains in the country's farm heartland are raising fears of soybean losses and delayed sales of the 2024/25 crop,...",2002
2 days ago,Argentina and the IMF: a troubled history,Reuters,https://www.reuters.com/world/americas/argentina-imf-troubled-history-2025-04-12/&ved=2ahUKEwiB-be87NeMAxUnklYBHew2OkMQxfQBegQIAhAC&usg=AOvVaw3Ff9TyEKtxoh_Y382Xfkdx,"Argentina is already the IMF's largest debtor, by far, and the recipient of the most IMF bailouts in history since it joined in September 1956.",2002
2 days ago,"Magnitude 5.95 earthquake strikes Papua New Guinea's New Britain region, GFZ says",Reuters,https://www.reuters.com/business/environment/magnitude-595-earthquake-strikes-papua-new-guineas-new-britain-region-gfz-says-2025-04-12/&ved=2ahUKEwiB-be87NeMAxUnklYBHew2OkMQxfQBegQIBRAC&usg=AOvVaw2Uh3FtZLWJ3KelGmz8VAbB,,2002
3 days ago,Relief for Spain's feed makers as EU delays tariff on US corn,Reuters,https://www.reuters.com/markets/commodities/relief-spains-feed-makers-eu-delays-tariff-us-corn-2025-04-10/&ved=2ahUKEwjv88u-7NeMAxWAsVYBHcxvK0w4ChDF9AF6BAgCEAI&usg=AOvVaw1HcLt9LceVemyHGK3R43kD,"A delay to EU tariffs against U.S. goods has brought respite for Spain's livestock feed sector that has heavily bought U.S. corn this season,...",2002
3 days ago,US consumer inflation eases ahead of tariffs,Reuters,https://www.reuters.com/markets/us/us-consumer-prices-unexpectedly-fall-march-2025-04-10/&ved=2ahUKEwjv88u-7NeMAxWAsVYBHcxvK0w4ChDF9AF6BAgGEAI&usg=AOvVaw0N_E8FPf2G0MisveXIwo3V,The first monthly decline in prices in nearly five years also suggested softening demand amid recession fears and led markets to anticipate Fed could cut...,2002
3 days ago,Argentine workers launch widespread 24-hour strike against Milei's austerity measures,Reuters,https://www.reuters.com/sustainability/sustainable-finance-reporting/argentine-workers-launch-widespread-24-hour-strike-against-mileis-austerity-2025-04-10/&ved=2ahUKEwjv88u-7NeMAxWAsVYBHcxvK0w4ChDF9AF6BAgBEAI&usg=AOvVaw3rIHjua5zwklTiros32Mwr,"Argentina's largest workers' unions kicked off a massive 24-hour strike on Thursday, bringing trains, planes and ports to a halt as they protested against...",2002
3 days ago,"From Daikin to Samsung, companies fight Modi over e-waste policy",Reuters,https://www.reuters.com/world/india/daikin-samsung-companies-fight-modi-over-e-waste-policy-2025-04-11/&ved=2ahUKEwjv88u-7NeMAxWAsVYBHcxvK0w4ChDF9AF6BAgJEAI&usg=AOvVaw0qoQpaVCLsUPnfPc4Jutt9,India wants to tackle its mounting e-waste problem. Global electronics companies say the cost is too high.,2002
3 days ago,Take Five: Riders on the storm,Reuters,https://www.reuters.com/business/take-five/global-markets-themes-graphic-2025-04-11/&ved=2ahUKEwjv88u-7NeMAxWAsVYBHcxvK0w4ChDF9AF6BAgIEAI&usg=AOvVaw0i7QLWVVI9PqB86O7oBkiH,"The global trade war might have been reduced to a battle between Beijing and Washington for now, but a bruising week for markets has left policymakers at...",2002
3 days ago,"ECB ready to deploy its instruments to maintain financial stability, Lagarde says",Reuters,https://www.reuters.com/business/finance/ecb-ready-deploy-its-instruments-maintain-financial-stability-lagarde-says-2025-04-11/&ved=2ahUKEwjv88u-7NeMAxWAsVYBHcxvK0w4ChDF9AF6BAgDEAI&usg=AOvVaw1yubYxnP0oifqwJeIAnTTb,The European Central Bank is ready to deploy its instruments to maintain financial stability and has a solid track record in devising new tools when...,2002
3 days ago,CBOT corn rally more than justified by US supply cuts,Reuters,https://www.reuters.com/markets/commodities/cbot-corn-rally-more-than-justified-by-us-supply-cuts-braun-2025-04-10/&ved=2ahUKEwjv88u-7NeMAxWAsVYBHcxvK0w4ChDF9AF6BAgKEAI&usg=AOvVaw1ayXcMitBKR9Xhp5IdL2D3,"Chicago corn futures have shot nearly 5% higher so far this week despite gratuitous geopolitical uncertainties, especially when it comes to the United...",2002
3 days ago,Mercedes to end engagement in small vans segment,Reuters,https://www.reuters.com/business/autos-transportation/mercedes-discontinue-citan-t-class-models-automobilwoche-reports-2025-04-11/&ved=2ahUKEwjv88u-7NeMAxWAsVYBHcxvK0w4ChDF9AF6BAgFEAI&usg=AOvVaw0huHgBIeB_lXUdjWL4grfz,"Mercedes-Benz said on Friday it is shifting focus towards midsize and large vans and ending engagement in the smaller category, after the Automobilwoche...",2002
3 days ago,"Thailand will cut tariffs on US corn imports, minister says",Reuters,https://www.reuters.com/markets/commodities/thailand-will-cut-tariffs-us-corn-imports-minister-says-2025-04-11/&ved=2ahUKEwjv7Zi97NeMAxVTh1YBHVR7FtgQxfQBegQICRAC&usg=AOvVaw0vF7n9OISeTLZHqrhC6vBa,"Thailand will cut tariffs on imports of corn from the United States, but volumes still need to be finalised, the finance minister said on Friday.",2002
3 days ago,"Thailand will cut tariffs on US corn imports, minister says",Reuters,https://www.reuters.com/markets/commodities/thailand-will-cut-tariffs-us-corn-imports-minister-says-2025-04-11/&ved=2ahUKEwiB-be87NeMAxUnklYBHew2OkMQxfQBegQIBxAC&usg=AOvVaw247-eYcoFACcXDfvauu_D1,"Thailand will cut tariffs on imports of corn from the United States, but volumes still need to be finalised, the finance minister said on Friday.",2002
4 days ago,"Rhine shipping costs in Germany rise as river level falls, but rain forecast",Reuters,https://www.reuters.com/business/autos-transportation/rhine-shipping-costs-germany-rise-river-level-falls-rain-forecast-2025-04-10/&ved=2ahUKEwjv88u-7NeMAxWAsVYBHcxvK0w4ChDF9AF6BAgHEAI&usg=AOvVaw3zVLNwNRVX_dkilNQTH-QX,"Freight shipping costs on the Rhine river in Germany surged this week as water levels fell further, compelling vessels to sail less than half full,...",2002
4 days ago,"Chilean miner Codelco logging strong Q2 demand from China, chairman says",Reuters,https://www.reuters.com/markets/commodities/chilean-miner-codelco-logging-strong-q2-demand-china-chairman-says-2025-04-10/&ved=2ahUKEwjv88u-7NeMAxWAsVYBHcxvK0w4ChDF9AF6BAgEEAI&usg=AOvVaw0lTEqpWIR-bB1gJrsdUKHa,"Chilean copper giant Codelco is seeing strong demand for the red metal from China in the second quarter, the firm's chairman told Reuters on Thursday.",2002
1 hour ago,"Argentine peso slides after FX controls eased, bonds jump",Reuters,https://www.reuters.com/markets/currencies/wall-st-expects-argentina-market-boost-imf-deal-big-shift-fx-controls-2025-04-14/&ved=2ahUKEwjv7Zi97NeMAxVTh1YBHVR7FtgQxfQBegQIBBAC&usg=AOvVaw2D5fr2K7TBQIj1p2OPiE1M,The Argentine peso slid around 9% on Monday morning while bonds gained after Buenos Aires sealed a $20 billion loan program with the International Monetary...,2002
1 hour ago,"Argentine peso slides after FX controls eased, bonds jump",Reuters,https://www.reuters.com/markets/currencies/wall-st-expects-argentina-market-boost-imf-deal-big-shift-fx-controls-2025-04-14/&ved=2ahUKEwiB-be87NeMAxUnklYBHew2OkMQxfQBegQICBAC&usg=AOvVaw2TPH8D6Q0JZeWrraZgC12Z,The Argentine peso slid around 9% on Monday morning while bonds gained after Buenos Aires sealed a $20 billion loan program with the International Monetary...,2002
3 hours ago,"‘No lettuce, no Big Mac’: why Beth Hart is steering McDonald’s towards regenerative agriculture",Reuters,https://www.reuters.com/sustainability/land-use-biodiversity/no-lettuce-no-big-mac-why-beth-hart-is-steering-mcdonalds-towards-regenerative-2025-04-14/&ved=2ahUKEwjv7Zi97NeMAxVTh1YBHVR7FtgQxfQBegQIChAC&usg=AOvVaw2FchuqKkV-f7lgW6UkBhuP,"In August 2020, when McDonald's announced an initiative with farmers in Nebraska to improve soil health, techniques like cover cropping and reduced tillage...",2002
3 hours ago,"‘No lettuce, no Big Mac’: why Beth Hart is steering McDonald’s towards regenerative agriculture",Reuters,https://www.reuters.com/sustainability/land-use-biodiversity/no-lettuce-no-big-mac-why-beth-hart-is-steering-mcdonalds-towards-regenerative-2025-04-14/&ved=2ahUKEwiB-be87NeMAxUnklYBHew2OkMQxfQBegQIChAC&usg=AOvVaw10UzZ9BeVMN1iu5BZD86NX,"In August 2020, when McDonald's announced an initiative with farmers in Nebraska to improve soil health, techniques like cover cropping and reduced tillage...",2002
4 hours ago,Patient corn bulls emerge victorious post tariff onslaught,Reuters,https://www.reuters.com/markets/commodities/patient-corn-bulls-emerge-victorious-post-tariff-onslaught-braun-2025-04-13/&ved=2ahUKEwjv7Zi97NeMAxVTh1YBHVR7FtgQxfQBegQIBxAC&usg=AOvVaw1Rl28yrePT2sI2ZcEczJgn,"After building immensely bullish bets, speculators in late February rode out Chicago corn's worst downturn in over a year as the United States prepared to...",2002
4 hours ago,Patient corn bulls emerge victorious post tariff onslaught,Reuters,https://www.reuters.com/markets/commodities/patient-corn-bulls-emerge-victorious-post-tariff-onslaught-braun-2025-04-13/&ved=2ahUKEwiB-be87NeMAxUnklYBHew2OkMQxfQBegQIBhAC&usg=AOvVaw0m4FtklpT4Cs9gYwwA85eW,"After building immensely bullish bets, speculators in late February rode out Chicago corn's worst downturn in over a year as the United States prepared to...",2002
5 hours ago,Holcim spin-off of North American business planned for June,Reuters,https://www.reuters.com/business/holcim-spin-off-north-american-business-planned-june-2025-04-14/&ved=2ahUKEwjv7Zi97NeMAxVTh1YBHVR7FtgQxfQBegQIARAC&usg=AOvVaw0L1os5-ANt2bry6cwBl0-N,"The planned spin-off of Holcim's North American business should take place in June, subject to the approval of shareholders at its May 14 annual general...",2002
5 hours ago,Holcim spin-off of North American business planned for June,Reuters,https://www.reuters.com/business/holcim-spin-off-north-american-business-planned-june-2025-04-14/&ved=2ahUKEwiB-be87NeMAxUnklYBHew2OkMQxfQBegQICRAC&usg=AOvVaw3Oxho4R3HPMNmT_HAdTVSI,"The planned spin-off of Holcim's North American business should take place in June, subject to the approval of shareholders at its May 14 annual general...",2002
9 hours ago,Thailand says to discuss tariffs with United States on April 21,Reuters,https://www.reuters.com/markets/asia/thailand-says-discuss-tariffs-with-united-states-april-21-2025-04-14/&ved=2ahUKEwjv7Zi97NeMAxVTh1YBHVR7FtgQxfQBegQICBAC&usg=AOvVaw1xiOr-nrlcmUtlmtuei_cx,Thailand's finance and commerce ministers will lead a delegation to the United States to meet Trump administration officials and push for relief from...,2002
9 hours ago,Thailand says to discuss tariffs with United States on April 21,Reuters,https://www.reuters.com/markets/asia/thailand-says-discuss-tariffs-with-united-states-april-21-2025-04-14/&ved=2ahUKEwiB-be87NeMAxUnklYBHew2OkMQxfQBegQIBBAC&usg=AOvVaw0CDipQ-BYDuizKT-_Uv7sr,Thailand's finance and commerce ministers will lead a delegation to the United States to meet Trump administration officials and push for relief from...,2002
2 days ago,Estonian navy detains Russia-bound oil tanker in Baltic Sea,Reuters,https://www.reuters.com/world/europe/estonian-navy-detains-boards-russia-bound-oil-tanker-baltic-sea-2025-04-11/&ved=2ahUKEwjv7Zi97NeMAxVTh1YBHVR7FtgQxfQBegQIAhAC&usg=AOvVaw1yy-5YU4EVwJLyTECm0Qvq,"The Estonian navy detained and boarded a Russia-bound oil tanker on an EU sanctions list on Friday, accusing it of sailing illegally without a valid country...",2002
2 days ago,"Argentina soy, once parched, now has too much rain",Reuters,https://www.reuters.com/sustainability/land-use-biodiversity/argentina-soy-once-parched-now-has-too-much-rain-2025-04-11/&ved=2ahUKEwjv7Zi97NeMAxVTh1YBHVR7FtgQxfQBegQIBRAC&usg=AOvVaw3tPh-Zn01tb7WKm51__i_e,"Drenched Argentine fields due to heavy rains in the country's farm heartland are raising fears of soybean losses and delayed sales of the 2024/25 crop,...",2002
2 days ago,Argentina and the IMF: a troubled history,Reuters,https://www.reuters.com/world/americas/argentina-imf-troubled-history-2025-04-12/&ved=2ahUKEwjv7Zi97NeMAxVTh1YBHVR7FtgQxfQBegQIBhAC&usg=AOvVaw35yu5a6iuNKQaU8_SN-1B9,"Argentina is already the IMF's largest debtor, by far, and the recipient of the most IMF bailouts in history since it joined in September 1956.",2002
2 days ago,"Magnitude 5.95 earthquake strikes Papua New Guinea's New Britain region, GFZ says",Reuters,https://www.reuters.com/business/environment/magnitude-595-earthquake-strikes-papua-new-guineas-new-britain-region-gfz-says-2025-04-12/&ved=2ahUKEwjv7Zi97NeMAxVTh1YBHVR7FtgQxfQBegQIAxAC&usg=AOvVaw0-tGzSbsbvcUtnW1SIDITZ,,2002
2 days ago,Estonian navy detains Russia-bound oil tanker in Baltic Sea,Reuters,https://www.reuters.com/world/europe/estonian-navy-detains-boards-russia-bound-oil-tanker-baltic-sea-2025-04-11/&ved=2ahUKEwiB-be87NeMAxUnklYBHew2OkMQxfQBegQIARAC&usg=AOvVaw0Aj4PR4K8mqteSfqN2-NFP,"The Estonian navy detained and boarded a Russia-bound oil tanker on an EU sanctions list on Friday, accusing it of sailing illegally without a valid country...",2002
2 days ago,"Argentina soy, once parched, now has too much rain",Reuters,https://www.reuters.com/sustainability/land-use-biodiversity/argentina-soy-once-parched-now-has-too-much-rain-2025-04-11/&ved=2ahUKEwiB-be87NeMAxUnklYBHew2OkMQxfQBegQIAxAC&usg=AOvVaw1TYcDVgx2tlVU_YlRAUbll,"Drenched Argentine fields due to heavy rains in the country's farm heartland are raising fears of soybean losses and delayed sales of the 2024/25 crop,...",2002
2 days ago,Argentina and the IMF: a troubled history,Reuters,https://www.reuters.com/world/americas/argentina-imf-troubled-history-2025-04-12/&ved=2ahUKEwiB-be87NeMAxUnklYBHew2OkMQxfQBegQIAhAC&usg=AOvVaw3Ff9TyEKtxoh_Y382Xfkdx,"Argentina is already the IMF's largest debtor, by far, and the recipient of the most IMF bailouts in history since it joined in September 1956.",2002
2 days ago,"Magnitude 5.95 earthquake strikes Papua New Guinea's New Britain region, GFZ says",Reuters,https://www.reuters.com/business/environment/magnitude-595-earthquake-strikes-papua-new-guineas-new-britain-region-gfz-says-2025-04-12/&ved=2ahUKEwiB-be87NeMAxUnklYBHew2OkMQxfQBegQIBRAC&usg=AOvVaw2Uh3FtZLWJ3KelGmz8VAbB,,2002
3 days ago,Relief for Spain's feed makers as EU delays tariff on US corn,Reuters,https://www.reuters.com/markets/commodities/relief-spains-feed-makers-eu-delays-tariff-us-corn-2025-04-10/&ved=2ahUKEwjv88u-7NeMAxWAsVYBHcxvK0w4ChDF9AF6BAgCEAI&usg=AOvVaw1HcLt9LceVemyHGK3R43kD,"A delay to EU tariffs against U.S. goods has brought respite for Spain's livestock feed sector that has heavily bought U.S. corn this season,...",2002
3 days ago,US consumer inflation eases ahead of tariffs,Reuters,https://www.reuters.com/markets/us/us-consumer-prices-unexpectedly-fall-march-2025-04-10/&ved=2ahUKEwjv88u-7NeMAxWAsVYBHcxvK0w4ChDF9AF6BAgGEAI&usg=AOvVaw0N_E8FPf2G0MisveXIwo3V,The first monthly decline in prices in nearly five years also suggested softening demand amid recession fears and led markets to anticipate Fed could cut...,2002
3 days ago,Argentine workers launch widespread 24-hour strike against Milei's austerity measures,Reuters,https://www.reuters.com/sustainability/sustainable-finance-reporting/argentine-workers-launch-widespread-24-hour-strike-against-mileis-austerity-2025-04-10/&ved=2ahUKEwjv88u-7NeMAxWAsVYBHcxvK0w4ChDF9AF6BAgBEAI&usg=AOvVaw3rIHjua5zwklTiros32Mwr,"Argentina's largest workers' unions kicked off a massive 24-hour strike on Thursday, bringing trains, planes and ports to a halt as they protested against...",2002
3 days ago,"From Daikin to Samsung, companies fight Modi over e-waste policy",Reuters,https://www.reuters.com/world/india/daikin-samsung-companies-fight-modi-over-e-waste-policy-2025-04-11/&ved=2ahUKEwjv88u-7NeMAxWAsVYBHcxvK0w4ChDF9AF6BAgJEAI&usg=AOvVaw0qoQpaVCLsUPnfPc4Jutt9,India wants to tackle its mounting e-waste problem. Global electronics companies say the cost is too high.,2002
3 days ago,Take Five: Riders on the storm,Reuters,https://www.reuters.com/business/take-five/global-markets-themes-graphic-2025-04-11/&ved=2ahUKEwjv88u-7NeMAxWAsVYBHcxvK0w4ChDF9AF6BAgIEAI&usg=AOvVaw0i7QLWVVI9PqB86O7oBkiH,"The global trade war might have been reduced to a battle between Beijing and Washington for now, but a bruising week for markets has left policymakers at...",2002
3 days ago,"ECB ready to deploy its instruments to maintain financial stability, Lagarde says",Reuters,https://www.reuters.com/business/finance/ecb-ready-deploy-its-instruments-maintain-financial-stability-lagarde-says-2025-04-11/&ved=2ahUKEwjv88u-7NeMAxWAsVYBHcxvK0w4ChDF9AF6BAgDEAI&usg=AOvVaw1yubYxnP0oifqwJeIAnTTb,The European Central Bank is ready to deploy its instruments to maintain financial stability and has a solid track record in devising new tools when...,2002
3 days ago,CBOT corn rally more than justified by US supply cuts,Reuters,https://www.reuters.com/markets/commodities/cbot-corn-rally-more-than-justified-by-us-supply-cuts-braun-2025-04-10/&ved=2ahUKEwjv88u-7NeMAxWAsVYBHcxvK0w4ChDF9AF6BAgKEAI&usg=AOvVaw1ayXcMitBKR9Xhp5IdL2D3,"Chicago corn futures have shot nearly 5% higher so far this week despite gratuitous geopolitical uncertainties, especially when it comes to the United...",2002
3 days ago,Mercedes to end engagement in small vans segment,Reuters,https://www.reuters.com/business/autos-transportation/mercedes-discontinue-citan-t-class-models-automobilwoche-reports-2025-04-11/&ved=2ahUKEwjv88u-7NeMAxWAsVYBHcxvK0w4ChDF9AF6BAgFEAI&usg=AOvVaw0huHgBIeB_lXUdjWL4grfz,"Mercedes-Benz said on Friday it is shifting focus towards midsize and large vans and ending engagement in the smaller category, after the Automobilwoche...",2002
3 days ago,"Thailand will cut tariffs on US corn imports, minister says",Reuters,https://www.reuters.com/markets/commodities/thailand-will-cut-tariffs-us-corn-imports-minister-says-2025-04-11/&ved=2ahUKEwjv7Zi97NeMAxVTh1YBHVR7FtgQxfQBegQICRAC&usg=AOvVaw0vF7n9OISeTLZHqrhC6vBa,"Thailand will cut tariffs on imports of corn from the United States, but volumes still need to be finalised, the finance minister said on Friday.",2002
3 days ago,"Thailand will cut tariffs on US corn imports, minister says",Reuters,https://www.reuters.com/markets/commodities/thailand-will-cut-tariffs-us-corn-imports-minister-says-2025-04-11/&ved=2ahUKEwiB-be87NeMAxUnklYBHew2OkMQxfQBegQIBxAC&usg=AOvVaw247-eYcoFACcXDfvauu_D1,"Thailand will cut tariffs on imports of corn from the United States, but volumes still need to be finalised, the finance minister said on Friday.",2002
4 days ago,"Rhine shipping costs in Germany rise as river level falls, but rain forecast",Reuters,https://www.reuters.com/business/autos-transportation/rhine-shipping-costs-germany-rise-river-level-falls-rain-forecast-2025-04-10/&ved=2ahUKEwjv88u-7NeMAxWAsVYBHcxvK0w4ChDF9AF6BAgHEAI&usg=AOvVaw3zVLNwNRVX_dkilNQTH-QX,"Freight shipping costs on the Rhine river in Germany surged this week as water levels fell further, compelling vessels to sail less than half full,...",2002
4 days ago,"Chilean miner Codelco logging strong Q2 demand from China, chairman says",Reuters,https://www.reuters.com/markets/commodities/chilean-miner-codelco-logging-strong-q2-demand-china-chairman-says-2025-04-10/&ved=2ahUKEwjv88u-7NeMAxWAsVYBHcxvK0w4ChDF9AF6BAgEEAI&usg=AOvVaw0lTEqpWIR-bB1gJrsdUKHa,"Chilean copper giant Codelco is seeing strong demand for the red metal from China in the second quarter, the firm's chairman told Reuters on Thursday.",2002
1 hour ago,"Argentine peso slides after FX controls eased, bonds jump",Reuters,https://www.reuters.com/markets/currencies/wall-st-expects-argentina-market-boost-imf-deal-big-shift-fx-controls-2025-04-14/&ved=2ahUKEwif0t7A7NeMAxXo4zQHHZKnKugQxfQBegQIAhAC&usg=AOvVaw0HHSWZaEdvONIKmDp896By,The Argentine peso slid around 9% on Monday morning while bonds gained after Buenos Aires sealed a $20 billion loan program with the International Monetary...,2003
1 hour ago,"Argentine peso slides after FX controls eased, bonds jump",Reuters,https://www.reuters.com/markets/currencies/wall-st-expects-argentina-market-boost-imf-deal-big-shift-fx-controls-2025-04-14/&ved=2ahUKEwj6p_q_7NeMAxUWgFYBHb1KBXwQxfQBegQIAhAC&usg=AOvVaw050IPx2VbfbI_y9cwOyZEX,The Argentine peso slid around 9% on Monday morning while bonds gained after Buenos Aires sealed a $20 billion loan program with the International Monetary...,2003
3 hours ago,"‘No lettuce, no Big Mac’: why Beth Hart is steering McDonald’s towards regenerative agriculture",Reuters,https://www.reuters.com/sustainability/land-use-biodiversity/no-lettuce-no-big-mac-why-beth-hart-is-steering-mcdonalds-towards-regenerative-2025-04-14/&ved=2ahUKEwif0t7A7NeMAxXo4zQHHZKnKugQxfQBegQIChAC&usg=AOvVaw3dJP7GxWFHvInmi_U1H3Rr,"In August 2020, when McDonald's announced an initiative with farmers in Nebraska to improve soil health, techniques like cover cropping and reduced tillage...",2003
3 hours ago,"‘No lettuce, no Big Mac’: why Beth Hart is steering McDonald’s towards regenerative agriculture",Reuters,https://www.reuters.com/sustainability/land-use-biodiversity/no-lettuce-no-big-mac-why-beth-hart-is-steering-mcdonalds-towards-regenerative-2025-04-14/&ved=2ahUKEwj6p_q_7NeMAxUWgFYBHb1KBXwQxfQBegQIChAC&usg=AOvVaw2122aWmmJkUluh7MQbOOx1,"In August 2020, when McDonald's announced an initiative with farmers in Nebraska to improve soil health, techniques like cover cropping and reduced tillage...",2003
4 hours ago,Patient corn bulls emerge victorious post tariff onslaught,Reuters,https://www.reuters.com/markets/commodities/patient-corn-bulls-emerge-victorious-post-tariff-onslaught-braun-2025-04-13/&ved=2ahUKEwif0t7A7NeMAxXo4zQHHZKnKugQxfQBegQIAxAC&usg=AOvVaw1VDM5mYHK2I_vrtXPZQ5Vc,"After building immensely bullish bets, speculators in late February rode out Chicago corn's worst downturn in over a year as the United States prepared to...",2003
4 hours ago,Patient corn bulls emerge victorious post tariff onslaught,Reuters,https://www.reuters.com/markets/commodities/patient-corn-bulls-emerge-victorious-post-tariff-onslaught-braun-2025-04-13/&ved=2ahUKEwj6p_q_7NeMAxUWgFYBHb1KBXwQxfQBegQIARAC&usg=AOvVaw0-rXKIuOKhX0sg6-WFsS1i,"After building immensely bullish bets, speculators in late February rode out Chicago corn's worst downturn in over a year as the United States prepared to...",2003
5 hours ago,Holcim spin-off of North American business planned for June,Reuters,https://www.reuters.com/business/holcim-spin-off-north-american-business-planned-june-2025-04-14/&ved=2ahUKEwif0t7A7NeMAxXo4zQHHZKnKugQxfQBegQICRAC&usg=AOvVaw2XRlicV2it9Clje5hc70Yw,"The planned spin-off of Holcim's North American business should take place in June, subject to the approval of shareholders at its May 14 annual general...",2003
5 hours ago,Holcim spin-off of North American business planned for June,Reuters,https://www.reuters.com/business/holcim-spin-off-north-american-business-planned-june-2025-04-14/&ved=2ahUKEwj6p_q_7NeMAxUWgFYBHb1KBXwQxfQBegQIBxAC&usg=AOvVaw2y9DK1VbcrPkmXnKG3J8JQ,"The planned spin-off of Holcim's North American business should take place in June, subject to the approval of shareholders at its May 14 annual general...",2003
9 hours ago,Thailand says to discuss tariffs with United States on April 21,Reuters,https://www.reuters.com/markets/asia/thailand-says-discuss-tariffs-with-united-states-april-21-2025-04-14/&ved=2ahUKEwif0t7A7NeMAxXo4zQHHZKnKugQxfQBegQIBBAC&usg=AOvVaw0YOzHGmgl5v_DPwQgr5NJL,Thailand's finance and commerce ministers will lead a delegation to the United States to meet Trump administration officials and push for relief from...,2003
9 hours ago,Thailand says to discuss tariffs with United States on April 21,Reuters,https://www.reuters.com/markets/asia/thailand-says-discuss-tariffs-with-united-states-april-21-2025-04-14/&ved=2ahUKEwj6p_q_7NeMAxUWgFYBHb1KBXwQxfQBegQICBAC&usg=AOvVaw1mj59B4Z46gLfjc15ksSFu,Thailand's finance and commerce ministers will lead a delegation to the United States to meet Trump administration officials and push for relief from...,2003
2 days ago,Estonian navy detains Russia-bound oil tanker in Baltic Sea,Reuters,https://www.reuters.com/world/europe/estonian-navy-detains-boards-russia-bound-oil-tanker-baltic-sea-2025-04-11/&ved=2ahUKEwif0t7A7NeMAxXo4zQHHZKnKugQxfQBegQIBRAC&usg=AOvVaw0THMWDtOFV_V2HRqnqtBIn,"The Estonian navy detained and boarded a Russia-bound oil tanker on an EU sanctions list on Friday, accusing it of sailing illegally without a valid country...",2003
2 days ago,"Argentina soy, once parched, now has too much rain",Reuters,https://www.reuters.com/sustainability/land-use-biodiversity/argentina-soy-once-parched-now-has-too-much-rain-2025-04-11/&ved=2ahUKEwif0t7A7NeMAxXo4zQHHZKnKugQxfQBegQIARAC&usg=AOvVaw1Hvy3pKWh5AdFMsDy0YAu7,"Drenched Argentine fields due to heavy rains in the country's farm heartland are raising fears of soybean losses and delayed sales of the 2024/25 crop,...",2003
2 days ago,Argentina and the IMF: a troubled history,Reuters,https://www.reuters.com/world/americas/argentina-imf-troubled-history-2025-04-12/&ved=2ahUKEwif0t7A7NeMAxXo4zQHHZKnKugQxfQBegQICBAC&usg=AOvVaw3C3jdXdzF9ofOE6imCf7gf,"Argentina is already the IMF's largest debtor, by far, and the recipient of the most IMF bailouts in history since it joined in September 1956.",2003
2 days ago,"Magnitude 5.95 earthquake strikes Papua New Guinea's New Britain region, GFZ says",Reuters,https://www.reuters.com/business/environment/magnitude-595-earthquake-strikes-papua-new-guineas-new-britain-region-gfz-says-2025-04-12/&ved=2ahUKEwif0t7A7NeMAxXo4zQHHZKnKugQxfQBegQIBxAC&usg=AOvVaw028PHx1LUzET4mZUgXR_IZ,,2003
2 days ago,Estonian navy detains Russia-bound oil tanker in Baltic Sea,Reuters,https://www.reuters.com/world/europe/estonian-navy-detains-boards-russia-bound-oil-tanker-baltic-sea-2025-04-11/&ved=2ahUKEwj6p_q_7NeMAxUWgFYBHb1KBXwQxfQBegQIBBAC&usg=AOvVaw2_YZCo7w0ZkEKHnGyfb3tD,"The Estonian navy detained and boarded a Russia-bound oil tanker on an EU sanctions list on Friday, accusing it of sailing illegally without a valid country...",2003
2 days ago,"Argentina soy, once parched, now has too much rain",Reuters,https://www.reuters.com/sustainability/land-use-biodiversity/argentina-soy-once-parched-now-has-too-much-rain-2025-04-11/&ved=2ahUKEwj6p_q_7NeMAxUWgFYBHb1KBXwQxfQBegQICRAC&usg=AOvVaw3Lqd_Ak56qpcAnFPDDNEHc,"Drenched Argentine fields due to heavy rains in the country's farm heartland are raising fears of soybean losses and delayed sales of the 2024/25 crop,...",2003
2 days ago,Argentina and the IMF: a troubled history,Reuters,https://www.reuters.com/world/americas/argentina-imf-troubled-history-2025-04-12/&ved=2ahUKEwj6p_q_7NeMAxUWgFYBHb1KBXwQxfQBegQIBRAC&usg=AOvVaw2dkeDwn9bNXa3V3NOlRMzJ,"Argentina is already the IMF's largest debtor, by far, and the recipient of the most IMF bailouts in history since it joined in September 1956.",2003
2 days ago,"Magnitude 5.95 earthquake strikes Papua New Guinea's New Britain region, GFZ says",Reuters,https://www.reuters.com/business/environment/magnitude-595-earthquake-strikes-papua-new-guineas-new-britain-region-gfz-says-2025-04-12/&ved=2ahUKEwj6p_q_7NeMAxUWgFYBHb1KBXwQxfQBegQIBhAC&usg=AOvVaw15x_4Qrt02tlHrfBqNityk,,2003
3 days ago,Relief for Spain's feed makers as EU delays tariff on US corn,Reuters,https://www.reuters.com/markets/commodities/relief-spains-feed-makers-eu-delays-tariff-us-corn-2025-04-10/&ved=2ahUKEwjQ38LB7NeMAxWuqFYBHdzeCc44ChDF9AF6BAgIEAI&usg=AOvVaw0PXsT95VLxoishqrXptpx8,"A delay to EU tariffs against U.S. goods has brought respite for Spain's livestock feed sector that has heavily bought U.S. corn this season,...",2003
3 days ago,US consumer inflation eases ahead of tariffs,Reuters,https://www.reuters.com/markets/us/us-consumer-prices-unexpectedly-fall-march-2025-04-10/&ved=2ahUKEwjQ38LB7NeMAxWuqFYBHdzeCc44ChDF9AF6BAgCEAI&usg=AOvVaw0TWmsTxq5WMQBS-coa5ftm,The first monthly decline in prices in nearly five years also suggested softening demand amid recession fears and led markets to anticipate Fed could cut...,2003
3 days ago,Argentine workers launch widespread 24-hour strike against Milei's austerity measures,Reuters,https://www.reuters.com/sustainability/sustainable-finance-reporting/argentine-workers-launch-widespread-24-hour-strike-against-mileis-austerity-2025-04-10/&ved=2ahUKEwjQ38LB7NeMAxWuqFYBHdzeCc44ChDF9AF6BAgDEAI&usg=AOvVaw09pfccsmiA3vhDfVaBo_Nc,"Argentina's largest workers' unions kicked off a massive 24-hour strike on Thursday, bringing trains, planes and ports to a halt as they protested against...",2003
3 days ago,"From Daikin to Samsung, companies fight Modi over e-waste policy",Reuters,https://www.reuters.com/world/india/daikin-samsung-companies-fight-modi-over-e-waste-policy-2025-04-11/&ved=2ahUKEwjQ38LB7NeMAxWuqFYBHdzeCc44ChDF9AF6BAgEEAI&usg=AOvVaw3xIqGjKVvNDTbYSelhUclo,India wants to tackle its mounting e-waste problem. Global electronics companies say the cost is too high.,2003
3 days ago,Take Five: Riders on the storm,Reuters,https://www.reuters.com/business/take-five/global-markets-themes-graphic-2025-04-11/&ved=2ahUKEwjQ38LB7NeMAxWuqFYBHdzeCc44ChDF9AF6BAgFEAI&usg=AOvVaw1_l_gDbhOtYaUpp-Zgmgu2,"The global trade war might have been reduced to a battle between Beijing and Washington for now, but a bruising week for markets has left policymakers at...",2003
3 days ago,"ECB ready to deploy its instruments to maintain financial stability, Lagarde says",Reuters,https://www.reuters.com/business/finance/ecb-ready-deploy-its-instruments-maintain-financial-stability-lagarde-says-2025-04-11/&ved=2ahUKEwjQ38LB7NeMAxWuqFYBHdzeCc44ChDF9AF6BAgJEAI&usg=AOvVaw0ig0O1laqS1dr1-oayMZGR,The European Central Bank is ready to deploy its instruments to maintain financial stability and has a solid track record in devising new tools when...,2003
3 days ago,CBOT corn rally more than justified by US supply cuts,Reuters,https://www.reuters.com/markets/commodities/cbot-corn-rally-more-than-justified-by-us-supply-cuts-braun-2025-04-10/&ved=2ahUKEwjQ38LB7NeMAxWuqFYBHdzeCc44ChDF9AF6BAgKEAI&usg=AOvVaw1UdkK_xImTjwX5qnOkrkNG,"Chicago corn futures have shot nearly 5% higher so far this week despite gratuitous geopolitical uncertainties, especially when it comes to the United...",2003
3 days ago,Mercedes to end engagement in small vans segment,Reuters,https://www.reuters.com/business/autos-transportation/mercedes-discontinue-citan-t-class-models-automobilwoche-reports-2025-04-11/&ved=2ahUKEwjQ38LB7NeMAxWuqFYBHdzeCc44ChDF9AF6BAgHEAI&usg=AOvVaw2jx4fIjqabCNNNEhVsEj4K,"Mercedes-Benz said on Friday it is shifting focus towards midsize and large vans and ending engagement in the smaller category, after the Automobilwoche...",2003
3 days ago,"Thailand will cut tariffs on US corn imports, minister says",Reuters,https://www.reuters.com/markets/commodities/thailand-will-cut-tariffs-us-corn-imports-minister-says-2025-04-11/&ved=2ahUKEwif0t7A7NeMAxXo4zQHHZKnKugQxfQBegQIBhAC&usg=AOvVaw2byaUOUGfimCg6rj8Ihb5-,"Thailand will cut tariffs on imports of corn from the United States, but volumes still need to be finalised, the finance minister said on Friday.",2003
3 days ago,"Thailand will cut tariffs on US corn imports, minister says",Reuters,https://www.reuters.com/markets/commodities/thailand-will-cut-tariffs-us-corn-imports-minister-says-2025-04-11/&ved=2ahUKEwj6p_q_7NeMAxUWgFYBHb1KBXwQxfQBegQIAxAC&usg=AOvVaw3v8s7EdvooJGPcY2vjdtIe,"Thailand will cut tariffs on imports of corn from the United States, but volumes still need to be finalised, the finance minister said on Friday.",2003
4 days ago,"Rhine shipping costs in Germany rise as river level falls, but rain forecast",Reuters,https://www.reuters.com/business/autos-transportation/rhine-shipping-costs-germany-rise-river-level-falls-rain-forecast-2025-04-10/&ved=2ahUKEwjQ38LB7NeMAxWuqFYBHdzeCc44ChDF9AF6BAgBEAI&usg=AOvVaw1Ta9mpdOHADaKRuQ4Ljrv7,"Freight shipping costs on the Rhine river in Germany surged this week as water levels fell further, compelling vessels to sail less than half full,...",2003
4 days ago,"Chilean miner Codelco logging strong Q2 demand from China, chairman says",Reuters,https://www.reuters.com/markets/commodities/chilean-miner-codelco-logging-strong-q2-demand-china-chairman-says-2025-04-10/&ved=2ahUKEwjQ38LB7NeMAxWuqFYBHdzeCc44ChDF9AF6BAgGEAI&usg=AOvVaw2Xx8ZmyId7C8mRDgxVsXgL,"Chilean copper giant Codelco is seeing strong demand for the red metal from China in the second quarter, the firm's chairman told Reuters on Thursday.",2003
1 hour ago,"Argentine peso slides after FX controls eased, bonds jump",Reuters,https://www.reuters.com/markets/currencies/wall-st-expects-argentina-market-boost-imf-deal-big-shift-fx-controls-2025-04-14/&ved=2ahUKEwif0t7A7NeMAxXo4zQHHZKnKugQxfQBegQIAhAC&usg=AOvVaw0HHSWZaEdvONIKmDp896By,The Argentine peso slid around 9% on Monday morning while bonds gained after Buenos Aires sealed a $20 billion loan program with the International Monetary...,2003
1 hour ago,"Argentine peso slides after FX controls eased, bonds jump",Reuters,https://www.reuters.com/markets/currencies/wall-st-expects-argentina-market-boost-imf-deal-big-shift-fx-controls-2025-04-14/&ved=2ahUKEwj6p_q_7NeMAxUWgFYBHb1KBXwQxfQBegQIAhAC&usg=AOvVaw050IPx2VbfbI_y9cwOyZEX,The Argentine peso slid around 9% on Monday morning while bonds gained after Buenos Aires sealed a $20 billion loan program with the International Monetary...,2003
3 hours ago,"‘No lettuce, no Big Mac’: why Beth Hart is steering McDonald’s towards regenerative agriculture",Reuters,https://www.reuters.com/sustainability/land-use-biodiversity/no-lettuce-no-big-mac-why-beth-hart-is-steering-mcdonalds-towards-regenerative-2025-04-14/&ved=2ahUKEwif0t7A7NeMAxXo4zQHHZKnKugQxfQBegQIChAC&usg=AOvVaw3dJP7GxWFHvInmi_U1H3Rr,"In August 2020, when McDonald's announced an initiative with farmers in Nebraska to improve soil health, techniques like cover cropping and reduced tillage...",2003
3 hours ago,"‘No lettuce, no Big Mac’: why Beth Hart is steering McDonald’s towards regenerative agriculture",Reuters,https://www.reuters.com/sustainability/land-use-biodiversity/no-lettuce-no-big-mac-why-beth-hart-is-steering-mcdonalds-towards-regenerative-2025-04-14/&ved=2ahUKEwj6p_q_7NeMAxUWgFYBHb1KBXwQxfQBegQIChAC&usg=AOvVaw2122aWmmJkUluh7MQbOOx1,"In August 2020, when McDonald's announced an initiative with farmers in Nebraska to improve soil health, techniques like cover cropping and reduced tillage...",2003
4 hours ago,Patient corn bulls emerge victorious post tariff onslaught,Reuters,https://www.reuters.com/markets/commodities/patient-corn-bulls-emerge-victorious-post-tariff-onslaught-braun-2025-04-13/&ved=2ahUKEwif0t7A7NeMAxXo4zQHHZKnKugQxfQBegQIAxAC&usg=AOvVaw1VDM5mYHK2I_vrtXPZQ5Vc,"After building immensely bullish bets, speculators in late February rode out Chicago corn's worst downturn in over a year as the United States prepared to...",2003
4 hours ago,Patient corn bulls emerge victorious post tariff onslaught,Reuters,https://www.reuters.com/markets/commodities/patient-corn-bulls-emerge-victorious-post-tariff-onslaught-braun-2025-04-13/&ved=2ahUKEwj6p_q_7NeMAxUWgFYBHb1KBXwQxfQBegQIARAC&usg=AOvVaw0-rXKIuOKhX0sg6-WFsS1i,"After building immensely bullish bets, speculators in late February rode out Chicago corn's worst downturn in over a year as the United States prepared to...",2003
5 hours ago,Holcim spin-off of North American business planned for June,Reuters,https://www.reuters.com/business/holcim-spin-off-north-american-business-planned-june-2025-04-14/&ved=2ahUKEwif0t7A7NeMAxXo4zQHHZKnKugQxfQBegQICRAC&usg=AOvVaw2XRlicV2it9Clje5hc70Yw,"The planned spin-off of Holcim's North American business should take place in June, subject to the approval of shareholders at its May 14 annual general...",2003
5 hours ago,Holcim spin-off of North American business planned for June,Reuters,https://www.reuters.com/business/holcim-spin-off-north-american-business-planned-june-2025-04-14/&ved=2ahUKEwj6p_q_7NeMAxUWgFYBHb1KBXwQxfQBegQIBxAC&usg=AOvVaw2y9DK1VbcrPkmXnKG3J8JQ,"The planned spin-off of Holcim's North American business should take place in June, subject to the approval of shareholders at its May 14 annual general...",2003
9 hours ago,Thailand says to discuss tariffs with United States on April 21,Reuters,https://www.reuters.com/markets/asia/thailand-says-discuss-tariffs-with-united-states-april-21-2025-04-14/&ved=2ahUKEwif0t7A7NeMAxXo4zQHHZKnKugQxfQBegQIBBAC&usg=AOvVaw0YOzHGmgl5v_DPwQgr5NJL,Thailand's finance and commerce ministers will lead a delegation to the United States to meet Trump administration officials and push for relief from...,2003
9 hours ago,Thailand says to discuss tariffs with United States on April 21,Reuters,https://www.reuters.com/markets/asia/thailand-says-discuss-tariffs-with-united-states-april-21-2025-04-14/&ved=2ahUKEwj6p_q_7NeMAxUWgFYBHb1KBXwQxfQBegQICBAC&usg=AOvVaw1mj59B4Z46gLfjc15ksSFu,Thailand's finance and commerce ministers will lead a delegation to the United States to meet Trump administration officials and push for relief from...,2003
2 days ago,Estonian navy detains Russia-bound oil tanker in Baltic Sea,Reuters,https://www.reuters.com/world/europe/estonian-navy-detains-boards-russia-bound-oil-tanker-baltic-sea-2025-04-11/&ved=2ahUKEwif0t7A7NeMAxXo4zQHHZKnKugQxfQBegQIBRAC&usg=AOvVaw0THMWDtOFV_V2HRqnqtBIn,"The Estonian navy detained and boarded a Russia-bound oil tanker on an EU sanctions list on Friday, accusing it of sailing illegally without a valid country...",2003
2 days ago,"Argentina soy, once parched, now has too much rain",Reuters,https://www.reuters.com/sustainability/land-use-biodiversity/argentina-soy-once-parched-now-has-too-much-rain-2025-04-11/&ved=2ahUKEwif0t7A7NeMAxXo4zQHHZKnKugQxfQBegQIARAC&usg=AOvVaw1Hvy3pKWh5AdFMsDy0YAu7,"Drenched Argentine fields due to heavy rains in the country's farm heartland are raising fears of soybean losses and delayed sales of the 2024/25 crop,...",2003
2 days ago,Argentina and the IMF: a troubled history,Reuters,https://www.reuters.com/world/americas/argentina-imf-troubled-history-2025-04-12/&ved=2ahUKEwif0t7A7NeMAxXo4zQHHZKnKugQxfQBegQICBAC&usg=AOvVaw3C3jdXdzF9ofOE6imCf7gf,"Argentina is already the IMF's largest debtor, by far, and the recipient of the most IMF bailouts in history since it joined in September 1956.",2003
2 days ago,"Magnitude 5.95 earthquake strikes Papua New Guinea's New Britain region, GFZ says",Reuters,https://www.reuters.com/business/environment/magnitude-595-earthquake-strikes-papua-new-guineas-new-britain-region-gfz-says-2025-04-12/&ved=2ahUKEwif0t7A7NeMAxXo4zQHHZKnKugQxfQBegQIBxAC&usg=AOvVaw028PHx1LUzET4mZUgXR_IZ,,2003
2 days ago,Estonian navy detains Russia-bound oil tanker in Baltic Sea,Reuters,https://www.reuters.com/world/europe/estonian-navy-detains-boards-russia-bound-oil-tanker-baltic-sea-2025-04-11/&ved=2ahUKEwj6p_q_7NeMAxUWgFYBHb1KBXwQxfQBegQIBBAC&usg=AOvVaw2_YZCo7w0ZkEKHnGyfb3tD,"The Estonian navy detained and boarded a Russia-bound oil tanker on an EU sanctions list on Friday, accusing it of sailing illegally without a valid country...",2003
2 days ago,"Argentina soy, once parched, now has too much rain",Reuters,https://www.reuters.com/sustainability/land-use-biodiversity/argentina-soy-once-parched-now-has-too-much-rain-2025-04-11/&ved=2ahUKEwj6p_q_7NeMAxUWgFYBHb1KBXwQxfQBegQICRAC&usg=AOvVaw3Lqd_Ak56qpcAnFPDDNEHc,"Drenched Argentine fields due to heavy rains in the country's farm heartland are raising fears of soybean losses and delayed sales of the 2024/25 crop,...",2003
2 days ago,Argentina and the IMF: a troubled history,Reuters,https://www.reuters.com/world/americas/argentina-imf-troubled-history-2025-04-12/&ved=2ahUKEwj6p_q_7NeMAxUWgFYBHb1KBXwQxfQBegQIBRAC&usg=AOvVaw2dkeDwn9bNXa3V3NOlRMzJ,"Argentina is already the IMF's largest debtor, by far, and the recipient of the most IMF bailouts in history since it joined in September 1956.",2003
2 days ago,"Magnitude 5.95 earthquake strikes Papua New Guinea's New Britain region, GFZ says",Reuters,https://www.reuters.com/business/environment/magnitude-595-earthquake-strikes-papua-new-guineas-new-britain-region-gfz-says-2025-04-12/&ved=2ahUKEwj6p_q_7NeMAxUWgFYBHb1KBXwQxfQBegQIBhAC&usg=AOvVaw15x_4Qrt02tlHrfBqNityk,,2003
3 days ago,Relief for Spain's feed makers as EU delays tariff on US corn,Reuters,https://www.reuters.com/markets/commodities/relief-spains-feed-makers-eu-delays-tariff-us-corn-2025-04-10/&ved=2ahUKEwjQ38LB7NeMAxWuqFYBHdzeCc44ChDF9AF6BAgIEAI&usg=AOvVaw0PXsT95VLxoishqrXptpx8,"A delay to EU tariffs against U.S. goods has brought respite for Spain's livestock feed sector that has heavily bought U.S. corn this season,...",2003
3 days ago,US consumer inflation eases ahead of tariffs,Reuters,https://www.reuters.com/markets/us/us-consumer-prices-unexpectedly-fall-march-2025-04-10/&ved=2ahUKEwjQ38LB7NeMAxWuqFYBHdzeCc44ChDF9AF6BAgCEAI&usg=AOvVaw0TWmsTxq5WMQBS-coa5ftm,The first monthly decline in prices in nearly five years also suggested softening demand amid recession fears and led markets to anticipate Fed could cut...,2003
3 days ago,Argentine workers launch widespread 24-hour strike against Milei's austerity measures,Reuters,https://www.reuters.com/sustainability/sustainable-finance-reporting/argentine-workers-launch-widespread-24-hour-strike-against-mileis-austerity-2025-04-10/&ved=2ahUKEwjQ38LB7NeMAxWuqFYBHdzeCc44ChDF9AF6BAgDEAI&usg=AOvVaw09pfccsmiA3vhDfVaBo_Nc,"Argentina's largest workers' unions kicked off a massive 24-hour strike on Thursday, bringing trains, planes and ports to a halt as they protested against...",2003
3 days ago,"From Daikin to Samsung, companies fight Modi over e-waste policy",Reuters,https://www.reuters.com/world/india/daikin-samsung-companies-fight-modi-over-e-waste-policy-2025-04-11/&ved=2ahUKEwjQ38LB7NeMAxWuqFYBHdzeCc44ChDF9AF6BAgEEAI&usg=AOvVaw3xIqGjKVvNDTbYSelhUclo,India wants to tackle its mounting e-waste problem. Global electronics companies say the cost is too high.,2003
3 days ago,Take Five: Riders on the storm,Reuters,https://www.reuters.com/business/take-five/global-markets-themes-graphic-2025-04-11/&ved=2ahUKEwjQ38LB7NeMAxWuqFYBHdzeCc44ChDF9AF6BAgFEAI&usg=AOvVaw1_l_gDbhOtYaUpp-Zgmgu2,"The global trade war might have been reduced to a battle between Beijing and Washington for now, but a bruising week for markets has left policymakers at...",2003
3 days ago,"ECB ready to deploy its instruments to maintain financial stability, Lagarde says",Reuters,https://www.reuters.com/business/finance/ecb-ready-deploy-its-instruments-maintain-financial-stability-lagarde-says-2025-04-11/&ved=2ahUKEwjQ38LB7NeMAxWuqFYBHdzeCc44ChDF9AF6BAgJEAI&usg=AOvVaw0ig0O1laqS1dr1-oayMZGR,The European Central Bank is ready to deploy its instruments to maintain financial stability and has a solid track record in devising new tools when...,2003
3 days ago,CBOT corn rally more than justified by US supply cuts,Reuters,https://www.reuters.com/markets/commodities/cbot-corn-rally-more-than-justified-by-us-supply-cuts-braun-2025-04-10/&ved=2ahUKEwjQ38LB7NeMAxWuqFYBHdzeCc44ChDF9AF6BAgKEAI&usg=AOvVaw1UdkK_xImTjwX5qnOkrkNG,"Chicago corn futures have shot nearly 5% higher so far this week despite gratuitous geopolitical uncertainties, especially when it comes to the United...",2003
3 days ago,Mercedes to end engagement in small vans segment,Reuters,https://www.reuters.com/business/autos-transportation/mercedes-discontinue-citan-t-class-models-automobilwoche-reports-2025-04-11/&ved=2ahUKEwjQ38LB7NeMAxWuqFYBHdzeCc44ChDF9AF6BAgHEAI&usg=AOvVaw2jx4fIjqabCNNNEhVsEj4K,"Mercedes-Benz said on Friday it is shifting focus towards midsize and large vans and ending engagement in the smaller category, after the Automobilwoche...",2003
3 days ago,"Thailand will cut tariffs on US corn imports, minister says",Reuters,https://www.reuters.com/markets/commodities/thailand-will-cut-tariffs-us-corn-imports-minister-says-2025-04-11/&ved=2ahUKEwif0t7A7NeMAxXo4zQHHZKnKugQxfQBegQIBhAC&usg=AOvVaw2byaUOUGfimCg6rj8Ihb5-,"Thailand will cut tariffs on imports of corn from the United States, but volumes still need to be finalised, the finance minister said on Friday.",2003
3 days ago,"Thailand will cut tariffs on US corn imports, minister says",Reuters,https://www.reuters.com/markets/commodities/thailand-will-cut-tariffs-us-corn-imports-minister-says-2025-04-11/&ved=2ahUKEwj6p_q_7NeMAxUWgFYBHb1KBXwQxfQBegQIAxAC&usg=AOvVaw3v8s7EdvooJGPcY2vjdtIe,"Thailand will cut tariffs on imports of corn from the United States, but volumes still need to be finalised, the finance minister said on Friday.",2003
4 days ago,"Rhine shipping costs in Germany rise as river level falls, but rain forecast",Reuters,https://www.reuters.com/business/autos-transportation/rhine-shipping-costs-germany-rise-river-level-falls-rain-forecast-2025-04-10/&ved=2ahUKEwjQ38LB7NeMAxWuqFYBHdzeCc44ChDF9AF6BAgBEAI&usg=AOvVaw1Ta9mpdOHADaKRuQ4Ljrv7,"Freight shipping costs on the Rhine river in Germany surged this week as water levels fell further, compelling vessels to sail less than half full,...",2003
4 days ago,"Chilean miner Codelco logging strong Q2 demand from China, chairman says",Reuters,https://www.reuters.com/markets/commodities/chilean-miner-codelco-logging-strong-q2-demand-china-chairman-says-2025-04-10/&ved=2ahUKEwjQ38LB7NeMAxWuqFYBHdzeCc44ChDF9AF6BAgGEAI&usg=AOvVaw2Xx8ZmyId7C8mRDgxVsXgL,"Chilean copper giant Codelco is seeing strong demand for the red metal from China in the second quarter, the firm's chairman told Reuters on Thursday.",2003
1 hour ago,"Argentine peso slides after FX controls eased, bonds jump",Reuters,https://www.reuters.com/markets/currencies/wall-st-expects-argentina-market-boost-imf-deal-big-shift-fx-controls-2025-04-14/&ved=2ahUKEwjs58zD7NeMAxXZ1jQHHXOKERkQxfQBegQIAhAC&usg=AOvVaw0pu3YIXLOKjd2K80YdTMw0,The Argentine peso slid around 9% on Monday morning while bonds gained after Buenos Aires sealed a $20 billion loan program with the International Monetary...,2004
1 hour ago,"Argentine peso slides after FX controls eased, bonds jump",Reuters,https://www.reuters.com/markets/currencies/wall-st-expects-argentina-market-boost-imf-deal-big-shift-fx-controls-2025-04-14/&ved=2ahUKEwiQj-TC7NeMAxUI5TQHHXsUA1IQxfQBegQIBBAC&usg=AOvVaw3V8-0bfJ3QTug0M9wrMI_B,The Argentine peso slid around 9% on Monday morning while bonds gained after Buenos Aires sealed a $20 billion loan program with the International Monetary...,2004
3 hours ago,"‘No lettuce, no Big Mac’: why Beth Hart is steering McDonald’s towards regenerative agriculture",Reuters,https://www.reuters.com/sustainability/land-use-biodiversity/no-lettuce-no-big-mac-why-beth-hart-is-steering-mcdonalds-towards-regenerative-2025-04-14/&ved=2ahUKEwjs58zD7NeMAxXZ1jQHHXOKERkQxfQBegQIChAC&usg=AOvVaw1gI4qt4tgI0H-TxUBgLNJB,"In August 2020, when McDonald's announced an initiative with farmers in Nebraska to improve soil health, techniques like cover cropping and reduced tillage...",2004
3 hours ago,"‘No lettuce, no Big Mac’: why Beth Hart is steering McDonald’s towards regenerative agriculture",Reuters,https://www.reuters.com/sustainability/land-use-biodiversity/no-lettuce-no-big-mac-why-beth-hart-is-steering-mcdonalds-towards-regenerative-2025-04-14/&ved=2ahUKEwiQj-TC7NeMAxUI5TQHHXsUA1IQxfQBegQIChAC&usg=AOvVaw3a0HBrgKWzYIWODBt2sJyE,"In August 2020, when McDonald's announced an initiative with farmers in Nebraska to improve soil health, techniques like cover cropping and reduced tillage...",2004
4 hours ago,Patient corn bulls emerge victorious post tariff onslaught,Reuters,https://www.reuters.com/markets/commodities/patient-corn-bulls-emerge-victorious-post-tariff-onslaught-braun-2025-04-13/&ved=2ahUKEwjs58zD7NeMAxXZ1jQHHXOKERkQxfQBegQIBxAC&usg=AOvVaw2_dt4I9OieyHkvqfFTn3jN,"After building immensely bullish bets, speculators in late February rode out Chicago corn's worst downturn in over a year as the United States prepared to...",2004
4 hours ago,Patient corn bulls emerge victorious post tariff onslaught,Reuters,https://www.reuters.com/markets/commodities/patient-corn-bulls-emerge-victorious-post-tariff-onslaught-braun-2025-04-13/&ved=2ahUKEwiQj-TC7NeMAxUI5TQHHXsUA1IQxfQBegQICBAC&usg=AOvVaw3HY_a4gBoH4SYT_jXeZi0W,"After building immensely bullish bets, speculators in late February rode out Chicago corn's worst downturn in over a year as the United States prepared to...",2004
5 hours ago,Holcim spin-off of North American business planned for June,Reuters,https://www.reuters.com/business/holcim-spin-off-north-american-business-planned-june-2025-04-14/&ved=2ahUKEwjs58zD7NeMAxXZ1jQHHXOKERkQxfQBegQIAxAC&usg=AOvVaw13W3wuNkRCWXeoz7wVu8wg,"The planned spin-off of Holcim's North American business should take place in June, subject to the approval of shareholders at its May 14 annual general...",2004
5 hours ago,Holcim spin-off of North American business planned for June,Reuters,https://www.reuters.com/business/holcim-spin-off-north-american-business-planned-june-2025-04-14/&ved=2ahUKEwiQj-TC7NeMAxUI5TQHHXsUA1IQxfQBegQIARAC&usg=AOvVaw2JYd6f5fY-mrffVpWvxQH1,"The planned spin-off of Holcim's North American business should take place in June, subject to the approval of shareholders at its May 14 annual general...",2004
9 hours ago,Thailand says to discuss tariffs with United States on April 21,Reuters,https://www.reuters.com/markets/asia/thailand-says-discuss-tariffs-with-united-states-april-21-2025-04-14/&ved=2ahUKEwjs58zD7NeMAxXZ1jQHHXOKERkQxfQBegQIBhAC&usg=AOvVaw0qYYiG06scv38i2Hpx_esW,Thailand's finance and commerce ministers will lead a delegation to the United States to meet Trump administration officials and push for relief from...,2004
9 hours ago,Thailand says to discuss tariffs with United States on April 21,Reuters,https://www.reuters.com/markets/asia/thailand-says-discuss-tariffs-with-united-states-april-21-2025-04-14/&ved=2ahUKEwiQj-TC7NeMAxUI5TQHHXsUA1IQxfQBegQIBRAC&usg=AOvVaw1aeqirZc9-_-yXdr80fEei,Thailand's finance and commerce ministers will lead a delegation to the United States to meet Trump administration officials and push for relief from...,2004
2 days ago,Estonian navy detains Russia-bound oil tanker in Baltic Sea,Reuters,https://www.reuters.com/world/europe/estonian-navy-detains-boards-russia-bound-oil-tanker-baltic-sea-2025-04-11/&ved=2ahUKEwjs58zD7NeMAxXZ1jQHHXOKERkQxfQBegQICBAC&usg=AOvVaw1pMgXMiDtNZvSvAlYAYe8h,"The Estonian navy detained and boarded a Russia-bound oil tanker on an EU sanctions list on Friday, accusing it of sailing illegally without a valid country...",2004
2 days ago,"Argentina soy, once parched, now has too much rain",Reuters,https://www.reuters.com/sustainability/land-use-biodiversity/argentina-soy-once-parched-now-has-too-much-rain-2025-04-11/&ved=2ahUKEwjs58zD7NeMAxXZ1jQHHXOKERkQxfQBegQIBRAC&usg=AOvVaw1epm8Y8qjINOZ-JisVrGw3,"Drenched Argentine fields due to heavy rains in the country's farm heartland are raising fears of soybean losses and delayed sales of the 2024/25 crop,...",2004
2 days ago,Argentina and the IMF: a troubled history,Reuters,https://www.reuters.com/world/americas/argentina-imf-troubled-history-2025-04-12/&ved=2ahUKEwjs58zD7NeMAxXZ1jQHHXOKERkQxfQBegQICRAC&usg=AOvVaw2PfWLTbcCOWa7XwYjx78KS,"Argentina is already the IMF's largest debtor, by far, and the recipient of the most IMF bailouts in history since it joined in September 1956.",2004
2 days ago,"Magnitude 5.95 earthquake strikes Papua New Guinea's New Britain region, GFZ says",Reuters,https://www.reuters.com/business/environment/magnitude-595-earthquake-strikes-papua-new-guineas-new-britain-region-gfz-says-2025-04-12/&ved=2ahUKEwjs58zD7NeMAxXZ1jQHHXOKERkQxfQBegQIBBAC&usg=AOvVaw0SJtW4FoHrfVcIfE1Ea6fy,,2004
2 days ago,Estonian navy detains Russia-bound oil tanker in Baltic Sea,Reuters,https://www.reuters.com/world/europe/estonian-navy-detains-boards-russia-bound-oil-tanker-baltic-sea-2025-04-11/&ved=2ahUKEwiQj-TC7NeMAxUI5TQHHXsUA1IQxfQBegQIAxAC&usg=AOvVaw2hiBUYjun74xcYqd6P1fQN,"The Estonian navy detained and boarded a Russia-bound oil tanker on an EU sanctions list on Friday, accusing it of sailing illegally without a valid country...",2004
2 days ago,"Argentina soy, once parched, now has too much rain",Reuters,https://www.reuters.com/sustainability/land-use-biodiversity/argentina-soy-once-parched-now-has-too-much-rain-2025-04-11/&ved=2ahUKEwiQj-TC7NeMAxUI5TQHHXsUA1IQxfQBegQIBhAC&usg=AOvVaw2ENRlrcZdjxFs-kLTQesmf,"Drenched Argentine fields due to heavy rains in the country's farm heartland are raising fears of soybean losses and delayed sales of the 2024/25 crop,...",2004
2 days ago,Argentina and the IMF: a troubled history,Reuters,https://www.reuters.com/world/americas/argentina-imf-troubled-history-2025-04-12/&ved=2ahUKEwiQj-TC7NeMAxUI5TQHHXsUA1IQxfQBegQICRAC&usg=AOvVaw1kUq5tmsudo2lz6cn3GYbG,"Argentina is already the IMF's largest debtor, by far, and the recipient of the most IMF bailouts in history since it joined in September 1956.",2004
2 days ago,"Magnitude 5.95 earthquake strikes Papua New Guinea's New Britain region, GFZ says",Reuters,https://www.reuters.com/business/environment/magnitude-595-earthquake-strikes-papua-new-guineas-new-britain-region-gfz-says-2025-04-12/&ved=2ahUKEwiQj-TC7NeMAxUI5TQHHXsUA1IQxfQBegQIAhAC&usg=AOvVaw3_n9S6hXpLgXB4qfXV2Wbf,,2004
3 days ago,Relief for Spain's feed makers as EU delays tariff on US corn,Reuters,https://www.reuters.com/markets/commodities/relief-spains-feed-makers-eu-delays-tariff-us-corn-2025-04-10/&ved=2ahUKEwjXyqvE7NeMAxWqklYBHfPyNr04ChDF9AF6BAgJEAI&usg=AOvVaw0WLqicIdJymrtpDjGePgl_,"A delay to EU tariffs against U.S. goods has brought respite for Spain's livestock feed sector that has heavily bought U.S. corn this season,...",2004
3 days ago,US consumer inflation eases ahead of tariffs,Reuters,https://www.reuters.com/markets/us/us-consumer-prices-unexpectedly-fall-march-2025-04-10/&ved=2ahUKEwjXyqvE7NeMAxWqklYBHfPyNr04ChDF9AF6BAgHEAI&usg=AOvVaw1R7H1zGeGYCp5ut6YOqOuy,The first monthly decline in prices in nearly five years also suggested softening demand amid recession fears and led markets to anticipate Fed could cut...,2004
3 days ago,Argentine workers launch widespread 24-hour strike against Milei's austerity measures,Reuters,https://www.reuters.com/sustainability/sustainable-finance-reporting/argentine-workers-launch-widespread-24-hour-strike-against-mileis-austerity-2025-04-10/&ved=2ahUKEwjXyqvE7NeMAxWqklYBHfPyNr04ChDF9AF6BAgGEAI&usg=AOvVaw15yRy0uZsSJg7_WBVZ_Ijj,"Argentina's largest workers' unions kicked off a massive 24-hour strike on Thursday, bringing trains, planes and ports to a halt as they protested against...",2004
3 days ago,"From Daikin to Samsung, companies fight Modi over e-waste policy",Reuters,https://www.reuters.com/world/india/daikin-samsung-companies-fight-modi-over-e-waste-policy-2025-04-11/&ved=2ahUKEwjXyqvE7NeMAxWqklYBHfPyNr04ChDF9AF6BAgBEAI&usg=AOvVaw2zzQujd9L5d0yFYaToXvei,India wants to tackle its mounting e-waste problem. Global electronics companies say the cost is too high.,2004
3 days ago,Take Five: Riders on the storm,Reuters,https://www.reuters.com/business/take-five/global-markets-themes-graphic-2025-04-11/&ved=2ahUKEwjXyqvE7NeMAxWqklYBHfPyNr04ChDF9AF6BAgCEAI&usg=AOvVaw1AEBUDrgMsOZ-T8RXWQ8mv,"The global trade war might have been reduced to a battle between Beijing and Washington for now, but a bruising week for markets has left policymakers at...",2004
3 days ago,"ECB ready to deploy its instruments to maintain financial stability, Lagarde says",Reuters,https://www.reuters.com/business/finance/ecb-ready-deploy-its-instruments-maintain-financial-stability-lagarde-says-2025-04-11/&ved=2ahUKEwjXyqvE7NeMAxWqklYBHfPyNr04ChDF9AF6BAgIEAI&usg=AOvVaw14lHJjo4WhOWpB_Tys1Evm,The European Central Bank is ready to deploy its instruments to maintain financial stability and has a solid track record in devising new tools when...,2004
3 days ago,CBOT corn rally more than justified by US supply cuts,Reuters,https://www.reuters.com/markets/commodities/cbot-corn-rally-more-than-justified-by-us-supply-cuts-braun-2025-04-10/&ved=2ahUKEwjXyqvE7NeMAxWqklYBHfPyNr04ChDF9AF6BAgKEAI&usg=AOvVaw3ablDXARENGxE1Fnj4pDAn,"Chicago corn futures have shot nearly 5% higher so far this week despite gratuitous geopolitical uncertainties, especially when it comes to the United...",2004
3 days ago,Mercedes to end engagement in small vans segment,Reuters,https://www.reuters.com/business/autos-transportation/mercedes-discontinue-citan-t-class-models-automobilwoche-reports-2025-04-11/&ved=2ahUKEwjXyqvE7NeMAxWqklYBHfPyNr04ChDF9AF6BAgDEAI&usg=AOvVaw16gi57qxeH8zrkVg098c6T,"Mercedes-Benz said on Friday it is shifting focus towards midsize and large vans and ending engagement in the smaller category, after the Automobilwoche...",2004
3 days ago,"Thailand will cut tariffs on US corn imports, minister says",Reuters,https://www.reuters.com/markets/commodities/thailand-will-cut-tariffs-us-corn-imports-minister-says-2025-04-11/&ved=2ahUKEwjs58zD7NeMAxXZ1jQHHXOKERkQxfQBegQIARAC&usg=AOvVaw33a6Yi7r4x8zgkpTPYFbbB,"Thailand will cut tariffs on imports of corn from the United States, but volumes still need to be finalised, the finance minister said on Friday.",2004
3 days ago,"Thailand will cut tariffs on US corn imports, minister says",Reuters,https://www.reuters.com/markets/commodities/thailand-will-cut-tariffs-us-corn-imports-minister-says-2025-04-11/&ved=2ahUKEwiQj-TC7NeMAxUI5TQHHXsUA1IQxfQBegQIBxAC&usg=AOvVaw1FpnG4i_RZDmZ2kxBnalMG,"Thailand will cut tariffs on imports of corn from the United States, but volumes still need to be finalised, the finance minister said on Friday.",2004
4 days ago,"Rhine shipping costs in Germany rise as river level falls, but rain forecast",Reuters,https://www.reuters.com/business/autos-transportation/rhine-shipping-costs-germany-rise-river-level-falls-rain-forecast-2025-04-10/&ved=2ahUKEwjXyqvE7NeMAxWqklYBHfPyNr04ChDF9AF6BAgEEAI&usg=AOvVaw36C1gqOOFWo4hXT-Sim_FH,"Freight shipping costs on the Rhine river in Germany surged this week as water levels fell further, compelling vessels to sail less than half full,...",2004
4 days ago,"Chilean miner Codelco logging strong Q2 demand from China, chairman says",Reuters,https://www.reuters.com/markets/commodities/chilean-miner-codelco-logging-strong-q2-demand-china-chairman-says-2025-04-10/&ved=2ahUKEwjXyqvE7NeMAxWqklYBHfPyNr04ChDF9AF6BAgFEAI&usg=AOvVaw11hJguT9p5GpUOpO8J7mQV,"Chilean copper giant Codelco is seeing strong demand for the red metal from China in the second quarter, the firm's chairman told Reuters on Thursday.",2004
1 hour ago,"Argentine peso slides after FX controls eased, bonds jump",Reuters,https://www.reuters.com/markets/currencies/wall-st-expects-argentina-market-boost-imf-deal-big-shift-fx-controls-2025-04-14/&ved=2ahUKEwjs58zD7NeMAxXZ1jQHHXOKERkQxfQBegQIAhAC&usg=AOvVaw0pu3YIXLOKjd2K80YdTMw0,The Argentine peso slid around 9% on Monday morning while bonds gained after Buenos Aires sealed a $20 billion loan program with the International Monetary...,2004
1 hour ago,"Argentine peso slides after FX controls eased, bonds jump",Reuters,https://www.reuters.com/markets/currencies/wall-st-expects-argentina-market-boost-imf-deal-big-shift-fx-controls-2025-04-14/&ved=2ahUKEwiQj-TC7NeMAxUI5TQHHXsUA1IQxfQBegQIBBAC&usg=AOvVaw3V8-0bfJ3QTug0M9wrMI_B,The Argentine peso slid around 9% on Monday morning while bonds gained after Buenos Aires sealed a $20 billion loan program with the International Monetary...,2004
3 hours ago,"‘No lettuce, no Big Mac’: why Beth Hart is steering McDonald’s towards regenerative agriculture",Reuters,https://www.reuters.com/sustainability/land-use-biodiversity/no-lettuce-no-big-mac-why-beth-hart-is-steering-mcdonalds-towards-regenerative-2025-04-14/&ved=2ahUKEwjs58zD7NeMAxXZ1jQHHXOKERkQxfQBegQIChAC&usg=AOvVaw1gI4qt4tgI0H-TxUBgLNJB,"In August 2020, when McDonald's announced an initiative with farmers in Nebraska to improve soil health, techniques like cover cropping and reduced tillage...",2004
3 hours ago,"‘No lettuce, no Big Mac’: why Beth Hart is steering McDonald’s towards regenerative agriculture",Reuters,https://www.reuters.com/sustainability/land-use-biodiversity/no-lettuce-no-big-mac-why-beth-hart-is-steering-mcdonalds-towards-regenerative-2025-04-14/&ved=2ahUKEwiQj-TC7NeMAxUI5TQHHXsUA1IQxfQBegQIChAC&usg=AOvVaw3a0HBrgKWzYIWODBt2sJyE,"In August 2020, when McDonald's announced an initiative with farmers in Nebraska to improve soil health, techniques like cover cropping and reduced tillage...",2004
4 hours ago,Patient corn bulls emerge victorious post tariff onslaught,Reuters,https://www.reuters.com/markets/commodities/patient-corn-bulls-emerge-victorious-post-tariff-onslaught-braun-2025-04-13/&ved=2ahUKEwjs58zD7NeMAxXZ1jQHHXOKERkQxfQBegQIBxAC&usg=AOvVaw2_dt4I9OieyHkvqfFTn3jN,"After building immensely bullish bets, speculators in late February rode out Chicago corn's worst downturn in over a year as the United States prepared to...",2004
4 hours ago,Patient corn bulls emerge victorious post tariff onslaught,Reuters,https://www.reuters.com/markets/commodities/patient-corn-bulls-emerge-victorious-post-tariff-onslaught-braun-2025-04-13/&ved=2ahUKEwiQj-TC7NeMAxUI5TQHHXsUA1IQxfQBegQICBAC&usg=AOvVaw3HY_a4gBoH4SYT_jXeZi0W,"After building immensely bullish bets, speculators in late February rode out Chicago corn's worst downturn in over a year as the United States prepared to...",2004
5 hours ago,Holcim spin-off of North American business planned for June,Reuters,https://www.reuters.com/business/holcim-spin-off-north-american-business-planned-june-2025-04-14/&ved=2ahUKEwjs58zD7NeMAxXZ1jQHHXOKERkQxfQBegQIAxAC&usg=AOvVaw13W3wuNkRCWXeoz7wVu8wg,"The planned spin-off of Holcim's North American business should take place in June, subject to the approval of shareholders at its May 14 annual general...",2004
5 hours ago,Holcim spin-off of North American business planned for June,Reuters,https://www.reuters.com/business/holcim-spin-off-north-american-business-planned-june-2025-04-14/&ved=2ahUKEwiQj-TC7NeMAxUI5TQHHXsUA1IQxfQBegQIARAC&usg=AOvVaw2JYd6f5fY-mrffVpWvxQH1,"The planned spin-off of Holcim's North American business should take place in June, subject to the approval of shareholders at its May 14 annual general...",2004
9 hours ago,Thailand says to discuss tariffs with United States on April 21,Reuters,https://www.reuters.com/markets/asia/thailand-says-discuss-tariffs-with-united-states-april-21-2025-04-14/&ved=2ahUKEwjs58zD7NeMAxXZ1jQHHXOKERkQxfQBegQIBhAC&usg=AOvVaw0qYYiG06scv38i2Hpx_esW,Thailand's finance and commerce ministers will lead a delegation to the United States to meet Trump administration officials and push for relief from...,2004
9 hours ago,Thailand says to discuss tariffs with United States on April 21,Reuters,https://www.reuters.com/markets/asia/thailand-says-discuss-tariffs-with-united-states-april-21-2025-04-14/&ved=2ahUKEwiQj-TC7NeMAxUI5TQHHXsUA1IQxfQBegQIBRAC&usg=AOvVaw1aeqirZc9-_-yXdr80fEei,Thailand's finance and commerce ministers will lead a delegation to the United States to meet Trump administration officials and push for relief from...,2004
2 days ago,Estonian navy detains Russia-bound oil tanker in Baltic Sea,Reuters,https://www.reuters.com/world/europe/estonian-navy-detains-boards-russia-bound-oil-tanker-baltic-sea-2025-04-11/&ved=2ahUKEwjs58zD7NeMAxXZ1jQHHXOKERkQxfQBegQICBAC&usg=AOvVaw1pMgXMiDtNZvSvAlYAYe8h,"The Estonian navy detained and boarded a Russia-bound oil tanker on an EU sanctions list on Friday, accusing it of sailing illegally without a valid country...",2004
2 days ago,"Argentina soy, once parched, now has too much rain",Reuters,https://www.reuters.com/sustainability/land-use-biodiversity/argentina-soy-once-parched-now-has-too-much-rain-2025-04-11/&ved=2ahUKEwjs58zD7NeMAxXZ1jQHHXOKERkQxfQBegQIBRAC&usg=AOvVaw1epm8Y8qjINOZ-JisVrGw3,"Drenched Argentine fields due to heavy rains in the country's farm heartland are raising fears of soybean losses and delayed sales of the 2024/25 crop,...",2004
2 days ago,Argentina and the IMF: a troubled history,Reuters,https://www.reuters.com/world/americas/argentina-imf-troubled-history-2025-04-12/&ved=2ahUKEwjs58zD7NeMAxXZ1jQHHXOKERkQxfQBegQICRAC&usg=AOvVaw2PfWLTbcCOWa7XwYjx78KS,"Argentina is already the IMF's largest debtor, by far, and the recipient of the most IMF bailouts in history since it joined in September 1956.",2004
2 days ago,"Magnitude 5.95 earthquake strikes Papua New Guinea's New Britain region, GFZ says",Reuters,https://www.reuters.com/business/environment/magnitude-595-earthquake-strikes-papua-new-guineas-new-britain-region-gfz-says-2025-04-12/&ved=2ahUKEwjs58zD7NeMAxXZ1jQHHXOKERkQxfQBegQIBBAC&usg=AOvVaw0SJtW4FoHrfVcIfE1Ea6fy,,2004
2 days ago,Estonian navy detains Russia-bound oil tanker in Baltic Sea,Reuters,https://www.reuters.com/world/europe/estonian-navy-detains-boards-russia-bound-oil-tanker-baltic-sea-2025-04-11/&ved=2ahUKEwiQj-TC7NeMAxUI5TQHHXsUA1IQxfQBegQIAxAC&usg=AOvVaw2hiBUYjun74xcYqd6P1fQN,"The Estonian navy detained and boarded a Russia-bound oil tanker on an EU sanctions list on Friday, accusing it of sailing illegally without a valid country...",2004
2 days ago,"Argentina soy, once parched, now has too much rain",Reuters,https://www.reuters.com/sustainability/land-use-biodiversity/argentina-soy-once-parched-now-has-too-much-rain-2025-04-11/&ved=2ahUKEwiQj-TC7NeMAxUI5TQHHXsUA1IQxfQBegQIBhAC&usg=AOvVaw2ENRlrcZdjxFs-kLTQesmf,"Drenched Argentine fields due to heavy rains in the country's farm heartland are raising fears of soybean losses and delayed sales of the 2024/25 crop,...",2004
2 days ago,Argentina and the IMF: a troubled history,Reuters,https://www.reuters.com/world/americas/argentina-imf-troubled-history-2025-04-12/&ved=2ahUKEwiQj-TC7NeMAxUI5TQHHXsUA1IQxfQBegQICRAC&usg=AOvVaw1kUq5tmsudo2lz6cn3GYbG,"Argentina is already the IMF's largest debtor, by far, and the recipient of the most IMF bailouts in history since it joined in September 1956.",2004
2 days ago,"Magnitude 5.95 earthquake strikes Papua New Guinea's New Britain region, GFZ says",Reuters,https://www.reuters.com/business/environment/magnitude-595-earthquake-strikes-papua-new-guineas-new-britain-region-gfz-says-2025-04-12/&ved=2ahUKEwiQj-TC7NeMAxUI5TQHHXsUA1IQxfQBegQIAhAC&usg=AOvVaw3_n9S6hXpLgXB4qfXV2Wbf,,2004
3 days ago,Relief for Spain's feed makers as EU delays tariff on US corn,Reuters,https://www.reuters.com/markets/commodities/relief-spains-feed-makers-eu-delays-tariff-us-corn-2025-04-10/&ved=2ahUKEwjXyqvE7NeMAxWqklYBHfPyNr04ChDF9AF6BAgJEAI&usg=AOvVaw0WLqicIdJymrtpDjGePgl_,"A delay to EU tariffs against U.S. goods has brought respite for Spain's livestock feed sector that has heavily bought U.S. corn this season,...",2004
3 days ago,US consumer inflation eases ahead of tariffs,Reuters,https://www.reuters.com/markets/us/us-consumer-prices-unexpectedly-fall-march-2025-04-10/&ved=2ahUKEwjXyqvE7NeMAxWqklYBHfPyNr04ChDF9AF6BAgHEAI&usg=AOvVaw1R7H1zGeGYCp5ut6YOqOuy,The first monthly decline in prices in nearly five years also suggested softening demand amid recession fears and led markets to anticipate Fed could cut...,2004
3 days ago,Argentine workers launch widespread 24-hour strike against Milei's austerity measures,Reuters,https://www.reuters.com/sustainability/sustainable-finance-reporting/argentine-workers-launch-widespread-24-hour-strike-against-mileis-austerity-2025-04-10/&ved=2ahUKEwjXyqvE7NeMAxWqklYBHfPyNr04ChDF9AF6BAgGEAI&usg=AOvVaw15yRy0uZsSJg7_WBVZ_Ijj,"Argentina's largest workers' unions kicked off a massive 24-hour strike on Thursday, bringing trains, planes and ports to a halt as they protested against...",2004
3 days ago,"From Daikin to Samsung, companies fight Modi over e-waste policy",Reuters,https://www.reuters.com/world/india/daikin-samsung-companies-fight-modi-over-e-waste-policy-2025-04-11/&ved=2ahUKEwjXyqvE7NeMAxWqklYBHfPyNr04ChDF9AF6BAgBEAI&usg=AOvVaw2zzQujd9L5d0yFYaToXvei,India wants to tackle its mounting e-waste problem. Global electronics companies say the cost is too high.,2004
3 days ago,Take Five: Riders on the storm,Reuters,https://www.reuters.com/business/take-five/global-markets-themes-graphic-2025-04-11/&ved=2ahUKEwjXyqvE7NeMAxWqklYBHfPyNr04ChDF9AF6BAgCEAI&usg=AOvVaw1AEBUDrgMsOZ-T8RXWQ8mv,"The global trade war might have been reduced to a battle between Beijing and Washington for now, but a bruising week for markets has left policymakers at...",2004
3 days ago,"ECB ready to deploy its instruments to maintain financial stability, Lagarde says",Reuters,https://www.reuters.com/business/finance/ecb-ready-deploy-its-instruments-maintain-financial-stability-lagarde-says-2025-04-11/&ved=2ahUKEwjXyqvE7NeMAxWqklYBHfPyNr04ChDF9AF6BAgIEAI&usg=AOvVaw14lHJjo4WhOWpB_Tys1Evm,The European Central Bank is ready to deploy its instruments to maintain financial stability and has a solid track record in devising new tools when...,2004
3 days ago,CBOT corn rally more than justified by US supply cuts,Reuters,https://www.reuters.com/markets/commodities/cbot-corn-rally-more-than-justified-by-us-supply-cuts-braun-2025-04-10/&ved=2ahUKEwjXyqvE7NeMAxWqklYBHfPyNr04ChDF9AF6BAgKEAI&usg=AOvVaw3ablDXARENGxE1Fnj4pDAn,"Chicago corn futures have shot nearly 5% higher so far this week despite gratuitous geopolitical uncertainties, especially when it comes to the United...",2004
3 days ago,Mercedes to end engagement in small vans segment,Reuters,https://www.reuters.com/business/autos-transportation/mercedes-discontinue-citan-t-class-models-automobilwoche-reports-2025-04-11/&ved=2ahUKEwjXyqvE7NeMAxWqklYBHfPyNr04ChDF9AF6BAgDEAI&usg=AOvVaw16gi57qxeH8zrkVg098c6T,"Mercedes-Benz said on Friday it is shifting focus towards midsize and large vans and ending engagement in the smaller category, after the Automobilwoche...",2004
3 days ago,"Thailand will cut tariffs on US corn imports, minister says",Reuters,https://www.reuters.com/markets/commodities/thailand-will-cut-tariffs-us-corn-imports-minister-says-2025-04-11/&ved=2ahUKEwjs58zD7NeMAxXZ1jQHHXOKERkQxfQBegQIARAC&usg=AOvVaw33a6Yi7r4x8zgkpTPYFbbB,"Thailand will cut tariffs on imports of corn from the United States, but volumes still need to be finalised, the finance minister said on Friday.",2004
3 days ago,"Thailand will cut tariffs on US corn imports, minister says",Reuters,https://www.reuters.com/markets/commodities/thailand-will-cut-tariffs-us-corn-imports-minister-says-2025-04-11/&ved=2ahUKEwiQj-TC7NeMAxUI5TQHHXsUA1IQxfQBegQIBxAC&usg=AOvVaw1FpnG4i_RZDmZ2kxBnalMG,"Thailand will cut tariffs on imports of corn from the United States, but volumes still need to be finalised, the finance minister said on Friday.",2004
4 days ago,"Rhine shipping costs in Germany rise as river level falls, but rain forecast",Reuters,https://www.reuters.com/business/autos-transportation/rhine-shipping-costs-germany-rise-river-level-falls-rain-forecast-2025-04-10/&ved=2ahUKEwjXyqvE7NeMAxWqklYBHfPyNr04ChDF9AF6BAgEEAI&usg=AOvVaw36C1gqOOFWo4hXT-Sim_FH,"Freight shipping costs on the Rhine river in Germany surged this week as water levels fell further, compelling vessels to sail less than half full,...",2004
4 days ago,"Chilean miner Codelco logging strong Q2 demand from China, chairman says",Reuters,https://www.reuters.com/markets/commodities/chilean-miner-codelco-logging-strong-q2-demand-china-chairman-says-2025-04-10/&ved=2ahUKEwjXyqvE7NeMAxWqklYBHfPyNr04ChDF9AF6BAgFEAI&usg=AOvVaw11hJguT9p5GpUOpO8J7mQV,"Chilean copper giant Codelco is seeing strong demand for the red metal from China in the second quarter, the firm's chairman told Reuters on Thursday.",2004
1 hour ago,"Argentine peso slides after FX controls eased, bonds jump",Reuters,https://www.reuters.com/markets/currencies/wall-st-expects-argentina-market-boost-imf-deal-big-shift-fx-controls-2025-04-14/&ved=2ahUKEwiSlYbH7NeMAxVU3jQHHSw4OE4QxfQBegQICRAC&usg=AOvVaw0leJMbaBf-5NaPDG0_fUba,The Argentine peso slid around 9% on Monday morning while bonds gained after Buenos Aires sealed a $20 billion loan program with the International Monetary...,2005
1 hour ago,"Argentine peso slides after FX controls eased, bonds jump",Reuters,https://www.reuters.com/markets/currencies/wall-st-expects-argentina-market-boost-imf-deal-big-shift-fx-controls-2025-04-14/&ved=2ahUKEwj57Z3G7NeMAxVFg1YBHXqcB_QQxfQBegQICRAC&usg=AOvVaw2qDU5H_jwBghEuAOfXGBgf,The Argentine peso slid around 9% on Monday morning while bonds gained after Buenos Aires sealed a $20 billion loan program with the International Monetary...,2005
3 hours ago,"‘No lettuce, no Big Mac’: why Beth Hart is steering McDonald’s towards regenerative agriculture",Reuters,https://www.reuters.com/sustainability/land-use-biodiversity/no-lettuce-no-big-mac-why-beth-hart-is-steering-mcdonalds-towards-regenerative-2025-04-14/&ved=2ahUKEwiSlYbH7NeMAxVU3jQHHSw4OE4QxfQBegQIChAC&usg=AOvVaw0Jiay2zVHJk4buDgDM5WTv,"In August 2020, when McDonald's announced an initiative with farmers in Nebraska to improve soil health, techniques like cover cropping and reduced tillage...",2005
3 hours ago,"‘No lettuce, no Big Mac’: why Beth Hart is steering McDonald’s towards regenerative agriculture",Reuters,https://www.reuters.com/sustainability/land-use-biodiversity/no-lettuce-no-big-mac-why-beth-hart-is-steering-mcdonalds-towards-regenerative-2025-04-14/&ved=2ahUKEwj57Z3G7NeMAxVFg1YBHXqcB_QQxfQBegQIChAC&usg=AOvVaw1a4pOmrJsshsAY2PSjvZTM,"In August 2020, when McDonald's announced an initiative with farmers in Nebraska to improve soil health, techniques like cover cropping and reduced tillage...",2005
4 hours ago,Patient corn bulls emerge victorious post tariff onslaught,Reuters,https://www.reuters.com/markets/commodities/patient-corn-bulls-emerge-victorious-post-tariff-onslaught-braun-2025-04-13/&ved=2ahUKEwiSlYbH7NeMAxVU3jQHHSw4OE4QxfQBegQIAxAC&usg=AOvVaw0kutFMXn1KHtwgDIiQ2mDO,"After building immensely bullish bets, speculators in late February rode out Chicago corn's worst downturn in over a year as the United States prepared to...",2005
4 hours ago,Patient corn bulls emerge victorious post tariff onslaught,Reuters,https://www.reuters.com/markets/commodities/patient-corn-bulls-emerge-victorious-post-tariff-onslaught-braun-2025-04-13/&ved=2ahUKEwj57Z3G7NeMAxVFg1YBHXqcB_QQxfQBegQIARAC&usg=AOvVaw2xu79csp5AbyqRbFMRh_0V,"After building immensely bullish bets, speculators in late February rode out Chicago corn's worst downturn in over a year as the United States prepared to...",2005
5 hours ago,Holcim spin-off of North American business planned for June,Reuters,https://www.reuters.com/business/holcim-spin-off-north-american-business-planned-june-2025-04-14/&ved=2ahUKEwiSlYbH7NeMAxVU3jQHHSw4OE4QxfQBegQICBAC&usg=AOvVaw1PaMQ-nEfoJltHgjAsdZnC,"The planned spin-off of Holcim's North American business should take place in June, subject to the approval of shareholders at its May 14 annual general...",2005
5 hours ago,Holcim spin-off of North American business planned for June,Reuters,https://www.reuters.com/business/holcim-spin-off-north-american-business-planned-june-2025-04-14/&ved=2ahUKEwj57Z3G7NeMAxVFg1YBHXqcB_QQxfQBegQIAhAC&usg=AOvVaw1rG5kGs3UXpWx_PEjwqol5,"The planned spin-off of Holcim's North American business should take place in June, subject to the approval of shareholders at its May 14 annual general...",2005
9 hours ago,Thailand says to discuss tariffs with United States on April 21,Reuters,https://www.reuters.com/markets/asia/thailand-says-discuss-tariffs-with-united-states-april-21-2025-04-14/&ved=2ahUKEwiSlYbH7NeMAxVU3jQHHSw4OE4QxfQBegQIBxAC&usg=AOvVaw3DjZ096FE_ouibkdItoDKf,Thailand's finance and commerce ministers will lead a delegation to the United States to meet Trump administration officials and push for relief from...,2005
9 hours ago,Thailand says to discuss tariffs with United States on April 21,Reuters,https://www.reuters.com/markets/asia/thailand-says-discuss-tariffs-with-united-states-april-21-2025-04-14/&ved=2ahUKEwj57Z3G7NeMAxVFg1YBHXqcB_QQxfQBegQIBhAC&usg=AOvVaw10Fz8rzgVDTmqVMCA5kBRQ,Thailand's finance and commerce ministers will lead a delegation to the United States to meet Trump administration officials and push for relief from...,2005
2 days ago,Estonian navy detains Russia-bound oil tanker in Baltic Sea,Reuters,https://www.reuters.com/world/europe/estonian-navy-detains-boards-russia-bound-oil-tanker-baltic-sea-2025-04-11/&ved=2ahUKEwiSlYbH7NeMAxVU3jQHHSw4OE4QxfQBegQIARAC&usg=AOvVaw0erGkK-bc4jxG3vLDlT1-W,"The Estonian navy detained and boarded a Russia-bound oil tanker on an EU sanctions list on Friday, accusing it of sailing illegally without a valid country...",2005
2 days ago,"Argentina soy, once parched, now has too much rain",Reuters,https://www.reuters.com/sustainability/land-use-biodiversity/argentina-soy-once-parched-now-has-too-much-rain-2025-04-11/&ved=2ahUKEwiSlYbH7NeMAxVU3jQHHSw4OE4QxfQBegQIAhAC&usg=AOvVaw1mZ_jS3g_5aMfXqqbOAfyd,"Drenched Argentine fields due to heavy rains in the country's farm heartland are raising fears of soybean losses and delayed sales of the 2024/25 crop,...",2005
2 days ago,Argentina and the IMF: a troubled history,Reuters,https://www.reuters.com/world/americas/argentina-imf-troubled-history-2025-04-12/&ved=2ahUKEwiSlYbH7NeMAxVU3jQHHSw4OE4QxfQBegQIBBAC&usg=AOvVaw3ewqbi1utiysekNz9EAfmh,"Argentina is already the IMF's largest debtor, by far, and the recipient of the most IMF bailouts in history since it joined in September 1956.",2005
2 days ago,"Magnitude 5.95 earthquake strikes Papua New Guinea's New Britain region, GFZ says",Reuters,https://www.reuters.com/business/environment/magnitude-595-earthquake-strikes-papua-new-guineas-new-britain-region-gfz-says-2025-04-12/&ved=2ahUKEwiSlYbH7NeMAxVU3jQHHSw4OE4QxfQBegQIBRAC&usg=AOvVaw2Ku0cWnohvEwdhaL8bil9Z,,2005
2 days ago,Estonian navy detains Russia-bound oil tanker in Baltic Sea,Reuters,https://www.reuters.com/world/europe/estonian-navy-detains-boards-russia-bound-oil-tanker-baltic-sea-2025-04-11/&ved=2ahUKEwj57Z3G7NeMAxVFg1YBHXqcB_QQxfQBegQICBAC&usg=AOvVaw2bVSl9UqduWnFALcjpeOVC,"The Estonian navy detained and boarded a Russia-bound oil tanker on an EU sanctions list on Friday, accusing it of sailing illegally without a valid country...",2005
2 days ago,"Argentina soy, once parched, now has too much rain",Reuters,https://www.reuters.com/sustainability/land-use-biodiversity/argentina-soy-once-parched-now-has-too-much-rain-2025-04-11/&ved=2ahUKEwj57Z3G7NeMAxVFg1YBHXqcB_QQxfQBegQIAxAC&usg=AOvVaw3iXnn-SG0nC2sNWsaAMkO3,"Drenched Argentine fields due to heavy rains in the country's farm heartland are raising fears of soybean losses and delayed sales of the 2024/25 crop,...",2005
2 days ago,Argentina and the IMF: a troubled history,Reuters,https://www.reuters.com/world/americas/argentina-imf-troubled-history-2025-04-12/&ved=2ahUKEwj57Z3G7NeMAxVFg1YBHXqcB_QQxfQBegQIBRAC&usg=AOvVaw3A24FHVj6hEZmv2_jnCzR_,"Argentina is already the IMF's largest debtor, by far, and the recipient of the most IMF bailouts in history since it joined in September 1956.",2005
2 days ago,"Magnitude 5.95 earthquake strikes Papua New Guinea's New Britain region, GFZ says",Reuters,https://www.reuters.com/business/environment/magnitude-595-earthquake-strikes-papua-new-guineas-new-britain-region-gfz-says-2025-04-12/&ved=2ahUKEwj57Z3G7NeMAxVFg1YBHXqcB_QQxfQBegQIBBAC&usg=AOvVaw3l0IaxoNaE7Jyf7mo_EPhc,,2005
3 days ago,Relief for Spain's feed makers as EU delays tariff on US corn,Reuters,https://www.reuters.com/markets/commodities/relief-spains-feed-makers-eu-delays-tariff-us-corn-2025-04-10/&ved=2ahUKEwjY8MPI7NeMAxXOr1YBHT3tHNo4ChDF9AF6BAgBEAI&usg=AOvVaw2Jmut-2z8Bd-LVj3pjzqJa,"A delay to EU tariffs against U.S. goods has brought respite for Spain's livestock feed sector that has heavily bought U.S. corn this season,...",2005
3 days ago,US consumer inflation eases ahead of tariffs,Reuters,https://www.reuters.com/markets/us/us-consumer-prices-unexpectedly-fall-march-2025-04-10/&ved=2ahUKEwjY8MPI7NeMAxXOr1YBHT3tHNo4ChDF9AF6BAgEEAI&usg=AOvVaw2QlPHoyX1DVIv_zoJzZKaI,The first monthly decline in prices in nearly five years also suggested softening demand amid recession fears and led markets to anticipate Fed could cut...,2005
3 days ago,Argentine workers launch widespread 24-hour strike against Milei's austerity measures,Reuters,https://www.reuters.com/sustainability/sustainable-finance-reporting/argentine-workers-launch-widespread-24-hour-strike-against-mileis-austerity-2025-04-10/&ved=2ahUKEwjY8MPI7NeMAxXOr1YBHT3tHNo4ChDF9AF6BAgJEAI&usg=AOvVaw2fCL2CFaFJNsDd2_qf6rwW,"Argentina's largest workers' unions kicked off a massive 24-hour strike on Thursday, bringing trains, planes and ports to a halt as they protested against...",2005
3 days ago,"From Daikin to Samsung, companies fight Modi over e-waste policy",Reuters,https://www.reuters.com/world/india/daikin-samsung-companies-fight-modi-over-e-waste-policy-2025-04-11/&ved=2ahUKEwjY8MPI7NeMAxXOr1YBHT3tHNo4ChDF9AF6BAgFEAI&usg=AOvVaw0t8Ru0_xnySqs1qqjeqtpD,India wants to tackle its mounting e-waste problem. Global electronics companies say the cost is too high.,2005
3 days ago,Take Five: Riders on the storm,Reuters,https://www.reuters.com/business/take-five/global-markets-themes-graphic-2025-04-11/&ved=2ahUKEwjY8MPI7NeMAxXOr1YBHT3tHNo4ChDF9AF6BAgDEAI&usg=AOvVaw1EVcYjhKTas-vIFNZ2RPgz,"The global trade war might have been reduced to a battle between Beijing and Washington for now, but a bruising week for markets has left policymakers at...",2005
3 days ago,"ECB ready to deploy its instruments to maintain financial stability, Lagarde says",Reuters,https://www.reuters.com/business/finance/ecb-ready-deploy-its-instruments-maintain-financial-stability-lagarde-says-2025-04-11/&ved=2ahUKEwjY8MPI7NeMAxXOr1YBHT3tHNo4ChDF9AF6BAgGEAI&usg=AOvVaw0YSxqhjB-6NU2h0s7VQ_x4,The European Central Bank is ready to deploy its instruments to maintain financial stability and has a solid track record in devising new tools when...,2005
3 days ago,CBOT corn rally more than justified by US supply cuts,Reuters,https://www.reuters.com/markets/commodities/cbot-corn-rally-more-than-justified-by-us-supply-cuts-braun-2025-04-10/&ved=2ahUKEwjY8MPI7NeMAxXOr1YBHT3tHNo4ChDF9AF6BAgKEAI&usg=AOvVaw3BwwDGtig7w-JfPG7VXtZn,"Chicago corn futures have shot nearly 5% higher so far this week despite gratuitous geopolitical uncertainties, especially when it comes to the United...",2005
3 days ago,Mercedes to end engagement in small vans segment,Reuters,https://www.reuters.com/business/autos-transportation/mercedes-discontinue-citan-t-class-models-automobilwoche-reports-2025-04-11/&ved=2ahUKEwjY8MPI7NeMAxXOr1YBHT3tHNo4ChDF9AF6BAgHEAI&usg=AOvVaw2UbZaJayAE2q6vBQx6iG85,"Mercedes-Benz said on Friday it is shifting focus towards midsize and large vans and ending engagement in the smaller category, after the Automobilwoche...",2005
3 days ago,"Thailand will cut tariffs on US corn imports, minister says",Reuters,https://www.reuters.com/markets/commodities/thailand-will-cut-tariffs-us-corn-imports-minister-says-2025-04-11/&ved=2ahUKEwiSlYbH7NeMAxVU3jQHHSw4OE4QxfQBegQIBhAC&usg=AOvVaw2w9nVC0PQxkaH-gOV698UK,"Thailand will cut tariffs on imports of corn from the United States, but volumes still need to be finalised, the finance minister said on Friday.",2005
3 days ago,"Thailand will cut tariffs on US corn imports, minister says",Reuters,https://www.reuters.com/markets/commodities/thailand-will-cut-tariffs-us-corn-imports-minister-says-2025-04-11/&ved=2ahUKEwj57Z3G7NeMAxVFg1YBHXqcB_QQxfQBegQIBxAC&usg=AOvVaw08rSoIg6iKvV19naYk4zIm,"Thailand will cut tariffs on imports of corn from the United States, but volumes still need to be finalised, the finance minister said on Friday.",2005
4 days ago,"Rhine shipping costs in Germany rise as river level falls, but rain forecast",Reuters,https://www.reuters.com/business/autos-transportation/rhine-shipping-costs-germany-rise-river-level-falls-rain-forecast-2025-04-10/&ved=2ahUKEwjY8MPI7NeMAxXOr1YBHT3tHNo4ChDF9AF6BAgCEAI&usg=AOvVaw3louO_DIPZ1nPj-2i1oPkc,"Freight shipping costs on the Rhine river in Germany surged this week as water levels fell further, compelling vessels to sail less than half full,...",2005
4 days ago,"Chilean miner Codelco logging strong Q2 demand from China, chairman says",Reuters,https://www.reuters.com/markets/commodities/chilean-miner-codelco-logging-strong-q2-demand-china-chairman-says-2025-04-10/&ved=2ahUKEwjY8MPI7NeMAxXOr1YBHT3tHNo4ChDF9AF6BAgIEAI&usg=AOvVaw2EQ9OKL2RwKR5v-2kue-4d,"Chilean copper giant Codelco is seeing strong demand for the red metal from China in the second quarter, the firm's chairman told Reuters on Thursday.",2005
1 hour ago,"Argentine peso slides after FX controls eased, bonds jump",Reuters,https://www.reuters.com/markets/currencies/wall-st-expects-argentina-market-boost-imf-deal-big-shift-fx-controls-2025-04-14/&ved=2ahUKEwiSlYbH7NeMAxVU3jQHHSw4OE4QxfQBegQICRAC&usg=AOvVaw0leJMbaBf-5NaPDG0_fUba,The Argentine peso slid around 9% on Monday morning while bonds gained after Buenos Aires sealed a $20 billion loan program with the International Monetary...,2005
1 hour ago,"Argentine peso slides after FX controls eased, bonds jump",Reuters,https://www.reuters.com/markets/currencies/wall-st-expects-argentina-market-boost-imf-deal-big-shift-fx-controls-2025-04-14/&ved=2ahUKEwj57Z3G7NeMAxVFg1YBHXqcB_QQxfQBegQICRAC&usg=AOvVaw2qDU5H_jwBghEuAOfXGBgf,The Argentine peso slid around 9% on Monday morning while bonds gained after Buenos Aires sealed a $20 billion loan program with the International Monetary...,2005
3 hours ago,"‘No lettuce, no Big Mac’: why Beth Hart is steering McDonald’s towards regenerative agriculture",Reuters,https://www.reuters.com/sustainability/land-use-biodiversity/no-lettuce-no-big-mac-why-beth-hart-is-steering-mcdonalds-towards-regenerative-2025-04-14/&ved=2ahUKEwiSlYbH7NeMAxVU3jQHHSw4OE4QxfQBegQIChAC&usg=AOvVaw0Jiay2zVHJk4buDgDM5WTv,"In August 2020, when McDonald's announced an initiative with farmers in Nebraska to improve soil health, techniques like cover cropping and reduced tillage...",2005
3 hours ago,"‘No lettuce, no Big Mac’: why Beth Hart is steering McDonald’s towards regenerative agriculture",Reuters,https://www.reuters.com/sustainability/land-use-biodiversity/no-lettuce-no-big-mac-why-beth-hart-is-steering-mcdonalds-towards-regenerative-2025-04-14/&ved=2ahUKEwj57Z3G7NeMAxVFg1YBHXqcB_QQxfQBegQIChAC&usg=AOvVaw1a4pOmrJsshsAY2PSjvZTM,"In August 2020, when McDonald's announced an initiative with farmers in Nebraska to improve soil health, techniques like cover cropping and reduced tillage...",2005
4 hours ago,Patient corn bulls emerge victorious post tariff onslaught,Reuters,https://www.reuters.com/markets/commodities/patient-corn-bulls-emerge-victorious-post-tariff-onslaught-braun-2025-04-13/&ved=2ahUKEwiSlYbH7NeMAxVU3jQHHSw4OE4QxfQBegQIAxAC&usg=AOvVaw0kutFMXn1KHtwgDIiQ2mDO,"After building immensely bullish bets, speculators in late February rode out Chicago corn's worst downturn in over a year as the United States prepared to...",2005
4 hours ago,Patient corn bulls emerge victorious post tariff onslaught,Reuters,https://www.reuters.com/markets/commodities/patient-corn-bulls-emerge-victorious-post-tariff-onslaught-braun-2025-04-13/&ved=2ahUKEwj57Z3G7NeMAxVFg1YBHXqcB_QQxfQBegQIARAC&usg=AOvVaw2xu79csp5AbyqRbFMRh_0V,"After building immensely bullish bets, speculators in late February rode out Chicago corn's worst downturn in over a year as the United States prepared to...",2005
5 hours ago,Holcim spin-off of North American business planned for June,Reuters,https://www.reuters.com/business/holcim-spin-off-north-american-business-planned-june-2025-04-14/&ved=2ahUKEwiSlYbH7NeMAxVU3jQHHSw4OE4QxfQBegQICBAC&usg=AOvVaw1PaMQ-nEfoJltHgjAsdZnC,"The planned spin-off of Holcim's North American business should take place in June, subject to the approval of shareholders at its May 14 annual general...",2005
5 hours ago,Holcim spin-off of North American business planned for June,Reuters,https://www.reuters.com/business/holcim-spin-off-north-american-business-planned-june-2025-04-14/&ved=2ahUKEwj57Z3G7NeMAxVFg1YBHXqcB_QQxfQBegQIAhAC&usg=AOvVaw1rG5kGs3UXpWx_PEjwqol5,"The planned spin-off of Holcim's North American business should take place in June, subject to the approval of shareholders at its May 14 annual general...",2005
9 hours ago,Thailand says to discuss tariffs with United States on April 21,Reuters,https://www.reuters.com/markets/asia/thailand-says-discuss-tariffs-with-united-states-april-21-2025-04-14/&ved=2ahUKEwiSlYbH7NeMAxVU3jQHHSw4OE4QxfQBegQIBxAC&usg=AOvVaw3DjZ096FE_ouibkdItoDKf,Thailand's finance and commerce ministers will lead a delegation to the United States to meet Trump administration officials and push for relief from...,2005
9 hours ago,Thailand says to discuss tariffs with United States on April 21,Reuters,https://www.reuters.com/markets/asia/thailand-says-discuss-tariffs-with-united-states-april-21-2025-04-14/&ved=2ahUKEwj57Z3G7NeMAxVFg1YBHXqcB_QQxfQBegQIBhAC&usg=AOvVaw10Fz8rzgVDTmqVMCA5kBRQ,Thailand's finance and commerce ministers will lead a delegation to the United States to meet Trump administration officials and push for relief from...,2005
2 days ago,Estonian navy detains Russia-bound oil tanker in Baltic Sea,Reuters,https://www.reuters.com/world/europe/estonian-navy-detains-boards-russia-bound-oil-tanker-baltic-sea-2025-04-11/&ved=2ahUKEwiSlYbH7NeMAxVU3jQHHSw4OE4QxfQBegQIARAC&usg=AOvVaw0erGkK-bc4jxG3vLDlT1-W,"The Estonian navy detained and boarded a Russia-bound oil tanker on an EU sanctions list on Friday, accusing it of sailing illegally without a valid country...",2005
2 days ago,"Argentina soy, once parched, now has too much rain",Reuters,https://www.reuters.com/sustainability/land-use-biodiversity/argentina-soy-once-parched-now-has-too-much-rain-2025-04-11/&ved=2ahUKEwiSlYbH7NeMAxVU3jQHHSw4OE4QxfQBegQIAhAC&usg=AOvVaw1mZ_jS3g_5aMfXqqbOAfyd,"Drenched Argentine fields due to heavy rains in the country's farm heartland are raising fears of soybean losses and delayed sales of the 2024/25 crop,...",2005
2 days ago,Argentina and the IMF: a troubled history,Reuters,https://www.reuters.com/world/americas/argentina-imf-troubled-history-2025-04-12/&ved=2ahUKEwiSlYbH7NeMAxVU3jQHHSw4OE4QxfQBegQIBBAC&usg=AOvVaw3ewqbi1utiysekNz9EAfmh,"Argentina is already the IMF's largest debtor, by far, and the recipient of the most IMF bailouts in history since it joined in September 1956.",2005
2 days ago,"Magnitude 5.95 earthquake strikes Papua New Guinea's New Britain region, GFZ says",Reuters,https://www.reuters.com/business/environment/magnitude-595-earthquake-strikes-papua-new-guineas-new-britain-region-gfz-says-2025-04-12/&ved=2ahUKEwiSlYbH7NeMAxVU3jQHHSw4OE4QxfQBegQIBRAC&usg=AOvVaw2Ku0cWnohvEwdhaL8bil9Z,,2005
2 days ago,Estonian navy detains Russia-bound oil tanker in Baltic Sea,Reuters,https://www.reuters.com/world/europe/estonian-navy-detains-boards-russia-bound-oil-tanker-baltic-sea-2025-04-11/&ved=2ahUKEwj57Z3G7NeMAxVFg1YBHXqcB_QQxfQBegQICBAC&usg=AOvVaw2bVSl9UqduWnFALcjpeOVC,"The Estonian navy detained and boarded a Russia-bound oil tanker on an EU sanctions list on Friday, accusing it of sailing illegally without a valid country...",2005
2 days ago,"Argentina soy, once parched, now has too much rain",Reuters,https://www.reuters.com/sustainability/land-use-biodiversity/argentina-soy-once-parched-now-has-too-much-rain-2025-04-11/&ved=2ahUKEwj57Z3G7NeMAxVFg1YBHXqcB_QQxfQBegQIAxAC&usg=AOvVaw3iXnn-SG0nC2sNWsaAMkO3,"Drenched Argentine fields due to heavy rains in the country's farm heartland are raising fears of soybean losses and delayed sales of the 2024/25 crop,...",2005
2 days ago,Argentina and the IMF: a troubled history,Reuters,https://www.reuters.com/world/americas/argentina-imf-troubled-history-2025-04-12/&ved=2ahUKEwj57Z3G7NeMAxVFg1YBHXqcB_QQxfQBegQIBRAC&usg=AOvVaw3A24FHVj6hEZmv2_jnCzR_,"Argentina is already the IMF's largest debtor, by far, and the recipient of the most IMF bailouts in history since it joined in September 1956.",2005
2 days ago,"Magnitude 5.95 earthquake strikes Papua New Guinea's New Britain region, GFZ says",Reuters,https://www.reuters.com/business/environment/magnitude-595-earthquake-strikes-papua-new-guineas-new-britain-region-gfz-says-2025-04-12/&ved=2ahUKEwj57Z3G7NeMAxVFg1YBHXqcB_QQxfQBegQIBBAC&usg=AOvVaw3l0IaxoNaE7Jyf7mo_EPhc,,2005
3 days ago,Relief for Spain's feed makers as EU delays tariff on US corn,Reuters,https://www.reuters.com/markets/commodities/relief-spains-feed-makers-eu-delays-tariff-us-corn-2025-04-10/&ved=2ahUKEwjY8MPI7NeMAxXOr1YBHT3tHNo4ChDF9AF6BAgBEAI&usg=AOvVaw2Jmut-2z8Bd-LVj3pjzqJa,"A delay to EU tariffs against U.S. goods has brought respite for Spain's livestock feed sector that has heavily bought U.S. corn this season,...",2005
3 days ago,US consumer inflation eases ahead of tariffs,Reuters,https://www.reuters.com/markets/us/us-consumer-prices-unexpectedly-fall-march-2025-04-10/&ved=2ahUKEwjY8MPI7NeMAxXOr1YBHT3tHNo4ChDF9AF6BAgEEAI&usg=AOvVaw2QlPHoyX1DVIv_zoJzZKaI,The first monthly decline in prices in nearly five years also suggested softening demand amid recession fears and led markets to anticipate Fed could cut...,2005
3 days ago,Argentine workers launch widespread 24-hour strike against Milei's austerity measures,Reuters,https://www.reuters.com/sustainability/sustainable-finance-reporting/argentine-workers-launch-widespread-24-hour-strike-against-mileis-austerity-2025-04-10/&ved=2ahUKEwjY8MPI7NeMAxXOr1YBHT3tHNo4ChDF9AF6BAgJEAI&usg=AOvVaw2fCL2CFaFJNsDd2_qf6rwW,"Argentina's largest workers' unions kicked off a massive 24-hour strike on Thursday, bringing trains, planes and ports to a halt as they protested against...",2005
3 days ago,"From Daikin to Samsung, companies fight Modi over e-waste policy",Reuters,https://www.reuters.com/world/india/daikin-samsung-companies-fight-modi-over-e-waste-policy-2025-04-11/&ved=2ahUKEwjY8MPI7NeMAxXOr1YBHT3tHNo4ChDF9AF6BAgFEAI&usg=AOvVaw0t8Ru0_xnySqs1qqjeqtpD,India wants to tackle its mounting e-waste problem. Global electronics companies say the cost is too high.,2005
3 days ago,Take Five: Riders on the storm,Reuters,https://www.reuters.com/business/take-five/global-markets-themes-graphic-2025-04-11/&ved=2ahUKEwjY8MPI7NeMAxXOr1YBHT3tHNo4ChDF9AF6BAgDEAI&usg=AOvVaw1EVcYjhKTas-vIFNZ2RPgz,"The global trade war might have been reduced to a battle between Beijing and Washington for now, but a bruising week for markets has left policymakers at...",2005
3 days ago,"ECB ready to deploy its instruments to maintain financial stability, Lagarde says",Reuters,https://www.reuters.com/business/finance/ecb-ready-deploy-its-instruments-maintain-financial-stability-lagarde-says-2025-04-11/&ved=2ahUKEwjY8MPI7NeMAxXOr1YBHT3tHNo4ChDF9AF6BAgGEAI&usg=AOvVaw0YSxqhjB-6NU2h0s7VQ_x4,The European Central Bank is ready to deploy its instruments to maintain financial stability and has a solid track record in devising new tools when...,2005
3 days ago,CBOT corn rally more than justified by US supply cuts,Reuters,https://www.reuters.com/markets/commodities/cbot-corn-rally-more-than-justified-by-us-supply-cuts-braun-2025-04-10/&ved=2ahUKEwjY8MPI7NeMAxXOr1YBHT3tHNo4ChDF9AF6BAgKEAI&usg=AOvVaw3BwwDGtig7w-JfPG7VXtZn,"Chicago corn futures have shot nearly 5% higher so far this week despite gratuitous geopolitical uncertainties, especially when it comes to the United...",2005
3 days ago,Mercedes to end engagement in small vans segment,Reuters,https://www.reuters.com/business/autos-transportation/mercedes-discontinue-citan-t-class-models-automobilwoche-reports-2025-04-11/&ved=2ahUKEwjY8MPI7NeMAxXOr1YBHT3tHNo4ChDF9AF6BAgHEAI&usg=AOvVaw2UbZaJayAE2q6vBQx6iG85,"Mercedes-Benz said on Friday it is shifting focus towards midsize and large vans and ending engagement in the smaller category, after the Automobilwoche...",2005
3 days ago,"Thailand will cut tariffs on US corn imports, minister says",Reuters,https://www.reuters.com/markets/commodities/thailand-will-cut-tariffs-us-corn-imports-minister-says-2025-04-11/&ved=2ahUKEwiSlYbH7NeMAxVU3jQHHSw4OE4QxfQBegQIBhAC&usg=AOvVaw2w9nVC0PQxkaH-gOV698UK,"Thailand will cut tariffs on imports of corn from the United States, but volumes still need to be finalised, the finance minister said on Friday.",2005
3 days ago,"Thailand will cut tariffs on US corn imports, minister says",Reuters,https://www.reuters.com/markets/commodities/thailand-will-cut-tariffs-us-corn-imports-minister-says-2025-04-11/&ved=2ahUKEwj57Z3G7NeMAxVFg1YBHXqcB_QQxfQBegQIBxAC&usg=AOvVaw08rSoIg6iKvV19naYk4zIm,"Thailand will cut tariffs on imports of corn from the United States, but volumes still need to be finalised, the finance minister said on Friday.",2005
4 days ago,"Rhine shipping costs in Germany rise as river level falls, but rain forecast",Reuters,https://www.reuters.com/business/autos-transportation/rhine-shipping-costs-germany-rise-river-level-falls-rain-forecast-2025-04-10/&ved=2ahUKEwjY8MPI7NeMAxXOr1YBHT3tHNo4ChDF9AF6BAgCEAI&usg=AOvVaw3louO_DIPZ1nPj-2i1oPkc,"Freight shipping costs on the Rhine river in Germany surged this week as water levels fell further, compelling vessels to sail less than half full,...",2005
4 days ago,"Chilean miner Codelco logging strong Q2 demand from China, chairman says",Reuters,https://www.reuters.com/markets/commodities/chilean-miner-codelco-logging-strong-q2-demand-china-chairman-says-2025-04-10/&ved=2ahUKEwjY8MPI7NeMAxXOr1YBHT3tHNo4ChDF9AF6BAgIEAI&usg=AOvVaw2EQ9OKL2RwKR5v-2kue-4d,"Chilean copper giant Codelco is seeing strong demand for the red metal from China in the second quarter, the firm's chairman told Reuters on Thursday.",2005
1 hour ago,"Argentine peso slides after FX controls eased, bonds jump",Reuters,https://www.reuters.com/markets/currencies/wall-st-expects-argentina-market-boost-imf-deal-big-shift-fx-controls-2025-04-14/&ved=2ahUKEwihotzK7NeMAxWlr1YBHT1AEQkQxfQBegQIARAC&usg=AOvVaw3ULUCbphg1S3D6s0LKYF_-,The Argentine peso slid around 9% on Monday morning while bonds gained after Buenos Aires sealed a $20 billion loan program with the International Monetary...,2006
1 hour ago,"Argentine peso slides after FX controls eased, bonds jump",Reuters,https://www.reuters.com/markets/currencies/wall-st-expects-argentina-market-boost-imf-deal-big-shift-fx-controls-2025-04-14/&ved=2ahUKEwjq9uLJ7NeMAxXi0zQHHTVaMPYQxfQBegQIARAC&usg=AOvVaw2sHV6CJHZY8rYyPwGiiR7r,The Argentine peso slid around 9% on Monday morning while bonds gained after Buenos Aires sealed a $20 billion loan program with the International Monetary...,2006
3 hours ago,"‘No lettuce, no Big Mac’: why Beth Hart is steering McDonald’s towards regenerative agriculture",Reuters,https://www.reuters.com/sustainability/land-use-biodiversity/no-lettuce-no-big-mac-why-beth-hart-is-steering-mcdonalds-towards-regenerative-2025-04-14/&ved=2ahUKEwihotzK7NeMAxWlr1YBHT1AEQkQxfQBegQIChAC&usg=AOvVaw29Gva62Ie-8IFrbpCLUJ5q,"In August 2020, when McDonald's announced an initiative with farmers in Nebraska to improve soil health, techniques like cover cropping and reduced tillage...",2006
3 hours ago,"‘No lettuce, no Big Mac’: why Beth Hart is steering McDonald’s towards regenerative agriculture",Reuters,https://www.reuters.com/sustainability/land-use-biodiversity/no-lettuce-no-big-mac-why-beth-hart-is-steering-mcdonalds-towards-regenerative-2025-04-14/&ved=2ahUKEwjq9uLJ7NeMAxXi0zQHHTVaMPYQxfQBegQIChAC&usg=AOvVaw1A_XHq443B_6XCVNsZ7p4a,"In August 2020, when McDonald's announced an initiative with farmers in Nebraska to improve soil health, techniques like cover cropping and reduced tillage...",2006
4 hours ago,Patient corn bulls emerge victorious post tariff onslaught,Reuters,https://www.reuters.com/markets/commodities/patient-corn-bulls-emerge-victorious-post-tariff-onslaught-braun-2025-04-13/&ved=2ahUKEwihotzK7NeMAxWlr1YBHT1AEQkQxfQBegQIBxAC&usg=AOvVaw3yqxamutN-u1i3FYLv1KRc,"After building immensely bullish bets, speculators in late February rode out Chicago corn's worst downturn in over a year as the United States prepared to...",2006
4 hours ago,Patient corn bulls emerge victorious post tariff onslaught,Reuters,https://www.reuters.com/markets/commodities/patient-corn-bulls-emerge-victorious-post-tariff-onslaught-braun-2025-04-13/&ved=2ahUKEwjq9uLJ7NeMAxXi0zQHHTVaMPYQxfQBegQIBBAC&usg=AOvVaw3CZsnWXwu3NeuvG7qJDQOk,"After building immensely bullish bets, speculators in late February rode out Chicago corn's worst downturn in over a year as the United States prepared to...",2006
5 hours ago,Holcim spin-off of North American business planned for June,Reuters,https://www.reuters.com/business/holcim-spin-off-north-american-business-planned-june-2025-04-14/&ved=2ahUKEwihotzK7NeMAxWlr1YBHT1AEQkQxfQBegQICRAC&usg=AOvVaw05odE0fHqSD7KElmWZsgnb,"The planned spin-off of Holcim's North American business should take place in June, subject to the approval of shareholders at its May 14 annual general...",2006
5 hours ago,Holcim spin-off of North American business planned for June,Reuters,https://www.reuters.com/business/holcim-spin-off-north-american-business-planned-june-2025-04-14/&ved=2ahUKEwjq9uLJ7NeMAxXi0zQHHTVaMPYQxfQBegQIBhAC&usg=AOvVaw0an05iYuJSLZAhAjyYHcEs,"The planned spin-off of Holcim's North American business should take place in June, subject to the approval of shareholders at its May 14 annual general...",2006
9 hours ago,Thailand says to discuss tariffs with United States on April 21,Reuters,https://www.reuters.com/markets/asia/thailand-says-discuss-tariffs-with-united-states-april-21-2025-04-14/&ved=2ahUKEwihotzK7NeMAxWlr1YBHT1AEQkQxfQBegQICBAC&usg=AOvVaw2l7bM89xMIVb21UTacAeO2,Thailand's finance and commerce ministers will lead a delegation to the United States to meet Trump administration officials and push for relief from...,2006
9 hours ago,Thailand says to discuss tariffs with United States on April 21,Reuters,https://www.reuters.com/markets/asia/thailand-says-discuss-tariffs-with-united-states-april-21-2025-04-14/&ved=2ahUKEwjq9uLJ7NeMAxXi0zQHHTVaMPYQxfQBegQIBRAC&usg=AOvVaw3o-6al8Zwhe_nwd-9JB6gz,Thailand's finance and commerce ministers will lead a delegation to the United States to meet Trump administration officials and push for relief from...,2006
2 days ago,Estonian navy detains Russia-bound oil tanker in Baltic Sea,Reuters,https://www.reuters.com/world/europe/estonian-navy-detains-boards-russia-bound-oil-tanker-baltic-sea-2025-04-11/&ved=2ahUKEwihotzK7NeMAxWlr1YBHT1AEQkQxfQBegQIAhAC&usg=AOvVaw02zHWtaKIXqpc6f47k3LNz,"The Estonian navy detained and boarded a Russia-bound oil tanker on an EU sanctions list on Friday, accusing it of sailing illegally without a valid country...",2006
2 days ago,"Argentina soy, once parched, now has too much rain",Reuters,https://www.reuters.com/sustainability/land-use-biodiversity/argentina-soy-once-parched-now-has-too-much-rain-2025-04-11/&ved=2ahUKEwihotzK7NeMAxWlr1YBHT1AEQkQxfQBegQIAxAC&usg=AOvVaw1DqVWnLmePxuJR1IKI5L1J,"Drenched Argentine fields due to heavy rains in the country's farm heartland are raising fears of soybean losses and delayed sales of the 2024/25 crop,...",2006
2 days ago,Argentina and the IMF: a troubled history,Reuters,https://www.reuters.com/world/americas/argentina-imf-troubled-history-2025-04-12/&ved=2ahUKEwihotzK7NeMAxWlr1YBHT1AEQkQxfQBegQIBBAC&usg=AOvVaw1svB0EH4eUZBikIVVRTYkM,"Argentina is already the IMF's largest debtor, by far, and the recipient of the most IMF bailouts in history since it joined in September 1956.",2006
2 days ago,"Magnitude 5.95 earthquake strikes Papua New Guinea's New Britain region, GFZ says",Reuters,https://www.reuters.com/business/environment/magnitude-595-earthquake-strikes-papua-new-guineas-new-britain-region-gfz-says-2025-04-12/&ved=2ahUKEwihotzK7NeMAxWlr1YBHT1AEQkQxfQBegQIBRAC&usg=AOvVaw2eh0ytoh3cLgOwySmE-uYC,,2006
2 days ago,Estonian navy detains Russia-bound oil tanker in Baltic Sea,Reuters,https://www.reuters.com/world/europe/estonian-navy-detains-boards-russia-bound-oil-tanker-baltic-sea-2025-04-11/&ved=2ahUKEwjq9uLJ7NeMAxXi0zQHHTVaMPYQxfQBegQICBAC&usg=AOvVaw27SS6K5vnqE6KPItCKg4EJ,"The Estonian navy detained and boarded a Russia-bound oil tanker on an EU sanctions list on Friday, accusing it of sailing illegally without a valid country...",2006
2 days ago,"Argentina soy, once parched, now has too much rain",Reuters,https://www.reuters.com/sustainability/land-use-biodiversity/argentina-soy-once-parched-now-has-too-much-rain-2025-04-11/&ved=2ahUKEwjq9uLJ7NeMAxXi0zQHHTVaMPYQxfQBegQIAhAC&usg=AOvVaw1oh74GTGbvsxP0lmE_d6E_,"Drenched Argentine fields due to heavy rains in the country's farm heartland are raising fears of soybean losses and delayed sales of the 2024/25 crop,...",2006
2 days ago,Argentina and the IMF: a troubled history,Reuters,https://www.reuters.com/world/americas/argentina-imf-troubled-history-2025-04-12/&ved=2ahUKEwjq9uLJ7NeMAxXi0zQHHTVaMPYQxfQBegQICRAC&usg=AOvVaw0ns-JcZfuJgJe4xMawnI8Q,"Argentina is already the IMF's largest debtor, by far, and the recipient of the most IMF bailouts in history since it joined in September 1956.",2006
2 days ago,"Magnitude 5.95 earthquake strikes Papua New Guinea's New Britain region, GFZ says",Reuters,https://www.reuters.com/business/environment/magnitude-595-earthquake-strikes-papua-new-guineas-new-britain-region-gfz-says-2025-04-12/&ved=2ahUKEwjq9uLJ7NeMAxXi0zQHHTVaMPYQxfQBegQIAxAC&usg=AOvVaw0OrPKQEFlJSJzai2eNMFCg,,2006
3 days ago,Relief for Spain's feed makers as EU delays tariff on US corn,Reuters,https://www.reuters.com/markets/commodities/relief-spains-feed-makers-eu-delays-tariff-us-corn-2025-04-10/&ved=2ahUKEwjloMvL7NeMAxWKsVYBHfaBKzw4ChDF9AF6BAgIEAI&usg=AOvVaw3KwMepDW0rSedZiLIGpHHB,"A delay to EU tariffs against U.S. goods has brought respite for Spain's livestock feed sector that has heavily bought U.S. corn this season,...",2006
3 days ago,US consumer inflation eases ahead of tariffs,Reuters,https://www.reuters.com/markets/us/us-consumer-prices-unexpectedly-fall-march-2025-04-10/&ved=2ahUKEwjloMvL7NeMAxWKsVYBHfaBKzw4ChDF9AF6BAgBEAI&usg=AOvVaw2Cwv2vKcQDET09hpTzSpu1,The first monthly decline in prices in nearly five years also suggested softening demand amid recession fears and led markets to anticipate Fed could cut...,2006
3 days ago,Argentine workers launch widespread 24-hour strike against Milei's austerity measures,Reuters,https://www.reuters.com/sustainability/sustainable-finance-reporting/argentine-workers-launch-widespread-24-hour-strike-against-mileis-austerity-2025-04-10/&ved=2ahUKEwjloMvL7NeMAxWKsVYBHfaBKzw4ChDF9AF6BAgDEAI&usg=AOvVaw2edPqkUJlqwFu5DY_Rl7No,"Argentina's largest workers' unions kicked off a massive 24-hour strike on Thursday, bringing trains, planes and ports to a halt as they protested against...",2006
3 days ago,"From Daikin to Samsung, companies fight Modi over e-waste policy",Reuters,https://www.reuters.com/world/india/daikin-samsung-companies-fight-modi-over-e-waste-policy-2025-04-11/&ved=2ahUKEwjloMvL7NeMAxWKsVYBHfaBKzw4ChDF9AF6BAgGEAI&usg=AOvVaw2tt7cF79szJ4-lUmjBZlgL,India wants to tackle its mounting e-waste problem. Global electronics companies say the cost is too high.,2006
3 days ago,Take Five: Riders on the storm,Reuters,https://www.reuters.com/business/take-five/global-markets-themes-graphic-2025-04-11/&ved=2ahUKEwjloMvL7NeMAxWKsVYBHfaBKzw4ChDF9AF6BAgEEAI&usg=AOvVaw2nLanJXakSDVM1otB9gdhz,"The global trade war might have been reduced to a battle between Beijing and Washington for now, but a bruising week for markets has left policymakers at...",2006
3 days ago,"ECB ready to deploy its instruments to maintain financial stability, Lagarde says",Reuters,https://www.reuters.com/business/finance/ecb-ready-deploy-its-instruments-maintain-financial-stability-lagarde-says-2025-04-11/&ved=2ahUKEwjloMvL7NeMAxWKsVYBHfaBKzw4ChDF9AF6BAgCEAI&usg=AOvVaw1tJkZ4IaEqVlU8bZZNe2Nw,The European Central Bank is ready to deploy its instruments to maintain financial stability and has a solid track record in devising new tools when...,2006
3 days ago,CBOT corn rally more than justified by US supply cuts,Reuters,https://www.reuters.com/markets/commodities/cbot-corn-rally-more-than-justified-by-us-supply-cuts-braun-2025-04-10/&ved=2ahUKEwjloMvL7NeMAxWKsVYBHfaBKzw4ChDF9AF6BAgKEAI&usg=AOvVaw0vAZSFvK0cp0oEZMbi93c3,"Chicago corn futures have shot nearly 5% higher so far this week despite gratuitous geopolitical uncertainties, especially when it comes to the United...",2006
3 days ago,Mercedes to end engagement in small vans segment,Reuters,https://www.reuters.com/business/autos-transportation/mercedes-discontinue-citan-t-class-models-automobilwoche-reports-2025-04-11/&ved=2ahUKEwjloMvL7NeMAxWKsVYBHfaBKzw4ChDF9AF6BAgJEAI&usg=AOvVaw315nQx87sSre1IGJcaomvf,"Mercedes-Benz said on Friday it is shifting focus towards midsize and large vans and ending engagement in the smaller category, after the Automobilwoche...",2006
3 days ago,"Thailand will cut tariffs on US corn imports, minister says",Reuters,https://www.reuters.com/markets/commodities/thailand-will-cut-tariffs-us-corn-imports-minister-says-2025-04-11/&ved=2ahUKEwihotzK7NeMAxWlr1YBHT1AEQkQxfQBegQIBhAC&usg=AOvVaw3ElXYkwNaiTEQtEF1jDU2N,"Thailand will cut tariffs on imports of corn from the United States, but volumes still need to be finalised, the finance minister said on Friday.",2006
3 days ago,"Thailand will cut tariffs on US corn imports, minister says",Reuters,https://www.reuters.com/markets/commodities/thailand-will-cut-tariffs-us-corn-imports-minister-says-2025-04-11/&ved=2ahUKEwjq9uLJ7NeMAxXi0zQHHTVaMPYQxfQBegQIBxAC&usg=AOvVaw0su9Ra_4pMNlVBBaglwqku,"Thailand will cut tariffs on imports of corn from the United States, but volumes still need to be finalised, the finance minister said on Friday.",2006
4 days ago,"Rhine shipping costs in Germany rise as river level falls, but rain forecast",Reuters,https://www.reuters.com/business/autos-transportation/rhine-shipping-costs-germany-rise-river-level-falls-rain-forecast-2025-04-10/&ved=2ahUKEwjloMvL7NeMAxWKsVYBHfaBKzw4ChDF9AF6BAgHEAI&usg=AOvVaw2EbbWHpa_waV6hhsDF-y6v,"Freight shipping costs on the Rhine river in Germany surged this week as water levels fell further, compelling vessels to sail less than half full,...",2006
4 days ago,"Chilean miner Codelco logging strong Q2 demand from China, chairman says",Reuters,https://www.reuters.com/markets/commodities/chilean-miner-codelco-logging-strong-q2-demand-china-chairman-says-2025-04-10/&ved=2ahUKEwjloMvL7NeMAxWKsVYBHfaBKzw4ChDF9AF6BAgFEAI&usg=AOvVaw0bz1G4jv9m0Bg_E_AwAhKA,"Chilean copper giant Codelco is seeing strong demand for the red metal from China in the second quarter, the firm's chairman told Reuters on Thursday.",2006
1 hour ago,"Argentine peso slides after FX controls eased, bonds jump",Reuters,https://www.reuters.com/markets/currencies/wall-st-expects-argentina-market-boost-imf-deal-big-shift-fx-controls-2025-04-14/&ved=2ahUKEwihotzK7NeMAxWlr1YBHT1AEQkQxfQBegQIARAC&usg=AOvVaw3ULUCbphg1S3D6s0LKYF_-,The Argentine peso slid around 9% on Monday morning while bonds gained after Buenos Aires sealed a $20 billion loan program with the International Monetary...,2006
1 hour ago,"Argentine peso slides after FX controls eased, bonds jump",Reuters,https://www.reuters.com/markets/currencies/wall-st-expects-argentina-market-boost-imf-deal-big-shift-fx-controls-2025-04-14/&ved=2ahUKEwjq9uLJ7NeMAxXi0zQHHTVaMPYQxfQBegQIARAC&usg=AOvVaw2sHV6CJHZY8rYyPwGiiR7r,The Argentine peso slid around 9% on Monday morning while bonds gained after Buenos Aires sealed a $20 billion loan program with the International Monetary...,2006
3 hours ago,"‘No lettuce, no Big Mac’: why Beth Hart is steering McDonald’s towards regenerative agriculture",Reuters,https://www.reuters.com/sustainability/land-use-biodiversity/no-lettuce-no-big-mac-why-beth-hart-is-steering-mcdonalds-towards-regenerative-2025-04-14/&ved=2ahUKEwihotzK7NeMAxWlr1YBHT1AEQkQxfQBegQIChAC&usg=AOvVaw29Gva62Ie-8IFrbpCLUJ5q,"In August 2020, when McDonald's announced an initiative with farmers in Nebraska to improve soil health, techniques like cover cropping and reduced tillage...",2006
3 hours ago,"‘No lettuce, no Big Mac’: why Beth Hart is steering McDonald’s towards regenerative agriculture",Reuters,https://www.reuters.com/sustainability/land-use-biodiversity/no-lettuce-no-big-mac-why-beth-hart-is-steering-mcdonalds-towards-regenerative-2025-04-14/&ved=2ahUKEwjq9uLJ7NeMAxXi0zQHHTVaMPYQxfQBegQIChAC&usg=AOvVaw1A_XHq443B_6XCVNsZ7p4a,"In August 2020, when McDonald's announced an initiative with farmers in Nebraska to improve soil health, techniques like cover cropping and reduced tillage...",2006
4 hours ago,Patient corn bulls emerge victorious post tariff onslaught,Reuters,https://www.reuters.com/markets/commodities/patient-corn-bulls-emerge-victorious-post-tariff-onslaught-braun-2025-04-13/&ved=2ahUKEwihotzK7NeMAxWlr1YBHT1AEQkQxfQBegQIBxAC&usg=AOvVaw3yqxamutN-u1i3FYLv1KRc,"After building immensely bullish bets, speculators in late February rode out Chicago corn's worst downturn in over a year as the United States prepared to...",2006
4 hours ago,Patient corn bulls emerge victorious post tariff onslaught,Reuters,https://www.reuters.com/markets/commodities/patient-corn-bulls-emerge-victorious-post-tariff-onslaught-braun-2025-04-13/&ved=2ahUKEwjq9uLJ7NeMAxXi0zQHHTVaMPYQxfQBegQIBBAC&usg=AOvVaw3CZsnWXwu3NeuvG7qJDQOk,"After building immensely bullish bets, speculators in late February rode out Chicago corn's worst downturn in over a year as the United States prepared to...",2006
5 hours ago,Holcim spin-off of North American business planned for June,Reuters,https://www.reuters.com/business/holcim-spin-off-north-american-business-planned-june-2025-04-14/&ved=2ahUKEwihotzK7NeMAxWlr1YBHT1AEQkQxfQBegQICRAC&usg=AOvVaw05odE0fHqSD7KElmWZsgnb,"The planned spin-off of Holcim's North American business should take place in June, subject to the approval of shareholders at its May 14 annual general...",2006
5 hours ago,Holcim spin-off of North American business planned for June,Reuters,https://www.reuters.com/business/holcim-spin-off-north-american-business-planned-june-2025-04-14/&ved=2ahUKEwjq9uLJ7NeMAxXi0zQHHTVaMPYQxfQBegQIBhAC&usg=AOvVaw0an05iYuJSLZAhAjyYHcEs,"The planned spin-off of Holcim's North American business should take place in June, subject to the approval of shareholders at its May 14 annual general...",2006
9 hours ago,Thailand says to discuss tariffs with United States on April 21,Reuters,https://www.reuters.com/markets/asia/thailand-says-discuss-tariffs-with-united-states-april-21-2025-04-14/&ved=2ahUKEwihotzK7NeMAxWlr1YBHT1AEQkQxfQBegQICBAC&usg=AOvVaw2l7bM89xMIVb21UTacAeO2,Thailand's finance and commerce ministers will lead a delegation to the United States to meet Trump administration officials and push for relief from...,2006
9 hours ago,Thailand says to discuss tariffs with United States on April 21,Reuters,https://www.reuters.com/markets/asia/thailand-says-discuss-tariffs-with-united-states-april-21-2025-04-14/&ved=2ahUKEwjq9uLJ7NeMAxXi0zQHHTVaMPYQxfQBegQIBRAC&usg=AOvVaw3o-6al8Zwhe_nwd-9JB6gz,Thailand's finance and commerce ministers will lead a delegation to the United States to meet Trump administration officials and push for relief from...,2006
2 days ago,Estonian navy detains Russia-bound oil tanker in Baltic Sea,Reuters,https://www.reuters.com/world/europe/estonian-navy-detains-boards-russia-bound-oil-tanker-baltic-sea-2025-04-11/&ved=2ahUKEwihotzK7NeMAxWlr1YBHT1AEQkQxfQBegQIAhAC&usg=AOvVaw02zHWtaKIXqpc6f47k3LNz,"The Estonian navy detained and boarded a Russia-bound oil tanker on an EU sanctions list on Friday, accusing it of sailing illegally without a valid country...",2006
2 days ago,"Argentina soy, once parched, now has too much rain",Reuters,https://www.reuters.com/sustainability/land-use-biodiversity/argentina-soy-once-parched-now-has-too-much-rain-2025-04-11/&ved=2ahUKEwihotzK7NeMAxWlr1YBHT1AEQkQxfQBegQIAxAC&usg=AOvVaw1DqVWnLmePxuJR1IKI5L1J,"Drenched Argentine fields due to heavy rains in the country's farm heartland are raising fears of soybean losses and delayed sales of the 2024/25 crop,...",2006
2 days ago,Argentina and the IMF: a troubled history,Reuters,https://www.reuters.com/world/americas/argentina-imf-troubled-history-2025-04-12/&ved=2ahUKEwihotzK7NeMAxWlr1YBHT1AEQkQxfQBegQIBBAC&usg=AOvVaw1svB0EH4eUZBikIVVRTYkM,"Argentina is already the IMF's largest debtor, by far, and the recipient of the most IMF bailouts in history since it joined in September 1956.",2006
2 days ago,"Magnitude 5.95 earthquake strikes Papua New Guinea's New Britain region, GFZ says",Reuters,https://www.reuters.com/business/environment/magnitude-595-earthquake-strikes-papua-new-guineas-new-britain-region-gfz-says-2025-04-12/&ved=2ahUKEwihotzK7NeMAxWlr1YBHT1AEQkQxfQBegQIBRAC&usg=AOvVaw2eh0ytoh3cLgOwySmE-uYC,,2006
2 days ago,Estonian navy detains Russia-bound oil tanker in Baltic Sea,Reuters,https://www.reuters.com/world/europe/estonian-navy-detains-boards-russia-bound-oil-tanker-baltic-sea-2025-04-11/&ved=2ahUKEwjq9uLJ7NeMAxXi0zQHHTVaMPYQxfQBegQICBAC&usg=AOvVaw27SS6K5vnqE6KPItCKg4EJ,"The Estonian navy detained and boarded a Russia-bound oil tanker on an EU sanctions list on Friday, accusing it of sailing illegally without a valid country...",2006
2 days ago,"Argentina soy, once parched, now has too much rain",Reuters,https://www.reuters.com/sustainability/land-use-biodiversity/argentina-soy-once-parched-now-has-too-much-rain-2025-04-11/&ved=2ahUKEwjq9uLJ7NeMAxXi0zQHHTVaMPYQxfQBegQIAhAC&usg=AOvVaw1oh74GTGbvsxP0lmE_d6E_,"Drenched Argentine fields due to heavy rains in the country's farm heartland are raising fears of soybean losses and delayed sales of the 2024/25 crop,...",2006
2 days ago,Argentina and the IMF: a troubled history,Reuters,https://www.reuters.com/world/americas/argentina-imf-troubled-history-2025-04-12/&ved=2ahUKEwjq9uLJ7NeMAxXi0zQHHTVaMPYQxfQBegQICRAC&usg=AOvVaw0ns-JcZfuJgJe4xMawnI8Q,"Argentina is already the IMF's largest debtor, by far, and the recipient of the most IMF bailouts in history since it joined in September 1956.",2006
2 days ago,"Magnitude 5.95 earthquake strikes Papua New Guinea's New Britain region, GFZ says",Reuters,https://www.reuters.com/business/environment/magnitude-595-earthquake-strikes-papua-new-guineas-new-britain-region-gfz-says-2025-04-12/&ved=2ahUKEwjq9uLJ7NeMAxXi0zQHHTVaMPYQxfQBegQIAxAC&usg=AOvVaw0OrPKQEFlJSJzai2eNMFCg,,2006
3 days ago,Relief for Spain's feed makers as EU delays tariff on US corn,Reuters,https://www.reuters.com/markets/commodities/relief-spains-feed-makers-eu-delays-tariff-us-corn-2025-04-10/&ved=2ahUKEwjloMvL7NeMAxWKsVYBHfaBKzw4ChDF9AF6BAgIEAI&usg=AOvVaw3KwMepDW0rSedZiLIGpHHB,"A delay to EU tariffs against U.S. goods has brought respite for Spain's livestock feed sector that has heavily bought U.S. corn this season,...",2006
3 days ago,US consumer inflation eases ahead of tariffs,Reuters,https://www.reuters.com/markets/us/us-consumer-prices-unexpectedly-fall-march-2025-04-10/&ved=2ahUKEwjloMvL7NeMAxWKsVYBHfaBKzw4ChDF9AF6BAgBEAI&usg=AOvVaw2Cwv2vKcQDET09hpTzSpu1,The first monthly decline in prices in nearly five years also suggested softening demand amid recession fears and led markets to anticipate Fed could cut...,2006
3 days ago,Argentine workers launch widespread 24-hour strike against Milei's austerity measures,Reuters,https://www.reuters.com/sustainability/sustainable-finance-reporting/argentine-workers-launch-widespread-24-hour-strike-against-mileis-austerity-2025-04-10/&ved=2ahUKEwjloMvL7NeMAxWKsVYBHfaBKzw4ChDF9AF6BAgDEAI&usg=AOvVaw2edPqkUJlqwFu5DY_Rl7No,"Argentina's largest workers' unions kicked off a massive 24-hour strike on Thursday, bringing trains, planes and ports to a halt as they protested against...",2006
3 days ago,"From Daikin to Samsung, companies fight Modi over e-waste policy",Reuters,https://www.reuters.com/world/india/daikin-samsung-companies-fight-modi-over-e-waste-policy-2025-04-11/&ved=2ahUKEwjloMvL7NeMAxWKsVYBHfaBKzw4ChDF9AF6BAgGEAI&usg=AOvVaw2tt7cF79szJ4-lUmjBZlgL,India wants to tackle its mounting e-waste problem. Global electronics companies say the cost is too high.,2006
3 days ago,Take Five: Riders on the storm,Reuters,https://www.reuters.com/business/take-five/global-markets-themes-graphic-2025-04-11/&ved=2ahUKEwjloMvL7NeMAxWKsVYBHfaBKzw4ChDF9AF6BAgEEAI&usg=AOvVaw2nLanJXakSDVM1otB9gdhz,"The global trade war might have been reduced to a battle between Beijing and Washington for now, but a bruising week for markets has left policymakers at...",2006
3 days ago,"ECB ready to deploy its instruments to maintain financial stability, Lagarde says",Reuters,https://www.reuters.com/business/finance/ecb-ready-deploy-its-instruments-maintain-financial-stability-lagarde-says-2025-04-11/&ved=2ahUKEwjloMvL7NeMAxWKsVYBHfaBKzw4ChDF9AF6BAgCEAI&usg=AOvVaw1tJkZ4IaEqVlU8bZZNe2Nw,The European Central Bank is ready to deploy its instruments to maintain financial stability and has a solid track record in devising new tools when...,2006
3 days ago,CBOT corn rally more than justified by US supply cuts,Reuters,https://www.reuters.com/markets/commodities/cbot-corn-rally-more-than-justified-by-us-supply-cuts-braun-2025-04-10/&ved=2ahUKEwjloMvL7NeMAxWKsVYBHfaBKzw4ChDF9AF6BAgKEAI&usg=AOvVaw0vAZSFvK0cp0oEZMbi93c3,"Chicago corn futures have shot nearly 5% higher so far this week despite gratuitous geopolitical uncertainties, especially when it comes to the United...",2006
3 days ago,Mercedes to end engagement in small vans segment,Reuters,https://www.reuters.com/business/autos-transportation/mercedes-discontinue-citan-t-class-models-automobilwoche-reports-2025-04-11/&ved=2ahUKEwjloMvL7NeMAxWKsVYBHfaBKzw4ChDF9AF6BAgJEAI&usg=AOvVaw315nQx87sSre1IGJcaomvf,"Mercedes-Benz said on Friday it is shifting focus towards midsize and large vans and ending engagement in the smaller category, after the Automobilwoche...",2006
3 days ago,"Thailand will cut tariffs on US corn imports, minister says",Reuters,https://www.reuters.com/markets/commodities/thailand-will-cut-tariffs-us-corn-imports-minister-says-2025-04-11/&ved=2ahUKEwihotzK7NeMAxWlr1YBHT1AEQkQxfQBegQIBhAC&usg=AOvVaw3ElXYkwNaiTEQtEF1jDU2N,"Thailand will cut tariffs on imports of corn from the United States, but volumes still need to be finalised, the finance minister said on Friday.",2006
3 days ago,"Thailand will cut tariffs on US corn imports, minister says",Reuters,https://www.reuters.com/markets/commodities/thailand-will-cut-tariffs-us-corn-imports-minister-says-2025-04-11/&ved=2ahUKEwjq9uLJ7NeMAxXi0zQHHTVaMPYQxfQBegQIBxAC&usg=AOvVaw0su9Ra_4pMNlVBBaglwqku,"Thailand will cut tariffs on imports of corn from the United States, but volumes still need to be finalised, the finance minister said on Friday.",2006
4 days ago,"Rhine shipping costs in Germany rise as river level falls, but rain forecast",Reuters,https://www.reuters.com/business/autos-transportation/rhine-shipping-costs-germany-rise-river-level-falls-rain-forecast-2025-04-10/&ved=2ahUKEwjloMvL7NeMAxWKsVYBHfaBKzw4ChDF9AF6BAgHEAI&usg=AOvVaw2EbbWHpa_waV6hhsDF-y6v,"Freight shipping costs on the Rhine river in Germany surged this week as water levels fell further, compelling vessels to sail less than half full,...",2006
4 days ago,"Chilean miner Codelco logging strong Q2 demand from China, chairman says",Reuters,https://www.reuters.com/markets/commodities/chilean-miner-codelco-logging-strong-q2-demand-china-chairman-says-2025-04-10/&ved=2ahUKEwjloMvL7NeMAxWKsVYBHfaBKzw4ChDF9AF6BAgFEAI&usg=AOvVaw0bz1G4jv9m0Bg_E_AwAhKA,"Chilean copper giant Codelco is seeing strong demand for the red metal from China in the second quarter, the firm's chairman told Reuters on Thursday.",2006
1 hour ago,"Argentine peso slides after FX controls eased, bonds jump",Reuters,https://www.reuters.com/markets/currencies/wall-st-expects-argentina-market-boost-imf-deal-big-shift-fx-controls-2025-04-14/&ved=2ahUKEwiCpcrP7NeMAxV23TQHHR-gPb0QxfQBegQIBBAC&usg=AOvVaw2F14mj1ArWW55COY225VLC,The Argentine peso slid around 9% on Monday morning while bonds gained after Buenos Aires sealed a $20 billion loan program with the International Monetary...,2007
1 hour ago,"Argentine peso slides after FX controls eased, bonds jump",Reuters,https://www.reuters.com/markets/currencies/wall-st-expects-argentina-market-boost-imf-deal-big-shift-fx-controls-2025-04-14/&ved=2ahUKEwiiv5XO7NeMAxUJklYBHSYeCiYQxfQBegQICBAC&usg=AOvVaw2lmlIwTd3I_CpszFRf-0kT,The Argentine peso slid around 9% on Monday morning while bonds gained after Buenos Aires sealed a $20 billion loan program with the International Monetary...,2007
3 hours ago,"‘No lettuce, no Big Mac’: why Beth Hart is steering McDonald’s towards regenerative agriculture",Reuters,https://www.reuters.com/sustainability/land-use-biodiversity/no-lettuce-no-big-mac-why-beth-hart-is-steering-mcdonalds-towards-regenerative-2025-04-14/&ved=2ahUKEwiCpcrP7NeMAxV23TQHHR-gPb0QxfQBegQIChAC&usg=AOvVaw38GmxBPYWQkjCUnZcVVKSH,"In August 2020, when McDonald's announced an initiative with farmers in Nebraska to improve soil health, techniques like cover cropping and reduced tillage...",2007
3 hours ago,"‘No lettuce, no Big Mac’: why Beth Hart is steering McDonald’s towards regenerative agriculture",Reuters,https://www.reuters.com/sustainability/land-use-biodiversity/no-lettuce-no-big-mac-why-beth-hart-is-steering-mcdonalds-towards-regenerative-2025-04-14/&ved=2ahUKEwiiv5XO7NeMAxUJklYBHSYeCiYQxfQBegQIChAC&usg=AOvVaw3meDS3SpjDEL854J5Cuw8Z,"In August 2020, when McDonald's announced an initiative with farmers in Nebraska to improve soil health, techniques like cover cropping and reduced tillage...",2007
4 hours ago,Patient corn bulls emerge victorious post tariff onslaught,Reuters,https://www.reuters.com/markets/commodities/patient-corn-bulls-emerge-victorious-post-tariff-onslaught-braun-2025-04-13/&ved=2ahUKEwiCpcrP7NeMAxV23TQHHR-gPb0QxfQBegQIBhAC&usg=AOvVaw1j3WOGDSYsok9OqpAvOlCL,"After building immensely bullish bets, speculators in late February rode out Chicago corn's worst downturn in over a year as the United States prepared to...",2007
4 hours ago,Patient corn bulls emerge victorious post tariff onslaught,Reuters,https://www.reuters.com/markets/commodities/patient-corn-bulls-emerge-victorious-post-tariff-onslaught-braun-2025-04-13/&ved=2ahUKEwiiv5XO7NeMAxUJklYBHSYeCiYQxfQBegQIBRAC&usg=AOvVaw3MNd8JAk6KmPN9ilQSPnAQ,"After building immensely bullish bets, speculators in late February rode out Chicago corn's worst downturn in over a year as the United States prepared to...",2007
5 hours ago,Holcim spin-off of North American business planned for June,Reuters,https://www.reuters.com/business/holcim-spin-off-north-american-business-planned-june-2025-04-14/&ved=2ahUKEwiCpcrP7NeMAxV23TQHHR-gPb0QxfQBegQIBxAC&usg=AOvVaw0juCDf__xLSWcD8KpRWsV3,"The planned spin-off of Holcim's North American business should take place in June, subject to the approval of shareholders at its May 14 annual general...",2007
5 hours ago,Holcim spin-off of North American business planned for June,Reuters,https://www.reuters.com/business/holcim-spin-off-north-american-business-planned-june-2025-04-14/&ved=2ahUKEwiiv5XO7NeMAxUJklYBHSYeCiYQxfQBegQIBxAC&usg=AOvVaw0rSJMDA5T48nxZkwRZppC4,"The planned spin-off of Holcim's North American business should take place in June, subject to the approval of shareholders at its May 14 annual general...",2007
9 hours ago,Thailand says to discuss tariffs with United States on April 21,Reuters,https://www.reuters.com/markets/asia/thailand-says-discuss-tariffs-with-united-states-april-21-2025-04-14/&ved=2ahUKEwiCpcrP7NeMAxV23TQHHR-gPb0QxfQBegQICBAC&usg=AOvVaw3gMoaW-BwiU_AmI9_65Hqh,Thailand's finance and commerce ministers will lead a delegation to the United States to meet Trump administration officials and push for relief from...,2007
9 hours ago,Thailand says to discuss tariffs with United States on April 21,Reuters,https://www.reuters.com/markets/asia/thailand-says-discuss-tariffs-with-united-states-april-21-2025-04-14/&ved=2ahUKEwiiv5XO7NeMAxUJklYBHSYeCiYQxfQBegQIAhAC&usg=AOvVaw0ezTleNtq3b-tK00FY23bd,Thailand's finance and commerce ministers will lead a delegation to the United States to meet Trump administration officials and push for relief from...,2007
2 days ago,Estonian navy detains Russia-bound oil tanker in Baltic Sea,Reuters,https://www.reuters.com/world/europe/estonian-navy-detains-boards-russia-bound-oil-tanker-baltic-sea-2025-04-11/&ved=2ahUKEwiCpcrP7NeMAxV23TQHHR-gPb0QxfQBegQIARAC&usg=AOvVaw3bLU9bQKrjHSYucan79Iox,"The Estonian navy detained and boarded a Russia-bound oil tanker on an EU sanctions list on Friday, accusing it of sailing illegally without a valid country...",2007
2 days ago,"Argentina soy, once parched, now has too much rain",Reuters,https://www.reuters.com/sustainability/land-use-biodiversity/argentina-soy-once-parched-now-has-too-much-rain-2025-04-11/&ved=2ahUKEwiCpcrP7NeMAxV23TQHHR-gPb0QxfQBegQIBRAC&usg=AOvVaw3SzhuM8z8MhhpLWGiCYBPd,"Drenched Argentine fields due to heavy rains in the country's farm heartland are raising fears of soybean losses and delayed sales of the 2024/25 crop,...",2007
2 days ago,Argentina and the IMF: a troubled history,Reuters,https://www.reuters.com/world/americas/argentina-imf-troubled-history-2025-04-12/&ved=2ahUKEwiCpcrP7NeMAxV23TQHHR-gPb0QxfQBegQICRAC&usg=AOvVaw3VAAdu08ErB2ilNf95Vn0g,"Argentina is already the IMF's largest debtor, by far, and the recipient of the most IMF bailouts in history since it joined in September 1956.",2007
2 days ago,"Magnitude 5.95 earthquake strikes Papua New Guinea's New Britain region, GFZ says",Reuters,https://www.reuters.com/business/environment/magnitude-595-earthquake-strikes-papua-new-guineas-new-britain-region-gfz-says-2025-04-12/&ved=2ahUKEwiCpcrP7NeMAxV23TQHHR-gPb0QxfQBegQIAxAC&usg=AOvVaw0nng7X5FJ6PQAzItj2zGUw,,2007
2 days ago,Estonian navy detains Russia-bound oil tanker in Baltic Sea,Reuters,https://www.reuters.com/world/europe/estonian-navy-detains-boards-russia-bound-oil-tanker-baltic-sea-2025-04-11/&ved=2ahUKEwiiv5XO7NeMAxUJklYBHSYeCiYQxfQBegQIARAC&usg=AOvVaw2cBnIGGRmwgKyC54qmSdpd,"The Estonian navy detained and boarded a Russia-bound oil tanker on an EU sanctions list on Friday, accusing it of sailing illegally without a valid country...",2007
2 days ago,"Argentina soy, once parched, now has too much rain",Reuters,https://www.reuters.com/sustainability/land-use-biodiversity/argentina-soy-once-parched-now-has-too-much-rain-2025-04-11/&ved=2ahUKEwiiv5XO7NeMAxUJklYBHSYeCiYQxfQBegQIAxAC&usg=AOvVaw0DYkXggPt2q_F6fgQcj561,"Drenched Argentine fields due to heavy rains in the country's farm heartland are raising fears of soybean losses and delayed sales of the 2024/25 crop,...",2007
2 days ago,Argentina and the IMF: a troubled history,Reuters,https://www.reuters.com/world/americas/argentina-imf-troubled-history-2025-04-12/&ved=2ahUKEwiiv5XO7NeMAxUJklYBHSYeCiYQxfQBegQIBBAC&usg=AOvVaw12dp9gUMOql_HW_1sEwGt7,"Argentina is already the IMF's largest debtor, by far, and the recipient of the most IMF bailouts in history since it joined in September 1956.",2007
2 days ago,"Magnitude 5.95 earthquake strikes Papua New Guinea's New Britain region, GFZ says",Reuters,https://www.reuters.com/business/environment/magnitude-595-earthquake-strikes-papua-new-guineas-new-britain-region-gfz-says-2025-04-12/&ved=2ahUKEwiiv5XO7NeMAxUJklYBHSYeCiYQxfQBegQIBhAC&usg=AOvVaw1bBn2daIUhDvAIz0qhWq4a,,2007
3 days ago,Relief for Spain's feed makers as EU delays tariff on US corn,Reuters,https://www.reuters.com/markets/commodities/relief-spains-feed-makers-eu-delays-tariff-us-corn-2025-04-10/&ved=2ahUKEwj5-73Q7NeMAxUOslYBHd-_Bw44ChDF9AF6BAgCEAI&usg=AOvVaw0KES9RgpEgde1WCFRvvLPF,"A delay to EU tariffs against U.S. goods has brought respite for Spain's livestock feed sector that has heavily bought U.S. corn this season,...",2007
3 days ago,US consumer inflation eases ahead of tariffs,Reuters,https://www.reuters.com/markets/us/us-consumer-prices-unexpectedly-fall-march-2025-04-10/&ved=2ahUKEwj5-73Q7NeMAxUOslYBHd-_Bw44ChDF9AF6BAgBEAI&usg=AOvVaw22aVFoUSeLW7gIh4KKvKhA,The first monthly decline in prices in nearly five years also suggested softening demand amid recession fears and led markets to anticipate Fed could cut...,2007
3 days ago,Argentine workers launch widespread 24-hour strike against Milei's austerity measures,Reuters,https://www.reuters.com/sustainability/sustainable-finance-reporting/argentine-workers-launch-widespread-24-hour-strike-against-mileis-austerity-2025-04-10/&ved=2ahUKEwj5-73Q7NeMAxUOslYBHd-_Bw44ChDF9AF6BAgEEAI&usg=AOvVaw2dRuz38FsihWZq0wcb-ByI,"Argentina's largest workers' unions kicked off a massive 24-hour strike on Thursday, bringing trains, planes and ports to a halt as they protested against...",2007
3 days ago,"From Daikin to Samsung, companies fight Modi over e-waste policy",Reuters,https://www.reuters.com/world/india/daikin-samsung-companies-fight-modi-over-e-waste-policy-2025-04-11/&ved=2ahUKEwj5-73Q7NeMAxUOslYBHd-_Bw44ChDF9AF6BAgDEAI&usg=AOvVaw1U6x36TpV81xIpxhe8ruiC,India wants to tackle its mounting e-waste problem. Global electronics companies say the cost is too high.,2007
3 days ago,Take Five: Riders on the storm,Reuters,https://www.reuters.com/business/take-five/global-markets-themes-graphic-2025-04-11/&ved=2ahUKEwj5-73Q7NeMAxUOslYBHd-_Bw44ChDF9AF6BAgFEAI&usg=AOvVaw2bpfAhBoMBH6KkBLNAJw38,"The global trade war might have been reduced to a battle between Beijing and Washington for now, but a bruising week for markets has left policymakers at...",2007
3 days ago,"ECB ready to deploy its instruments to maintain financial stability, Lagarde says",Reuters,https://www.reuters.com/business/finance/ecb-ready-deploy-its-instruments-maintain-financial-stability-lagarde-says-2025-04-11/&ved=2ahUKEwj5-73Q7NeMAxUOslYBHd-_Bw44ChDF9AF6BAgGEAI&usg=AOvVaw0aYQ4NWU4beNMtWBU4d_f-,The European Central Bank is ready to deploy its instruments to maintain financial stability and has a solid track record in devising new tools when...,2007
3 days ago,CBOT corn rally more than justified by US supply cuts,Reuters,https://www.reuters.com/markets/commodities/cbot-corn-rally-more-than-justified-by-us-supply-cuts-braun-2025-04-10/&ved=2ahUKEwj5-73Q7NeMAxUOslYBHd-_Bw44ChDF9AF6BAgKEAI&usg=AOvVaw0wNqeq8xq65e-aDvX4UDPX,"Chicago corn futures have shot nearly 5% higher so far this week despite gratuitous geopolitical uncertainties, especially when it comes to the United...",2007
3 days ago,Mercedes to end engagement in small vans segment,Reuters,https://www.reuters.com/business/autos-transportation/mercedes-discontinue-citan-t-class-models-automobilwoche-reports-2025-04-11/&ved=2ahUKEwj5-73Q7NeMAxUOslYBHd-_Bw44ChDF9AF6BAgJEAI&usg=AOvVaw35-5CrjHgZO2sqCLdXgdSd,"Mercedes-Benz said on Friday it is shifting focus towards midsize and large vans and ending engagement in the smaller category, after the Automobilwoche...",2007
3 days ago,"Thailand will cut tariffs on US corn imports, minister says",Reuters,https://www.reuters.com/markets/commodities/thailand-will-cut-tariffs-us-corn-imports-minister-says-2025-04-11/&ved=2ahUKEwiCpcrP7NeMAxV23TQHHR-gPb0QxfQBegQIAhAC&usg=AOvVaw3oUQIPSKCVPmFNpQaGnWn7,"Thailand will cut tariffs on imports of corn from the United States, but volumes still need to be finalised, the finance minister said on Friday.",2007
3 days ago,"Thailand will cut tariffs on US corn imports, minister says",Reuters,https://www.reuters.com/markets/commodities/thailand-will-cut-tariffs-us-corn-imports-minister-says-2025-04-11/&ved=2ahUKEwiiv5XO7NeMAxUJklYBHSYeCiYQxfQBegQICRAC&usg=AOvVaw0dE1TBDwpfoeqQADHIoRGn,"Thailand will cut tariffs on imports of corn from the United States, but volumes still need to be finalised, the finance minister said on Friday.",2007
4 days ago,"Rhine shipping costs in Germany rise as river level falls, but rain forecast",Reuters,https://www.reuters.com/business/autos-transportation/rhine-shipping-costs-germany-rise-river-level-falls-rain-forecast-2025-04-10/&ved=2ahUKEwj5-73Q7NeMAxUOslYBHd-_Bw44ChDF9AF6BAgHEAI&usg=AOvVaw2EE7tjlsT1l5lLx5ERUa10,"Freight shipping costs on the Rhine river in Germany surged this week as water levels fell further, compelling vessels to sail less than half full,...",2007
4 days ago,"Chilean miner Codelco logging strong Q2 demand from China, chairman says",Reuters,https://www.reuters.com/markets/commodities/chilean-miner-codelco-logging-strong-q2-demand-china-chairman-says-2025-04-10/&ved=2ahUKEwj5-73Q7NeMAxUOslYBHd-_Bw44ChDF9AF6BAgIEAI&usg=AOvVaw3Qs-Bb_J__KkK4BM5m__tJ,"Chilean copper giant Codelco is seeing strong demand for the red metal from China in the second quarter, the firm's chairman told Reuters on Thursday.",2007
1 hour ago,"Argentine peso slides after FX controls eased, bonds jump",Reuters,https://www.reuters.com/markets/currencies/wall-st-expects-argentina-market-boost-imf-deal-big-shift-fx-controls-2025-04-14/&ved=2ahUKEwiCpcrP7NeMAxV23TQHHR-gPb0QxfQBegQIBBAC&usg=AOvVaw2F14mj1ArWW55COY225VLC,The Argentine peso slid around 9% on Monday morning while bonds gained after Buenos Aires sealed a $20 billion loan program with the International Monetary...,2007
1 hour ago,"Argentine peso slides after FX controls eased, bonds jump",Reuters,https://www.reuters.com/markets/currencies/wall-st-expects-argentina-market-boost-imf-deal-big-shift-fx-controls-2025-04-14/&ved=2ahUKEwiiv5XO7NeMAxUJklYBHSYeCiYQxfQBegQICBAC&usg=AOvVaw2lmlIwTd3I_CpszFRf-0kT,The Argentine peso slid around 9% on Monday morning while bonds gained after Buenos Aires sealed a $20 billion loan program with the International Monetary...,2007
3 hours ago,"‘No lettuce, no Big Mac’: why Beth Hart is steering McDonald’s towards regenerative agriculture",Reuters,https://www.reuters.com/sustainability/land-use-biodiversity/no-lettuce-no-big-mac-why-beth-hart-is-steering-mcdonalds-towards-regenerative-2025-04-14/&ved=2ahUKEwiCpcrP7NeMAxV23TQHHR-gPb0QxfQBegQIChAC&usg=AOvVaw38GmxBPYWQkjCUnZcVVKSH,"In August 2020, when McDonald's announced an initiative with farmers in Nebraska to improve soil health, techniques like cover cropping and reduced tillage...",2007
3 hours ago,"‘No lettuce, no Big Mac’: why Beth Hart is steering McDonald’s towards regenerative agriculture",Reuters,https://www.reuters.com/sustainability/land-use-biodiversity/no-lettuce-no-big-mac-why-beth-hart-is-steering-mcdonalds-towards-regenerative-2025-04-14/&ved=2ahUKEwiiv5XO7NeMAxUJklYBHSYeCiYQxfQBegQIChAC&usg=AOvVaw3meDS3SpjDEL854J5Cuw8Z,"In August 2020, when McDonald's announced an initiative with farmers in Nebraska to improve soil health, techniques like cover cropping and reduced tillage...",2007
4 hours ago,Patient corn bulls emerge victorious post tariff onslaught,Reuters,https://www.reuters.com/markets/commodities/patient-corn-bulls-emerge-victorious-post-tariff-onslaught-braun-2025-04-13/&ved=2ahUKEwiCpcrP7NeMAxV23TQHHR-gPb0QxfQBegQIBhAC&usg=AOvVaw1j3WOGDSYsok9OqpAvOlCL,"After building immensely bullish bets, speculators in late February rode out Chicago corn's worst downturn in over a year as the United States prepared to...",2007
4 hours ago,Patient corn bulls emerge victorious post tariff onslaught,Reuters,https://www.reuters.com/markets/commodities/patient-corn-bulls-emerge-victorious-post-tariff-onslaught-braun-2025-04-13/&ved=2ahUKEwiiv5XO7NeMAxUJklYBHSYeCiYQxfQBegQIBRAC&usg=AOvVaw3MNd8JAk6KmPN9ilQSPnAQ,"After building immensely bullish bets, speculators in late February rode out Chicago corn's worst downturn in over a year as the United States prepared to...",2007
5 hours ago,Holcim spin-off of North American business planned for June,Reuters,https://www.reuters.com/business/holcim-spin-off-north-american-business-planned-june-2025-04-14/&ved=2ahUKEwiCpcrP7NeMAxV23TQHHR-gPb0QxfQBegQIBxAC&usg=AOvVaw0juCDf__xLSWcD8KpRWsV3,"The planned spin-off of Holcim's North American business should take place in June, subject to the approval of shareholders at its May 14 annual general...",2007
5 hours ago,Holcim spin-off of North American business planned for June,Reuters,https://www.reuters.com/business/holcim-spin-off-north-american-business-planned-june-2025-04-14/&ved=2ahUKEwiiv5XO7NeMAxUJklYBHSYeCiYQxfQBegQIBxAC&usg=AOvVaw0rSJMDA5T48nxZkwRZppC4,"The planned spin-off of Holcim's North American business should take place in June, subject to the approval of shareholders at its May 14 annual general...",2007
9 hours ago,Thailand says to discuss tariffs with United States on April 21,Reuters,https://www.reuters.com/markets/asia/thailand-says-discuss-tariffs-with-united-states-april-21-2025-04-14/&ved=2ahUKEwiCpcrP7NeMAxV23TQHHR-gPb0QxfQBegQICBAC&usg=AOvVaw3gMoaW-BwiU_AmI9_65Hqh,Thailand's finance and commerce ministers will lead a delegation to the United States to meet Trump administration officials and push for relief from...,2007
9 hours ago,Thailand says to discuss tariffs with United States on April 21,Reuters,https://www.reuters.com/markets/asia/thailand-says-discuss-tariffs-with-united-states-april-21-2025-04-14/&ved=2ahUKEwiiv5XO7NeMAxUJklYBHSYeCiYQxfQBegQIAhAC&usg=AOvVaw0ezTleNtq3b-tK00FY23bd,Thailand's finance and commerce ministers will lead a delegation to the United States to meet Trump administration officials and push for relief from...,2007
2 days ago,Estonian navy detains Russia-bound oil tanker in Baltic Sea,Reuters,https://www.reuters.com/world/europe/estonian-navy-detains-boards-russia-bound-oil-tanker-baltic-sea-2025-04-11/&ved=2ahUKEwiCpcrP7NeMAxV23TQHHR-gPb0QxfQBegQIARAC&usg=AOvVaw3bLU9bQKrjHSYucan79Iox,"The Estonian navy detained and boarded a Russia-bound oil tanker on an EU sanctions list on Friday, accusing it of sailing illegally without a valid country...",2007
2 days ago,"Argentina soy, once parched, now has too much rain",Reuters,https://www.reuters.com/sustainability/land-use-biodiversity/argentina-soy-once-parched-now-has-too-much-rain-2025-04-11/&ved=2ahUKEwiCpcrP7NeMAxV23TQHHR-gPb0QxfQBegQIBRAC&usg=AOvVaw3SzhuM8z8MhhpLWGiCYBPd,"Drenched Argentine fields due to heavy rains in the country's farm heartland are raising fears of soybean losses and delayed sales of the 2024/25 crop,...",2007
2 days ago,Argentina and the IMF: a troubled history,Reuters,https://www.reuters.com/world/americas/argentina-imf-troubled-history-2025-04-12/&ved=2ahUKEwiCpcrP7NeMAxV23TQHHR-gPb0QxfQBegQICRAC&usg=AOvVaw3VAAdu08ErB2ilNf95Vn0g,"Argentina is already the IMF's largest debtor, by far, and the recipient of the most IMF bailouts in history since it joined in September 1956.",2007
2 days ago,"Magnitude 5.95 earthquake strikes Papua New Guinea's New Britain region, GFZ says",Reuters,https://www.reuters.com/business/environment/magnitude-595-earthquake-strikes-papua-new-guineas-new-britain-region-gfz-says-2025-04-12/&ved=2ahUKEwiCpcrP7NeMAxV23TQHHR-gPb0QxfQBegQIAxAC&usg=AOvVaw0nng7X5FJ6PQAzItj2zGUw,,2007
2 days ago,Estonian navy detains Russia-bound oil tanker in Baltic Sea,Reuters,https://www.reuters.com/world/europe/estonian-navy-detains-boards-russia-bound-oil-tanker-baltic-sea-2025-04-11/&ved=2ahUKEwiiv5XO7NeMAxUJklYBHSYeCiYQxfQBegQIARAC&usg=AOvVaw2cBnIGGRmwgKyC54qmSdpd,"The Estonian navy detained and boarded a Russia-bound oil tanker on an EU sanctions list on Friday, accusing it of sailing illegally without a valid country...",2007
2 days ago,"Argentina soy, once parched, now has too much rain",Reuters,https://www.reuters.com/sustainability/land-use-biodiversity/argentina-soy-once-parched-now-has-too-much-rain-2025-04-11/&ved=2ahUKEwiiv5XO7NeMAxUJklYBHSYeCiYQxfQBegQIAxAC&usg=AOvVaw0DYkXggPt2q_F6fgQcj561,"Drenched Argentine fields due to heavy rains in the country's farm heartland are raising fears of soybean losses and delayed sales of the 2024/25 crop,...",2007
2 days ago,Argentina and the IMF: a troubled history,Reuters,https://www.reuters.com/world/americas/argentina-imf-troubled-history-2025-04-12/&ved=2ahUKEwiiv5XO7NeMAxUJklYBHSYeCiYQxfQBegQIBBAC&usg=AOvVaw12dp9gUMOql_HW_1sEwGt7,"Argentina is already the IMF's largest debtor, by far, and the recipient of the most IMF bailouts in history since it joined in September 1956.",2007
2 days ago,"Magnitude 5.95 earthquake strikes Papua New Guinea's New Britain region, GFZ says",Reuters,https://www.reuters.com/business/environment/magnitude-595-earthquake-strikes-papua-new-guineas-new-britain-region-gfz-says-2025-04-12/&ved=2ahUKEwiiv5XO7NeMAxUJklYBHSYeCiYQxfQBegQIBhAC&usg=AOvVaw1bBn2daIUhDvAIz0qhWq4a,,2007
3 days ago,Relief for Spain's feed makers as EU delays tariff on US corn,Reuters,https://www.reuters.com/markets/commodities/relief-spains-feed-makers-eu-delays-tariff-us-corn-2025-04-10/&ved=2ahUKEwj5-73Q7NeMAxUOslYBHd-_Bw44ChDF9AF6BAgCEAI&usg=AOvVaw0KES9RgpEgde1WCFRvvLPF,"A delay to EU tariffs against U.S. goods has brought respite for Spain's livestock feed sector that has heavily bought U.S. corn this season,...",2007
3 days ago,US consumer inflation eases ahead of tariffs,Reuters,https://www.reuters.com/markets/us/us-consumer-prices-unexpectedly-fall-march-2025-04-10/&ved=2ahUKEwj5-73Q7NeMAxUOslYBHd-_Bw44ChDF9AF6BAgBEAI&usg=AOvVaw22aVFoUSeLW7gIh4KKvKhA,The first monthly decline in prices in nearly five years also suggested softening demand amid recession fears and led markets to anticipate Fed could cut...,2007
3 days ago,Argentine workers launch widespread 24-hour strike against Milei's austerity measures,Reuters,https://www.reuters.com/sustainability/sustainable-finance-reporting/argentine-workers-launch-widespread-24-hour-strike-against-mileis-austerity-2025-04-10/&ved=2ahUKEwj5-73Q7NeMAxUOslYBHd-_Bw44ChDF9AF6BAgEEAI&usg=AOvVaw2dRuz38FsihWZq0wcb-ByI,"Argentina's largest workers' unions kicked off a massive 24-hour strike on Thursday, bringing trains, planes and ports to a halt as they protested against...",2007
3 days ago,"From Daikin to Samsung, companies fight Modi over e-waste policy",Reuters,https://www.reuters.com/world/india/daikin-samsung-companies-fight-modi-over-e-waste-policy-2025-04-11/&ved=2ahUKEwj5-73Q7NeMAxUOslYBHd-_Bw44ChDF9AF6BAgDEAI&usg=AOvVaw1U6x36TpV81xIpxhe8ruiC,India wants to tackle its mounting e-waste problem. Global electronics companies say the cost is too high.,2007
3 days ago,Take Five: Riders on the storm,Reuters,https://www.reuters.com/business/take-five/global-markets-themes-graphic-2025-04-11/&ved=2ahUKEwj5-73Q7NeMAxUOslYBHd-_Bw44ChDF9AF6BAgFEAI&usg=AOvVaw2bpfAhBoMBH6KkBLNAJw38,"The global trade war might have been reduced to a battle between Beijing and Washington for now, but a bruising week for markets has left policymakers at...",2007
3 days ago,"ECB ready to deploy its instruments to maintain financial stability, Lagarde says",Reuters,https://www.reuters.com/business/finance/ecb-ready-deploy-its-instruments-maintain-financial-stability-lagarde-says-2025-04-11/&ved=2ahUKEwj5-73Q7NeMAxUOslYBHd-_Bw44ChDF9AF6BAgGEAI&usg=AOvVaw0aYQ4NWU4beNMtWBU4d_f-,The European Central Bank is ready to deploy its instruments to maintain financial stability and has a solid track record in devising new tools when...,2007
3 days ago,CBOT corn rally more than justified by US supply cuts,Reuters,https://www.reuters.com/markets/commodities/cbot-corn-rally-more-than-justified-by-us-supply-cuts-braun-2025-04-10/&ved=2ahUKEwj5-73Q7NeMAxUOslYBHd-_Bw44ChDF9AF6BAgKEAI&usg=AOvVaw0wNqeq8xq65e-aDvX4UDPX,"Chicago corn futures have shot nearly 5% higher so far this week despite gratuitous geopolitical uncertainties, especially when it comes to the United...",2007
3 days ago,Mercedes to end engagement in small vans segment,Reuters,https://www.reuters.com/business/autos-transportation/mercedes-discontinue-citan-t-class-models-automobilwoche-reports-2025-04-11/&ved=2ahUKEwj5-73Q7NeMAxUOslYBHd-_Bw44ChDF9AF6BAgJEAI&usg=AOvVaw35-5CrjHgZO2sqCLdXgdSd,"Mercedes-Benz said on Friday it is shifting focus towards midsize and large vans and ending engagement in the smaller category, after the Automobilwoche...",2007
3 days ago,"Thailand will cut tariffs on US corn imports, minister says",Reuters,https://www.reuters.com/markets/commodities/thailand-will-cut-tariffs-us-corn-imports-minister-says-2025-04-11/&ved=2ahUKEwiCpcrP7NeMAxV23TQHHR-gPb0QxfQBegQIAhAC&usg=AOvVaw3oUQIPSKCVPmFNpQaGnWn7,"Thailand will cut tariffs on imports of corn from the United States, but volumes still need to be finalised, the finance minister said on Friday.",2007
3 days ago,"Thailand will cut tariffs on US corn imports, minister says",Reuters,https://www.reuters.com/markets/commodities/thailand-will-cut-tariffs-us-corn-imports-minister-says-2025-04-11/&ved=2ahUKEwiiv5XO7NeMAxUJklYBHSYeCiYQxfQBegQICRAC&usg=AOvVaw0dE1TBDwpfoeqQADHIoRGn,"Thailand will cut tariffs on imports of corn from the United States, but volumes still need to be finalised, the finance minister said on Friday.",2007
4 days ago,"Rhine shipping costs in Germany rise as river level falls, but rain forecast",Reuters,https://www.reuters.com/business/autos-transportation/rhine-shipping-costs-germany-rise-river-level-falls-rain-forecast-2025-04-10/&ved=2ahUKEwj5-73Q7NeMAxUOslYBHd-_Bw44ChDF9AF6BAgHEAI&usg=AOvVaw2EE7tjlsT1l5lLx5ERUa10,"Freight shipping costs on the Rhine river in Germany surged this week as water levels fell further, compelling vessels to sail less than half full,...",2007
4 days ago,"Chilean miner Codelco logging strong Q2 demand from China, chairman says",Reuters,https://www.reuters.com/markets/commodities/chilean-miner-codelco-logging-strong-q2-demand-china-chairman-says-2025-04-10/&ved=2ahUKEwj5-73Q7NeMAxUOslYBHd-_Bw44ChDF9AF6BAgIEAI&usg=AOvVaw3Qs-Bb_J__KkK4BM5m__tJ,"Chilean copper giant Codelco is seeing strong demand for the red metal from China in the second quarter, the firm's chairman told Reuters on Thursday.",2007
1 hour ago,"Argentine peso slides after FX controls eased, bonds jump",Reuters,https://www.reuters.com/markets/currencies/wall-st-expects-argentina-market-boost-imf-deal-big-shift-fx-controls-2025-04-14/&ved=2ahUKEwiw5LnS7NeMAxX1sFYBHXYXOBsQxfQBegQIAhAC&usg=AOvVaw2-mAoFrdkOuh-0kORX_jm7,The Argentine peso slid around 9% on Monday morning while bonds gained after Buenos Aires sealed a $20 billion loan program with the International Monetary...,2008
1 hour ago,"Argentine peso slides after FX controls eased, bonds jump",Reuters,https://www.reuters.com/markets/currencies/wall-st-expects-argentina-market-boost-imf-deal-big-shift-fx-controls-2025-04-14/&ved=2ahUKEwiu6NrR7NeMAxU-p1YBHUEODZcQxfQBegQIBxAC&usg=AOvVaw2wtfmRPL4A0OUqc4W_j32Z,The Argentine peso slid around 9% on Monday morning while bonds gained after Buenos Aires sealed a $20 billion loan program with the International Monetary...,2008
3 hours ago,"‘No lettuce, no Big Mac’: why Beth Hart is steering McDonald’s towards regenerative agriculture",Reuters,https://www.reuters.com/sustainability/land-use-biodiversity/no-lettuce-no-big-mac-why-beth-hart-is-steering-mcdonalds-towards-regenerative-2025-04-14/&ved=2ahUKEwiw5LnS7NeMAxX1sFYBHXYXOBsQxfQBegQIChAC&usg=AOvVaw3xHf0OqhW86i8UadJ8S16T,"In August 2020, when McDonald's announced an initiative with farmers in Nebraska to improve soil health, techniques like cover cropping and reduced tillage...",2008
3 hours ago,"‘No lettuce, no Big Mac’: why Beth Hart is steering McDonald’s towards regenerative agriculture",Reuters,https://www.reuters.com/sustainability/land-use-biodiversity/no-lettuce-no-big-mac-why-beth-hart-is-steering-mcdonalds-towards-regenerative-2025-04-14/&ved=2ahUKEwiu6NrR7NeMAxU-p1YBHUEODZcQxfQBegQIChAC&usg=AOvVaw2gV60QQHW8Ki30rBXklEW9,"In August 2020, when McDonald's announced an initiative with farmers in Nebraska to improve soil health, techniques like cover cropping and reduced tillage...",2008
4 hours ago,Patient corn bulls emerge victorious post tariff onslaught,Reuters,https://www.reuters.com/markets/commodities/patient-corn-bulls-emerge-victorious-post-tariff-onslaught-braun-2025-04-13/&ved=2ahUKEwiw5LnS7NeMAxX1sFYBHXYXOBsQxfQBegQIBRAC&usg=AOvVaw009qjUgmvEoyK9p6d5adVU,"After building immensely bullish bets, speculators in late February rode out Chicago corn's worst downturn in over a year as the United States prepared to...",2008
4 hours ago,Patient corn bulls emerge victorious post tariff onslaught,Reuters,https://www.reuters.com/markets/commodities/patient-corn-bulls-emerge-victorious-post-tariff-onslaught-braun-2025-04-13/&ved=2ahUKEwiu6NrR7NeMAxU-p1YBHUEODZcQxfQBegQIBRAC&usg=AOvVaw1xoS318ISrBztHNZI-ZTAk,"After building immensely bullish bets, speculators in late February rode out Chicago corn's worst downturn in over a year as the United States prepared to...",2008
5 hours ago,Holcim spin-off of North American business planned for June,Reuters,https://www.reuters.com/business/holcim-spin-off-north-american-business-planned-june-2025-04-14/&ved=2ahUKEwiw5LnS7NeMAxX1sFYBHXYXOBsQxfQBegQICBAC&usg=AOvVaw3vf437CFcBqOQv0dQSSo4w,"The planned spin-off of Holcim's North American business should take place in June, subject to the approval of shareholders at its May 14 annual general...",2008
5 hours ago,Holcim spin-off of North American business planned for June,Reuters,https://www.reuters.com/business/holcim-spin-off-north-american-business-planned-june-2025-04-14/&ved=2ahUKEwiu6NrR7NeMAxU-p1YBHUEODZcQxfQBegQIARAC&usg=AOvVaw0sFIMTwljw3ZS2G04qxQ8I,"The planned spin-off of Holcim's North American business should take place in June, subject to the approval of shareholders at its May 14 annual general...",2008
9 hours ago,Thailand says to discuss tariffs with United States on April 21,Reuters,https://www.reuters.com/markets/asia/thailand-says-discuss-tariffs-with-united-states-april-21-2025-04-14/&ved=2ahUKEwiw5LnS7NeMAxX1sFYBHXYXOBsQxfQBegQICRAC&usg=AOvVaw1TZdGQaypMhh37JyZUdZqH,Thailand's finance and commerce ministers will lead a delegation to the United States to meet Trump administration officials and push for relief from...,2008
9 hours ago,Thailand says to discuss tariffs with United States on April 21,Reuters,https://www.reuters.com/markets/asia/thailand-says-discuss-tariffs-with-united-states-april-21-2025-04-14/&ved=2ahUKEwiu6NrR7NeMAxU-p1YBHUEODZcQxfQBegQIAxAC&usg=AOvVaw3MyHB6kuyQqfUjPNeU5xLr,Thailand's finance and commerce ministers will lead a delegation to the United States to meet Trump administration officials and push for relief from...,2008
2 days ago,Estonian navy detains Russia-bound oil tanker in Baltic Sea,Reuters,https://www.reuters.com/world/europe/estonian-navy-detains-boards-russia-bound-oil-tanker-baltic-sea-2025-04-11/&ved=2ahUKEwiw5LnS7NeMAxX1sFYBHXYXOBsQxfQBegQIARAC&usg=AOvVaw0fFOGkQ7S9kD1uEFTgr6ri,"The Estonian navy detained and boarded a Russia-bound oil tanker on an EU sanctions list on Friday, accusing it of sailing illegally without a valid country...",2008
2 days ago,"Argentina soy, once parched, now has too much rain",Reuters,https://www.reuters.com/sustainability/land-use-biodiversity/argentina-soy-once-parched-now-has-too-much-rain-2025-04-11/&ved=2ahUKEwiw5LnS7NeMAxX1sFYBHXYXOBsQxfQBegQIBhAC&usg=AOvVaw0OqNw4tlpWbMOd4JEMqVo6,"Drenched Argentine fields due to heavy rains in the country's farm heartland are raising fears of soybean losses and delayed sales of the 2024/25 crop,...",2008
2 days ago,Argentina and the IMF: a troubled history,Reuters,https://www.reuters.com/world/americas/argentina-imf-troubled-history-2025-04-12/&ved=2ahUKEwiw5LnS7NeMAxX1sFYBHXYXOBsQxfQBegQIAxAC&usg=AOvVaw025tk8Eh6Yc9V6SfK3IT1i,"Argentina is already the IMF's largest debtor, by far, and the recipient of the most IMF bailouts in history since it joined in September 1956.",2008
2 days ago,"Magnitude 5.95 earthquake strikes Papua New Guinea's New Britain region, GFZ says",Reuters,https://www.reuters.com/business/environment/magnitude-595-earthquake-strikes-papua-new-guineas-new-britain-region-gfz-says-2025-04-12/&ved=2ahUKEwiw5LnS7NeMAxX1sFYBHXYXOBsQxfQBegQIBxAC&usg=AOvVaw1i56-UWPLeh2pDjrFsL7wv,,2008
2 days ago,Estonian navy detains Russia-bound oil tanker in Baltic Sea,Reuters,https://www.reuters.com/world/europe/estonian-navy-detains-boards-russia-bound-oil-tanker-baltic-sea-2025-04-11/&ved=2ahUKEwiu6NrR7NeMAxU-p1YBHUEODZcQxfQBegQIBhAC&usg=AOvVaw1ZYJEO-rPP6pJU2X3JNPsp,"The Estonian navy detained and boarded a Russia-bound oil tanker on an EU sanctions list on Friday, accusing it of sailing illegally without a valid country...",2008
2 days ago,"Argentina soy, once parched, now has too much rain",Reuters,https://www.reuters.com/sustainability/land-use-biodiversity/argentina-soy-once-parched-now-has-too-much-rain-2025-04-11/&ved=2ahUKEwiu6NrR7NeMAxU-p1YBHUEODZcQxfQBegQICRAC&usg=AOvVaw11M8nK_iawCDEoME_HYQZm,"Drenched Argentine fields due to heavy rains in the country's farm heartland are raising fears of soybean losses and delayed sales of the 2024/25 crop,...",2008
2 days ago,Argentina and the IMF: a troubled history,Reuters,https://www.reuters.com/world/americas/argentina-imf-troubled-history-2025-04-12/&ved=2ahUKEwiu6NrR7NeMAxU-p1YBHUEODZcQxfQBegQICBAC&usg=AOvVaw2b7uomdi_IyBkqJHqG_77O,"Argentina is already the IMF's largest debtor, by far, and the recipient of the most IMF bailouts in history since it joined in September 1956.",2008
2 days ago,"Magnitude 5.95 earthquake strikes Papua New Guinea's New Britain region, GFZ says",Reuters,https://www.reuters.com/business/environment/magnitude-595-earthquake-strikes-papua-new-guineas-new-britain-region-gfz-says-2025-04-12/&ved=2ahUKEwiu6NrR7NeMAxU-p1YBHUEODZcQxfQBegQIBBAC&usg=AOvVaw06iCv6Q_tE26XkTWGWpUpr,,2008
3 days ago,Relief for Spain's feed makers as EU delays tariff on US corn,Reuters,https://www.reuters.com/markets/commodities/relief-spains-feed-makers-eu-delays-tariff-us-corn-2025-04-10/&ved=2ahUKEwifnerT7NeMAxXQr1YBHTOyM2o4ChDF9AF6BAgFEAI&usg=AOvVaw0JSHCEgqt4zpg234smFO3s,"A delay to EU tariffs against U.S. goods has brought respite for Spain's livestock feed sector that has heavily bought U.S. corn this season,...",2008
3 days ago,US consumer inflation eases ahead of tariffs,Reuters,https://www.reuters.com/markets/us/us-consumer-prices-unexpectedly-fall-march-2025-04-10/&ved=2ahUKEwifnerT7NeMAxXQr1YBHTOyM2o4ChDF9AF6BAgHEAI&usg=AOvVaw2ncgH3ZzW5xXgHVqAXcZgI,The first monthly decline in prices in nearly five years also suggested softening demand amid recession fears and led markets to anticipate Fed could cut...,2008
3 days ago,Argentine workers launch widespread 24-hour strike against Milei's austerity measures,Reuters,https://www.reuters.com/sustainability/sustainable-finance-reporting/argentine-workers-launch-widespread-24-hour-strike-against-mileis-austerity-2025-04-10/&ved=2ahUKEwifnerT7NeMAxXQr1YBHTOyM2o4ChDF9AF6BAgIEAI&usg=AOvVaw1bnaqDpeEuIRAycagWQfZE,"Argentina's largest workers' unions kicked off a massive 24-hour strike on Thursday, bringing trains, planes and ports to a halt as they protested against...",2008
3 days ago,"From Daikin to Samsung, companies fight Modi over e-waste policy",Reuters,https://www.reuters.com/world/india/daikin-samsung-companies-fight-modi-over-e-waste-policy-2025-04-11/&ved=2ahUKEwifnerT7NeMAxXQr1YBHTOyM2o4ChDF9AF6BAgEEAI&usg=AOvVaw3Vt3Q-DGkd3oMsJ1nqScWl,India wants to tackle its mounting e-waste problem. Global electronics companies say the cost is too high.,2008
3 days ago,Take Five: Riders on the storm,Reuters,https://www.reuters.com/business/take-five/global-markets-themes-graphic-2025-04-11/&ved=2ahUKEwifnerT7NeMAxXQr1YBHTOyM2o4ChDF9AF6BAgBEAI&usg=AOvVaw33JCT3YJudPIWpzaBU6mat,"The global trade war might have been reduced to a battle between Beijing and Washington for now, but a bruising week for markets has left policymakers at...",2008
3 days ago,"ECB ready to deploy its instruments to maintain financial stability, Lagarde says",Reuters,https://www.reuters.com/business/finance/ecb-ready-deploy-its-instruments-maintain-financial-stability-lagarde-says-2025-04-11/&ved=2ahUKEwifnerT7NeMAxXQr1YBHTOyM2o4ChDF9AF6BAgGEAI&usg=AOvVaw1Tw3vic3lBVAU-STVftIjc,The European Central Bank is ready to deploy its instruments to maintain financial stability and has a solid track record in devising new tools when...,2008
3 days ago,CBOT corn rally more than justified by US supply cuts,Reuters,https://www.reuters.com/markets/commodities/cbot-corn-rally-more-than-justified-by-us-supply-cuts-braun-2025-04-10/&ved=2ahUKEwifnerT7NeMAxXQr1YBHTOyM2o4ChDF9AF6BAgKEAI&usg=AOvVaw08fLi4VoR4QZCcbvVKKyO7,"Chicago corn futures have shot nearly 5% higher so far this week despite gratuitous geopolitical uncertainties, especially when it comes to the United...",2008
3 days ago,Mercedes to end engagement in small vans segment,Reuters,https://www.reuters.com/business/autos-transportation/mercedes-discontinue-citan-t-class-models-automobilwoche-reports-2025-04-11/&ved=2ahUKEwifnerT7NeMAxXQr1YBHTOyM2o4ChDF9AF6BAgJEAI&usg=AOvVaw21r0HfdtJ17Uuv5k-MpbsP,"Mercedes-Benz said on Friday it is shifting focus towards midsize and large vans and ending engagement in the smaller category, after the Automobilwoche...",2008
3 days ago,"Thailand will cut tariffs on US corn imports, minister says",Reuters,https://www.reuters.com/markets/commodities/thailand-will-cut-tariffs-us-corn-imports-minister-says-2025-04-11/&ved=2ahUKEwiw5LnS7NeMAxX1sFYBHXYXOBsQxfQBegQIBBAC&usg=AOvVaw0H8dqbtrm5Amft6FmCOy2k,"Thailand will cut tariffs on imports of corn from the United States, but volumes still need to be finalised, the finance minister said on Friday.",2008
3 days ago,"Thailand will cut tariffs on US corn imports, minister says",Reuters,https://www.reuters.com/markets/commodities/thailand-will-cut-tariffs-us-corn-imports-minister-says-2025-04-11/&ved=2ahUKEwiu6NrR7NeMAxU-p1YBHUEODZcQxfQBegQIAhAC&usg=AOvVaw0dc84C43HfzYeMTq3DByy1,"Thailand will cut tariffs on imports of corn from the United States, but volumes still need to be finalised, the finance minister said on Friday.",2008
4 days ago,"Rhine shipping costs in Germany rise as river level falls, but rain forecast",Reuters,https://www.reuters.com/business/autos-transportation/rhine-shipping-costs-germany-rise-river-level-falls-rain-forecast-2025-04-10/&ved=2ahUKEwifnerT7NeMAxXQr1YBHTOyM2o4ChDF9AF6BAgDEAI&usg=AOvVaw0XeIQFUYlC6FRy5gE8Rx7M,"Freight shipping costs on the Rhine river in Germany surged this week as water levels fell further, compelling vessels to sail less than half full,...",2008
4 days ago,"Chilean miner Codelco logging strong Q2 demand from China, chairman says",Reuters,https://www.reuters.com/markets/commodities/chilean-miner-codelco-logging-strong-q2-demand-china-chairman-says-2025-04-10/&ved=2ahUKEwifnerT7NeMAxXQr1YBHTOyM2o4ChDF9AF6BAgCEAI&usg=AOvVaw2eoYeTuozr39BoJB9vObxG,"Chilean copper giant Codelco is seeing strong demand for the red metal from China in the second quarter, the firm's chairman told Reuters on Thursday.",2008
1 hour ago,"Argentine peso slides after FX controls eased, bonds jump",Reuters,https://www.reuters.com/markets/currencies/wall-st-expects-argentina-market-boost-imf-deal-big-shift-fx-controls-2025-04-14/&ved=2ahUKEwiw5LnS7NeMAxX1sFYBHXYXOBsQxfQBegQIAhAC&usg=AOvVaw2-mAoFrdkOuh-0kORX_jm7,The Argentine peso slid around 9% on Monday morning while bonds gained after Buenos Aires sealed a $20 billion loan program with the International Monetary...,2008
1 hour ago,"Argentine peso slides after FX controls eased, bonds jump",Reuters,https://www.reuters.com/markets/currencies/wall-st-expects-argentina-market-boost-imf-deal-big-shift-fx-controls-2025-04-14/&ved=2ahUKEwiu6NrR7NeMAxU-p1YBHUEODZcQxfQBegQIBxAC&usg=AOvVaw2wtfmRPL4A0OUqc4W_j32Z,The Argentine peso slid around 9% on Monday morning while bonds gained after Buenos Aires sealed a $20 billion loan program with the International Monetary...,2008
3 hours ago,"‘No lettuce, no Big Mac’: why Beth Hart is steering McDonald’s towards regenerative agriculture",Reuters,https://www.reuters.com/sustainability/land-use-biodiversity/no-lettuce-no-big-mac-why-beth-hart-is-steering-mcdonalds-towards-regenerative-2025-04-14/&ved=2ahUKEwiw5LnS7NeMAxX1sFYBHXYXOBsQxfQBegQIChAC&usg=AOvVaw3xHf0OqhW86i8UadJ8S16T,"In August 2020, when McDonald's announced an initiative with farmers in Nebraska to improve soil health, techniques like cover cropping and reduced tillage...",2008
3 hours ago,"‘No lettuce, no Big Mac’: why Beth Hart is steering McDonald’s towards regenerative agriculture",Reuters,https://www.reuters.com/sustainability/land-use-biodiversity/no-lettuce-no-big-mac-why-beth-hart-is-steering-mcdonalds-towards-regenerative-2025-04-14/&ved=2ahUKEwiu6NrR7NeMAxU-p1YBHUEODZcQxfQBegQIChAC&usg=AOvVaw2gV60QQHW8Ki30rBXklEW9,"In August 2020, when McDonald's announced an initiative with farmers in Nebraska to improve soil health, techniques like cover cropping and reduced tillage...",2008
4 hours ago,Patient corn bulls emerge victorious post tariff onslaught,Reuters,https://www.reuters.com/markets/commodities/patient-corn-bulls-emerge-victorious-post-tariff-onslaught-braun-2025-04-13/&ved=2ahUKEwiw5LnS7NeMAxX1sFYBHXYXOBsQxfQBegQIBRAC&usg=AOvVaw009qjUgmvEoyK9p6d5adVU,"After building immensely bullish bets, speculators in late February rode out Chicago corn's worst downturn in over a year as the United States prepared to...",2008
4 hours ago,Patient corn bulls emerge victorious post tariff onslaught,Reuters,https://www.reuters.com/markets/commodities/patient-corn-bulls-emerge-victorious-post-tariff-onslaught-braun-2025-04-13/&ved=2ahUKEwiu6NrR7NeMAxU-p1YBHUEODZcQxfQBegQIBRAC&usg=AOvVaw1xoS318ISrBztHNZI-ZTAk,"After building immensely bullish bets, speculators in late February rode out Chicago corn's worst downturn in over a year as the United States prepared to...",2008
5 hours ago,Holcim spin-off of North American business planned for June,Reuters,https://www.reuters.com/business/holcim-spin-off-north-american-business-planned-june-2025-04-14/&ved=2ahUKEwiw5LnS7NeMAxX1sFYBHXYXOBsQxfQBegQICBAC&usg=AOvVaw3vf437CFcBqOQv0dQSSo4w,"The planned spin-off of Holcim's North American business should take place in June, subject to the approval of shareholders at its May 14 annual general...",2008
5 hours ago,Holcim spin-off of North American business planned for June,Reuters,https://www.reuters.com/business/holcim-spin-off-north-american-business-planned-june-2025-04-14/&ved=2ahUKEwiu6NrR7NeMAxU-p1YBHUEODZcQxfQBegQIARAC&usg=AOvVaw0sFIMTwljw3ZS2G04qxQ8I,"The planned spin-off of Holcim's North American business should take place in June, subject to the approval of shareholders at its May 14 annual general...",2008
9 hours ago,Thailand says to discuss tariffs with United States on April 21,Reuters,https://www.reuters.com/markets/asia/thailand-says-discuss-tariffs-with-united-states-april-21-2025-04-14/&ved=2ahUKEwiw5LnS7NeMAxX1sFYBHXYXOBsQxfQBegQICRAC&usg=AOvVaw1TZdGQaypMhh37JyZUdZqH,Thailand's finance and commerce ministers will lead a delegation to the United States to meet Trump administration officials and push for relief from...,2008
9 hours ago,Thailand says to discuss tariffs with United States on April 21,Reuters,https://www.reuters.com/markets/asia/thailand-says-discuss-tariffs-with-united-states-april-21-2025-04-14/&ved=2ahUKEwiu6NrR7NeMAxU-p1YBHUEODZcQxfQBegQIAxAC&usg=AOvVaw3MyHB6kuyQqfUjPNeU5xLr,Thailand's finance and commerce ministers will lead a delegation to the United States to meet Trump administration officials and push for relief from...,2008
2 days ago,Estonian navy detains Russia-bound oil tanker in Baltic Sea,Reuters,https://www.reuters.com/world/europe/estonian-navy-detains-boards-russia-bound-oil-tanker-baltic-sea-2025-04-11/&ved=2ahUKEwiw5LnS7NeMAxX1sFYBHXYXOBsQxfQBegQIARAC&usg=AOvVaw0fFOGkQ7S9kD1uEFTgr6ri,"The Estonian navy detained and boarded a Russia-bound oil tanker on an EU sanctions list on Friday, accusing it of sailing illegally without a valid country...",2008
2 days ago,"Argentina soy, once parched, now has too much rain",Reuters,https://www.reuters.com/sustainability/land-use-biodiversity/argentina-soy-once-parched-now-has-too-much-rain-2025-04-11/&ved=2ahUKEwiw5LnS7NeMAxX1sFYBHXYXOBsQxfQBegQIBhAC&usg=AOvVaw0OqNw4tlpWbMOd4JEMqVo6,"Drenched Argentine fields due to heavy rains in the country's farm heartland are raising fears of soybean losses and delayed sales of the 2024/25 crop,...",2008
2 days ago,Argentina and the IMF: a troubled history,Reuters,https://www.reuters.com/world/americas/argentina-imf-troubled-history-2025-04-12/&ved=2ahUKEwiw5LnS7NeMAxX1sFYBHXYXOBsQxfQBegQIAxAC&usg=AOvVaw025tk8Eh6Yc9V6SfK3IT1i,"Argentina is already the IMF's largest debtor, by far, and the recipient of the most IMF bailouts in history since it joined in September 1956.",2008
2 days ago,"Magnitude 5.95 earthquake strikes Papua New Guinea's New Britain region, GFZ says",Reuters,https://www.reuters.com/business/environment/magnitude-595-earthquake-strikes-papua-new-guineas-new-britain-region-gfz-says-2025-04-12/&ved=2ahUKEwiw5LnS7NeMAxX1sFYBHXYXOBsQxfQBegQIBxAC&usg=AOvVaw1i56-UWPLeh2pDjrFsL7wv,,2008
2 days ago,Estonian navy detains Russia-bound oil tanker in Baltic Sea,Reuters,https://www.reuters.com/world/europe/estonian-navy-detains-boards-russia-bound-oil-tanker-baltic-sea-2025-04-11/&ved=2ahUKEwiu6NrR7NeMAxU-p1YBHUEODZcQxfQBegQIBhAC&usg=AOvVaw1ZYJEO-rPP6pJU2X3JNPsp,"The Estonian navy detained and boarded a Russia-bound oil tanker on an EU sanctions list on Friday, accusing it of sailing illegally without a valid country...",2008
2 days ago,"Argentina soy, once parched, now has too much rain",Reuters,https://www.reuters.com/sustainability/land-use-biodiversity/argentina-soy-once-parched-now-has-too-much-rain-2025-04-11/&ved=2ahUKEwiu6NrR7NeMAxU-p1YBHUEODZcQxfQBegQICRAC&usg=AOvVaw11M8nK_iawCDEoME_HYQZm,"Drenched Argentine fields due to heavy rains in the country's farm heartland are raising fears of soybean losses and delayed sales of the 2024/25 crop,...",2008
2 days ago,Argentina and the IMF: a troubled history,Reuters,https://www.reuters.com/world/americas/argentina-imf-troubled-history-2025-04-12/&ved=2ahUKEwiu6NrR7NeMAxU-p1YBHUEODZcQxfQBegQICBAC&usg=AOvVaw2b7uomdi_IyBkqJHqG_77O,"Argentina is already the IMF's largest debtor, by far, and the recipient of the most IMF bailouts in history since it joined in September 1956.",2008
2 days ago,"Magnitude 5.95 earthquake strikes Papua New Guinea's New Britain region, GFZ says",Reuters,https://www.reuters.com/business/environment/magnitude-595-earthquake-strikes-papua-new-guineas-new-britain-region-gfz-says-2025-04-12/&ved=2ahUKEwiu6NrR7NeMAxU-p1YBHUEODZcQxfQBegQIBBAC&usg=AOvVaw06iCv6Q_tE26XkTWGWpUpr,,2008
3 days ago,Relief for Spain's feed makers as EU delays tariff on US corn,Reuters,https://www.reuters.com/markets/commodities/relief-spains-feed-makers-eu-delays-tariff-us-corn-2025-04-10/&ved=2ahUKEwifnerT7NeMAxXQr1YBHTOyM2o4ChDF9AF6BAgFEAI&usg=AOvVaw0JSHCEgqt4zpg234smFO3s,"A delay to EU tariffs against U.S. goods has brought respite for Spain's livestock feed sector that has heavily bought U.S. corn this season,...",2008
3 days ago,US consumer inflation eases ahead of tariffs,Reuters,https://www.reuters.com/markets/us/us-consumer-prices-unexpectedly-fall-march-2025-04-10/&ved=2ahUKEwifnerT7NeMAxXQr1YBHTOyM2o4ChDF9AF6BAgHEAI&usg=AOvVaw2ncgH3ZzW5xXgHVqAXcZgI,The first monthly decline in prices in nearly five years also suggested softening demand amid recession fears and led markets to anticipate Fed could cut...,2008
3 days ago,Argentine workers launch widespread 24-hour strike against Milei's austerity measures,Reuters,https://www.reuters.com/sustainability/sustainable-finance-reporting/argentine-workers-launch-widespread-24-hour-strike-against-mileis-austerity-2025-04-10/&ved=2ahUKEwifnerT7NeMAxXQr1YBHTOyM2o4ChDF9AF6BAgIEAI&usg=AOvVaw1bnaqDpeEuIRAycagWQfZE,"Argentina's largest workers' unions kicked off a massive 24-hour strike on Thursday, bringing trains, planes and ports to a halt as they protested against...",2008
3 days ago,"From Daikin to Samsung, companies fight Modi over e-waste policy",Reuters,https://www.reuters.com/world/india/daikin-samsung-companies-fight-modi-over-e-waste-policy-2025-04-11/&ved=2ahUKEwifnerT7NeMAxXQr1YBHTOyM2o4ChDF9AF6BAgEEAI&usg=AOvVaw3Vt3Q-DGkd3oMsJ1nqScWl,India wants to tackle its mounting e-waste problem. Global electronics companies say the cost is too high.,2008
3 days ago,Take Five: Riders on the storm,Reuters,https://www.reuters.com/business/take-five/global-markets-themes-graphic-2025-04-11/&ved=2ahUKEwifnerT7NeMAxXQr1YBHTOyM2o4ChDF9AF6BAgBEAI&usg=AOvVaw33JCT3YJudPIWpzaBU6mat,"The global trade war might have been reduced to a battle between Beijing and Washington for now, but a bruising week for markets has left policymakers at...",2008
3 days ago,"ECB ready to deploy its instruments to maintain financial stability, Lagarde says",Reuters,https://www.reuters.com/business/finance/ecb-ready-deploy-its-instruments-maintain-financial-stability-lagarde-says-2025-04-11/&ved=2ahUKEwifnerT7NeMAxXQr1YBHTOyM2o4ChDF9AF6BAgGEAI&usg=AOvVaw1Tw3vic3lBVAU-STVftIjc,The European Central Bank is ready to deploy its instruments to maintain financial stability and has a solid track record in devising new tools when...,2008
3 days ago,CBOT corn rally more than justified by US supply cuts,Reuters,https://www.reuters.com/markets/commodities/cbot-corn-rally-more-than-justified-by-us-supply-cuts-braun-2025-04-10/&ved=2ahUKEwifnerT7NeMAxXQr1YBHTOyM2o4ChDF9AF6BAgKEAI&usg=AOvVaw08fLi4VoR4QZCcbvVKKyO7,"Chicago corn futures have shot nearly 5% higher so far this week despite gratuitous geopolitical uncertainties, especially when it comes to the United...",2008
3 days ago,Mercedes to end engagement in small vans segment,Reuters,https://www.reuters.com/business/autos-transportation/mercedes-discontinue-citan-t-class-models-automobilwoche-reports-2025-04-11/&ved=2ahUKEwifnerT7NeMAxXQr1YBHTOyM2o4ChDF9AF6BAgJEAI&usg=AOvVaw21r0HfdtJ17Uuv5k-MpbsP,"Mercedes-Benz said on Friday it is shifting focus towards midsize and large vans and ending engagement in the smaller category, after the Automobilwoche...",2008
3 days ago,"Thailand will cut tariffs on US corn imports, minister says",Reuters,https://www.reuters.com/markets/commodities/thailand-will-cut-tariffs-us-corn-imports-minister-says-2025-04-11/&ved=2ahUKEwiw5LnS7NeMAxX1sFYBHXYXOBsQxfQBegQIBBAC&usg=AOvVaw0H8dqbtrm5Amft6FmCOy2k,"Thailand will cut tariffs on imports of corn from the United States, but volumes still need to be finalised, the finance minister said on Friday.",2008
3 days ago,"Thailand will cut tariffs on US corn imports, minister says",Reuters,https://www.reuters.com/markets/commodities/thailand-will-cut-tariffs-us-corn-imports-minister-says-2025-04-11/&ved=2ahUKEwiu6NrR7NeMAxU-p1YBHUEODZcQxfQBegQIAhAC&usg=AOvVaw0dc84C43HfzYeMTq3DByy1,"Thailand will cut tariffs on imports of corn from the United States, but volumes still need to be finalised, the finance minister said on Friday.",2008
4 days ago,"Rhine shipping costs in Germany rise as river level falls, but rain forecast",Reuters,https://www.reuters.com/business/autos-transportation/rhine-shipping-costs-germany-rise-river-level-falls-rain-forecast-2025-04-10/&ved=2ahUKEwifnerT7NeMAxXQr1YBHTOyM2o4ChDF9AF6BAgDEAI&usg=AOvVaw0XeIQFUYlC6FRy5gE8Rx7M,"Freight shipping costs on the Rhine river in Germany surged this week as water levels fell further, compelling vessels to sail less than half full,...",2008
4 days ago,"Chilean miner Codelco logging strong Q2 demand from China, chairman says",Reuters,https://www.reuters.com/markets/commodities/chilean-miner-codelco-logging-strong-q2-demand-china-chairman-says-2025-04-10/&ved=2ahUKEwifnerT7NeMAxXQr1YBHTOyM2o4ChDF9AF6BAgCEAI&usg=AOvVaw2eoYeTuozr39BoJB9vObxG,"Chilean copper giant Codelco is seeing strong demand for the red metal from China in the second quarter, the firm's chairman told Reuters on Thursday.",2008
1 hour ago,"Argentine peso slides after FX controls eased, bonds jump",Reuters,https://www.reuters.com/markets/currencies/wall-st-expects-argentina-market-boost-imf-deal-big-shift-fx-controls-2025-04-14/&ved=2ahUKEwijzfrW7NeMAxWzsVYBHQnRIUoQxfQBegQIARAC&usg=AOvVaw2OniwJ-cw8WHkXaS3kbY12,The Argentine peso slid around 9% on Monday morning while bonds gained after Buenos Aires sealed a $20 billion loan program with the International Monetary...,2009
1 hour ago,"Argentine peso slides after FX controls eased, bonds jump",Reuters,https://www.reuters.com/markets/currencies/wall-st-expects-argentina-market-boost-imf-deal-big-shift-fx-controls-2025-04-14/&ved=2ahUKEwj3psPV7NeMAxW9slYBHR_sBVgQxfQBegQIAhAC&usg=AOvVaw0BBDmIkKFpEblu-f_Icc0T,The Argentine peso slid around 9% on Monday morning while bonds gained after Buenos Aires sealed a $20 billion loan program with the International Monetary...,2009
3 hours ago,"‘No lettuce, no Big Mac’: why Beth Hart is steering McDonald’s towards regenerative agriculture",Reuters,https://www.reuters.com/sustainability/land-use-biodiversity/no-lettuce-no-big-mac-why-beth-hart-is-steering-mcdonalds-towards-regenerative-2025-04-14/&ved=2ahUKEwijzfrW7NeMAxWzsVYBHQnRIUoQxfQBegQIChAC&usg=AOvVaw0Dw3XUrKRqROqQ0Q-mS3Rm,"In August 2020, when McDonald's announced an initiative with farmers in Nebraska to improve soil health, techniques like cover cropping and reduced tillage...",2009
3 hours ago,"‘No lettuce, no Big Mac’: why Beth Hart is steering McDonald’s towards regenerative agriculture",Reuters,https://www.reuters.com/sustainability/land-use-biodiversity/no-lettuce-no-big-mac-why-beth-hart-is-steering-mcdonalds-towards-regenerative-2025-04-14/&ved=2ahUKEwj3psPV7NeMAxW9slYBHR_sBVgQxfQBegQIChAC&usg=AOvVaw0406mt0U18anGdsym9g5Ad,"In August 2020, when McDonald's announced an initiative with farmers in Nebraska to improve soil health, techniques like cover cropping and reduced tillage...",2009
4 hours ago,Patient corn bulls emerge victorious post tariff onslaught,Reuters,https://www.reuters.com/markets/commodities/patient-corn-bulls-emerge-victorious-post-tariff-onslaught-braun-2025-04-13/&ved=2ahUKEwijzfrW7NeMAxWzsVYBHQnRIUoQxfQBegQIBhAC&usg=AOvVaw1h6ghgnhQEQNbcIpabHi1P,"After building immensely bullish bets, speculators in late February rode out Chicago corn's worst downturn in over a year as the United States prepared to...",2009
4 hours ago,Patient corn bulls emerge victorious post tariff onslaught,Reuters,https://www.reuters.com/markets/commodities/patient-corn-bulls-emerge-victorious-post-tariff-onslaught-braun-2025-04-13/&ved=2ahUKEwj3psPV7NeMAxW9slYBHR_sBVgQxfQBegQIAxAC&usg=AOvVaw1ExgIabNxK5XZwAuAiFhH2,"After building immensely bullish bets, speculators in late February rode out Chicago corn's worst downturn in over a year as the United States prepared to...",2009
5 hours ago,Holcim spin-off of North American business planned for June,Reuters,https://www.reuters.com/business/holcim-spin-off-north-american-business-planned-june-2025-04-14/&ved=2ahUKEwijzfrW7NeMAxWzsVYBHQnRIUoQxfQBegQICBAC&usg=AOvVaw1Wpr9v-eoj-sLrntU0R6t4,"The planned spin-off of Holcim's North American business should take place in June, subject to the approval of shareholders at its May 14 annual general...",2009
5 hours ago,Holcim spin-off of North American business planned for June,Reuters,https://www.reuters.com/business/holcim-spin-off-north-american-business-planned-june-2025-04-14/&ved=2ahUKEwj3psPV7NeMAxW9slYBHR_sBVgQxfQBegQICBAC&usg=AOvVaw3dB05OgDbHfbRtwhDO2bkC,"The planned spin-off of Holcim's North American business should take place in June, subject to the approval of shareholders at its May 14 annual general...",2009
9 hours ago,Thailand says to discuss tariffs with United States on April 21,Reuters,https://www.reuters.com/markets/asia/thailand-says-discuss-tariffs-with-united-states-april-21-2025-04-14/&ved=2ahUKEwijzfrW7NeMAxWzsVYBHQnRIUoQxfQBegQIBRAC&usg=AOvVaw00dcbt5UJ_a25nZ80e5FFh,Thailand's finance and commerce ministers will lead a delegation to the United States to meet Trump administration officials and push for relief from...,2009
9 hours ago,Thailand says to discuss tariffs with United States on April 21,Reuters,https://www.reuters.com/markets/asia/thailand-says-discuss-tariffs-with-united-states-april-21-2025-04-14/&ved=2ahUKEwj3psPV7NeMAxW9slYBHR_sBVgQxfQBegQIBxAC&usg=AOvVaw2fUydFlUBIDRiDGox4zi9o,Thailand's finance and commerce ministers will lead a delegation to the United States to meet Trump administration officials and push for relief from...,2009
2 days ago,Estonian navy detains Russia-bound oil tanker in Baltic Sea,Reuters,https://www.reuters.com/world/europe/estonian-navy-detains-boards-russia-bound-oil-tanker-baltic-sea-2025-04-11/&ved=2ahUKEwijzfrW7NeMAxWzsVYBHQnRIUoQxfQBegQIBBAC&usg=AOvVaw08CHWi2i6ibtVJizPw_5V2,"The Estonian navy detained and boarded a Russia-bound oil tanker on an EU sanctions list on Friday, accusing it of sailing illegally without a valid country...",2009
2 days ago,"Argentina soy, once parched, now has too much rain",Reuters,https://www.reuters.com/sustainability/land-use-biodiversity/argentina-soy-once-parched-now-has-too-much-rain-2025-04-11/&ved=2ahUKEwijzfrW7NeMAxWzsVYBHQnRIUoQxfQBegQICRAC&usg=AOvVaw0NAjcxIC8qCg1F8OtJMpXf,"Drenched Argentine fields due to heavy rains in the country's farm heartland are raising fears of soybean losses and delayed sales of the 2024/25 crop,...",2009
2 days ago,Argentina and the IMF: a troubled history,Reuters,https://www.reuters.com/world/americas/argentina-imf-troubled-history-2025-04-12/&ved=2ahUKEwijzfrW7NeMAxWzsVYBHQnRIUoQxfQBegQIAhAC&usg=AOvVaw2hYGCNGUtp_tTYOFFqA2nX,"Argentina is already the IMF's largest debtor, by far, and the recipient of the most IMF bailouts in history since it joined in September 1956.",2009
2 days ago,"Magnitude 5.95 earthquake strikes Papua New Guinea's New Britain region, GFZ says",Reuters,https://www.reuters.com/business/environment/magnitude-595-earthquake-strikes-papua-new-guineas-new-britain-region-gfz-says-2025-04-12/&ved=2ahUKEwijzfrW7NeMAxWzsVYBHQnRIUoQxfQBegQIBxAC&usg=AOvVaw0BlpHMJRCmr6lYdzeJbLBf,,2009
2 days ago,Estonian navy detains Russia-bound oil tanker in Baltic Sea,Reuters,https://www.reuters.com/world/europe/estonian-navy-detains-boards-russia-bound-oil-tanker-baltic-sea-2025-04-11/&ved=2ahUKEwj3psPV7NeMAxW9slYBHR_sBVgQxfQBegQIBRAC&usg=AOvVaw3RfoKZoRn8cXC2XoRhhWjE,"The Estonian navy detained and boarded a Russia-bound oil tanker on an EU sanctions list on Friday, accusing it of sailing illegally without a valid country...",2009
2 days ago,"Argentina soy, once parched, now has too much rain",Reuters,https://www.reuters.com/sustainability/land-use-biodiversity/argentina-soy-once-parched-now-has-too-much-rain-2025-04-11/&ved=2ahUKEwj3psPV7NeMAxW9slYBHR_sBVgQxfQBegQIARAC&usg=AOvVaw0u4wQbu-bIUidc8oOvvngN,"Drenched Argentine fields due to heavy rains in the country's farm heartland are raising fears of soybean losses and delayed sales of the 2024/25 crop,...",2009
2 days ago,Argentina and the IMF: a troubled history,Reuters,https://www.reuters.com/world/americas/argentina-imf-troubled-history-2025-04-12/&ved=2ahUKEwj3psPV7NeMAxW9slYBHR_sBVgQxfQBegQIBhAC&usg=AOvVaw2g6z2ZSgAXbcjeH1pWnt4x,"Argentina is already the IMF's largest debtor, by far, and the recipient of the most IMF bailouts in history since it joined in September 1956.",2009
2 days ago,"Magnitude 5.95 earthquake strikes Papua New Guinea's New Britain region, GFZ says",Reuters,https://www.reuters.com/business/environment/magnitude-595-earthquake-strikes-papua-new-guineas-new-britain-region-gfz-says-2025-04-12/&ved=2ahUKEwj3psPV7NeMAxW9slYBHR_sBVgQxfQBegQIBBAC&usg=AOvVaw37ct1tLdVYAsOG7sI0yvHP,,2009
3 days ago,Relief for Spain's feed makers as EU delays tariff on US corn,Reuters,https://www.reuters.com/markets/commodities/relief-spains-feed-makers-eu-delays-tariff-us-corn-2025-04-10/&ved=2ahUKEwjd_OLX7NeMAxXasVYBHZkAJyI4ChDF9AF6BAgDEAI&usg=AOvVaw2He6szFy2jB2_fVcVTyM2h,"A delay to EU tariffs against U.S. goods has brought respite for Spain's livestock feed sector that has heavily bought U.S. corn this season,...",2009
3 days ago,US consumer inflation eases ahead of tariffs,Reuters,https://www.reuters.com/markets/us/us-consumer-prices-unexpectedly-fall-march-2025-04-10/&ved=2ahUKEwjd_OLX7NeMAxXasVYBHZkAJyI4ChDF9AF6BAgBEAI&usg=AOvVaw1m9xzT_hBmuJJ-ed320QH6,The first monthly decline in prices in nearly five years also suggested softening demand amid recession fears and led markets to anticipate Fed could cut...,2009
3 days ago,Argentine workers launch widespread 24-hour strike against Milei's austerity measures,Reuters,https://www.reuters.com/sustainability/sustainable-finance-reporting/argentine-workers-launch-widespread-24-hour-strike-against-mileis-austerity-2025-04-10/&ved=2ahUKEwjd_OLX7NeMAxXasVYBHZkAJyI4ChDF9AF6BAgHEAI&usg=AOvVaw02kWWtDG_StBnqBYu1Y_25,"Argentina's largest workers' unions kicked off a massive 24-hour strike on Thursday, bringing trains, planes and ports to a halt as they protested against...",2009
3 days ago,"From Daikin to Samsung, companies fight Modi over e-waste policy",Reuters,https://www.reuters.com/world/india/daikin-samsung-companies-fight-modi-over-e-waste-policy-2025-04-11/&ved=2ahUKEwjd_OLX7NeMAxXasVYBHZkAJyI4ChDF9AF6BAgGEAI&usg=AOvVaw0636Qdz8EiaGFWaERsqIi8,India wants to tackle its mounting e-waste problem. Global electronics companies say the cost is too high.,2009
3 days ago,Take Five: Riders on the storm,Reuters,https://www.reuters.com/business/take-five/global-markets-themes-graphic-2025-04-11/&ved=2ahUKEwjd_OLX7NeMAxXasVYBHZkAJyI4ChDF9AF6BAgJEAI&usg=AOvVaw1VY0YCQeR6xPfxnipnOasc,"The global trade war might have been reduced to a battle between Beijing and Washington for now, but a bruising week for markets has left policymakers at...",2009
3 days ago,"ECB ready to deploy its instruments to maintain financial stability, Lagarde says",Reuters,https://www.reuters.com/business/finance/ecb-ready-deploy-its-instruments-maintain-financial-stability-lagarde-says-2025-04-11/&ved=2ahUKEwjd_OLX7NeMAxXasVYBHZkAJyI4ChDF9AF6BAgEEAI&usg=AOvVaw2Ur05IPq4ZSWcMoxO9CLNd,The European Central Bank is ready to deploy its instruments to maintain financial stability and has a solid track record in devising new tools when...,2009
3 days ago,CBOT corn rally more than justified by US supply cuts,Reuters,https://www.reuters.com/markets/commodities/cbot-corn-rally-more-than-justified-by-us-supply-cuts-braun-2025-04-10/&ved=2ahUKEwjd_OLX7NeMAxXasVYBHZkAJyI4ChDF9AF6BAgKEAI&usg=AOvVaw2qa44-nHqCkpt1oetLS-TK,"Chicago corn futures have shot nearly 5% higher so far this week despite gratuitous geopolitical uncertainties, especially when it comes to the United...",2009
3 days ago,Mercedes to end engagement in small vans segment,Reuters,https://www.reuters.com/business/autos-transportation/mercedes-discontinue-citan-t-class-models-automobilwoche-reports-2025-04-11/&ved=2ahUKEwjd_OLX7NeMAxXasVYBHZkAJyI4ChDF9AF6BAgIEAI&usg=AOvVaw0QcHVr_kk5lh2Q4AAnvasP,"Mercedes-Benz said on Friday it is shifting focus towards midsize and large vans and ending engagement in the smaller category, after the Automobilwoche...",2009
3 days ago,"Thailand will cut tariffs on US corn imports, minister says",Reuters,https://www.reuters.com/markets/commodities/thailand-will-cut-tariffs-us-corn-imports-minister-says-2025-04-11/&ved=2ahUKEwijzfrW7NeMAxWzsVYBHQnRIUoQxfQBegQIAxAC&usg=AOvVaw0WOvHWImBfHGss24caEilq,"Thailand will cut tariffs on imports of corn from the United States, but volumes still need to be finalised, the finance minister said on Friday.",2009
3 days ago,"Thailand will cut tariffs on US corn imports, minister says",Reuters,https://www.reuters.com/markets/commodities/thailand-will-cut-tariffs-us-corn-imports-minister-says-2025-04-11/&ved=2ahUKEwj3psPV7NeMAxW9slYBHR_sBVgQxfQBegQICRAC&usg=AOvVaw06tU3t-zmA3j-2D7uhhFyz,"Thailand will cut tariffs on imports of corn from the United States, but volumes still need to be finalised, the finance minister said on Friday.",2009
4 days ago,"Rhine shipping costs in Germany rise as river level falls, but rain forecast",Reuters,https://www.reuters.com/business/autos-transportation/rhine-shipping-costs-germany-rise-river-level-falls-rain-forecast-2025-04-10/&ved=2ahUKEwjd_OLX7NeMAxXasVYBHZkAJyI4ChDF9AF6BAgCEAI&usg=AOvVaw3iBFjgkeHlhAvR7xFYbG4A,"Freight shipping costs on the Rhine river in Germany surged this week as water levels fell further, compelling vessels to sail less than half full,...",2009
4 days ago,"Chilean miner Codelco logging strong Q2 demand from China, chairman says",Reuters,https://www.reuters.com/markets/commodities/chilean-miner-codelco-logging-strong-q2-demand-china-chairman-says-2025-04-10/&ved=2ahUKEwjd_OLX7NeMAxXasVYBHZkAJyI4ChDF9AF6BAgFEAI&usg=AOvVaw2q8koHpu_zTRSR0tzVBBDC,"Chilean copper giant Codelco is seeing strong demand for the red metal from China in the second quarter, the firm's chairman told Reuters on Thursday.",2009
1 hour ago,"Argentine peso slides after FX controls eased, bonds jump",Reuters,https://www.reuters.com/markets/currencies/wall-st-expects-argentina-market-boost-imf-deal-big-shift-fx-controls-2025-04-14/&ved=2ahUKEwijzfrW7NeMAxWzsVYBHQnRIUoQxfQBegQIARAC&usg=AOvVaw2OniwJ-cw8WHkXaS3kbY12,The Argentine peso slid around 9% on Monday morning while bonds gained after Buenos Aires sealed a $20 billion loan program with the International Monetary...,2009
1 hour ago,"Argentine peso slides after FX controls eased, bonds jump",Reuters,https://www.reuters.com/markets/currencies/wall-st-expects-argentina-market-boost-imf-deal-big-shift-fx-controls-2025-04-14/&ved=2ahUKEwj3psPV7NeMAxW9slYBHR_sBVgQxfQBegQIAhAC&usg=AOvVaw0BBDmIkKFpEblu-f_Icc0T,The Argentine peso slid around 9% on Monday morning while bonds gained after Buenos Aires sealed a $20 billion loan program with the International Monetary...,2009
3 hours ago,"‘No lettuce, no Big Mac’: why Beth Hart is steering McDonald’s towards regenerative agriculture",Reuters,https://www.reuters.com/sustainability/land-use-biodiversity/no-lettuce-no-big-mac-why-beth-hart-is-steering-mcdonalds-towards-regenerative-2025-04-14/&ved=2ahUKEwijzfrW7NeMAxWzsVYBHQnRIUoQxfQBegQIChAC&usg=AOvVaw0Dw3XUrKRqROqQ0Q-mS3Rm,"In August 2020, when McDonald's announced an initiative with farmers in Nebraska to improve soil health, techniques like cover cropping and reduced tillage...",2009
3 hours ago,"‘No lettuce, no Big Mac’: why Beth Hart is steering McDonald’s towards regenerative agriculture",Reuters,https://www.reuters.com/sustainability/land-use-biodiversity/no-lettuce-no-big-mac-why-beth-hart-is-steering-mcdonalds-towards-regenerative-2025-04-14/&ved=2ahUKEwj3psPV7NeMAxW9slYBHR_sBVgQxfQBegQIChAC&usg=AOvVaw0406mt0U18anGdsym9g5Ad,"In August 2020, when McDonald's announced an initiative with farmers in Nebraska to improve soil health, techniques like cover cropping and reduced tillage...",2009
4 hours ago,Patient corn bulls emerge victorious post tariff onslaught,Reuters,https://www.reuters.com/markets/commodities/patient-corn-bulls-emerge-victorious-post-tariff-onslaught-braun-2025-04-13/&ved=2ahUKEwijzfrW7NeMAxWzsVYBHQnRIUoQxfQBegQIBhAC&usg=AOvVaw1h6ghgnhQEQNbcIpabHi1P,"After building immensely bullish bets, speculators in late February rode out Chicago corn's worst downturn in over a year as the United States prepared to...",2009
4 hours ago,Patient corn bulls emerge victorious post tariff onslaught,Reuters,https://www.reuters.com/markets/commodities/patient-corn-bulls-emerge-victorious-post-tariff-onslaught-braun-2025-04-13/&ved=2ahUKEwj3psPV7NeMAxW9slYBHR_sBVgQxfQBegQIAxAC&usg=AOvVaw1ExgIabNxK5XZwAuAiFhH2,"After building immensely bullish bets, speculators in late February rode out Chicago corn's worst downturn in over a year as the United States prepared to...",2009
5 hours ago,Holcim spin-off of North American business planned for June,Reuters,https://www.reuters.com/business/holcim-spin-off-north-american-business-planned-june-2025-04-14/&ved=2ahUKEwijzfrW7NeMAxWzsVYBHQnRIUoQxfQBegQICBAC&usg=AOvVaw1Wpr9v-eoj-sLrntU0R6t4,"The planned spin-off of Holcim's North American business should take place in June, subject to the approval of shareholders at its May 14 annual general...",2009
5 hours ago,Holcim spin-off of North American business planned for June,Reuters,https://www.reuters.com/business/holcim-spin-off-north-american-business-planned-june-2025-04-14/&ved=2ahUKEwj3psPV7NeMAxW9slYBHR_sBVgQxfQBegQICBAC&usg=AOvVaw3dB05OgDbHfbRtwhDO2bkC,"The planned spin-off of Holcim's North American business should take place in June, subject to the approval of shareholders at its May 14 annual general...",2009
9 hours ago,Thailand says to discuss tariffs with United States on April 21,Reuters,https://www.reuters.com/markets/asia/thailand-says-discuss-tariffs-with-united-states-april-21-2025-04-14/&ved=2ahUKEwijzfrW7NeMAxWzsVYBHQnRIUoQxfQBegQIBRAC&usg=AOvVaw00dcbt5UJ_a25nZ80e5FFh,Thailand's finance and commerce ministers will lead a delegation to the United States to meet Trump administration officials and push for relief from...,2009
9 hours ago,Thailand says to discuss tariffs with United States on April 21,Reuters,https://www.reuters.com/markets/asia/thailand-says-discuss-tariffs-with-united-states-april-21-2025-04-14/&ved=2ahUKEwj3psPV7NeMAxW9slYBHR_sBVgQxfQBegQIBxAC&usg=AOvVaw2fUydFlUBIDRiDGox4zi9o,Thailand's finance and commerce ministers will lead a delegation to the United States to meet Trump administration officials and push for relief from...,2009
2 days ago,Estonian navy detains Russia-bound oil tanker in Baltic Sea,Reuters,https://www.reuters.com/world/europe/estonian-navy-detains-boards-russia-bound-oil-tanker-baltic-sea-2025-04-11/&ved=2ahUKEwijzfrW7NeMAxWzsVYBHQnRIUoQxfQBegQIBBAC&usg=AOvVaw08CHWi2i6ibtVJizPw_5V2,"The Estonian navy detained and boarded a Russia-bound oil tanker on an EU sanctions list on Friday, accusing it of sailing illegally without a valid country...",2009
2 days ago,"Argentina soy, once parched, now has too much rain",Reuters,https://www.reuters.com/sustainability/land-use-biodiversity/argentina-soy-once-parched-now-has-too-much-rain-2025-04-11/&ved=2ahUKEwijzfrW7NeMAxWzsVYBHQnRIUoQxfQBegQICRAC&usg=AOvVaw0NAjcxIC8qCg1F8OtJMpXf,"Drenched Argentine fields due to heavy rains in the country's farm heartland are raising fears of soybean losses and delayed sales of the 2024/25 crop,...",2009
2 days ago,Argentina and the IMF: a troubled history,Reuters,https://www.reuters.com/world/americas/argentina-imf-troubled-history-2025-04-12/&ved=2ahUKEwijzfrW7NeMAxWzsVYBHQnRIUoQxfQBegQIAhAC&usg=AOvVaw2hYGCNGUtp_tTYOFFqA2nX,"Argentina is already the IMF's largest debtor, by far, and the recipient of the most IMF bailouts in history since it joined in September 1956.",2009
2 days ago,"Magnitude 5.95 earthquake strikes Papua New Guinea's New Britain region, GFZ says",Reuters,https://www.reuters.com/business/environment/magnitude-595-earthquake-strikes-papua-new-guineas-new-britain-region-gfz-says-2025-04-12/&ved=2ahUKEwijzfrW7NeMAxWzsVYBHQnRIUoQxfQBegQIBxAC&usg=AOvVaw0BlpHMJRCmr6lYdzeJbLBf,,2009
2 days ago,Estonian navy detains Russia-bound oil tanker in Baltic Sea,Reuters,https://www.reuters.com/world/europe/estonian-navy-detains-boards-russia-bound-oil-tanker-baltic-sea-2025-04-11/&ved=2ahUKEwj3psPV7NeMAxW9slYBHR_sBVgQxfQBegQIBRAC&usg=AOvVaw3RfoKZoRn8cXC2XoRhhWjE,"The Estonian navy detained and boarded a Russia-bound oil tanker on an EU sanctions list on Friday, accusing it of sailing illegally without a valid country...",2009
2 days ago,"Argentina soy, once parched, now has too much rain",Reuters,https://www.reuters.com/sustainability/land-use-biodiversity/argentina-soy-once-parched-now-has-too-much-rain-2025-04-11/&ved=2ahUKEwj3psPV7NeMAxW9slYBHR_sBVgQxfQBegQIARAC&usg=AOvVaw0u4wQbu-bIUidc8oOvvngN,"Drenched Argentine fields due to heavy rains in the country's farm heartland are raising fears of soybean losses and delayed sales of the 2024/25 crop,...",2009
2 days ago,Argentina and the IMF: a troubled history,Reuters,https://www.reuters.com/world/americas/argentina-imf-troubled-history-2025-04-12/&ved=2ahUKEwj3psPV7NeMAxW9slYBHR_sBVgQxfQBegQIBhAC&usg=AOvVaw2g6z2ZSgAXbcjeH1pWnt4x,"Argentina is already the IMF's largest debtor, by far, and the recipient of the most IMF bailouts in history since it joined in September 1956.",2009
2 days ago,"Magnitude 5.95 earthquake strikes Papua New Guinea's New Britain region, GFZ says",Reuters,https://www.reuters.com/business/environment/magnitude-595-earthquake-strikes-papua-new-guineas-new-britain-region-gfz-says-2025-04-12/&ved=2ahUKEwj3psPV7NeMAxW9slYBHR_sBVgQxfQBegQIBBAC&usg=AOvVaw37ct1tLdVYAsOG7sI0yvHP,,2009
3 days ago,Relief for Spain's feed makers as EU delays tariff on US corn,Reuters,https://www.reuters.com/markets/commodities/relief-spains-feed-makers-eu-delays-tariff-us-corn-2025-04-10/&ved=2ahUKEwjd_OLX7NeMAxXasVYBHZkAJyI4ChDF9AF6BAgDEAI&usg=AOvVaw2He6szFy2jB2_fVcVTyM2h,"A delay to EU tariffs against U.S. goods has brought respite for Spain's livestock feed sector that has heavily bought U.S. corn this season,...",2009
3 days ago,US consumer inflation eases ahead of tariffs,Reuters,https://www.reuters.com/markets/us/us-consumer-prices-unexpectedly-fall-march-2025-04-10/&ved=2ahUKEwjd_OLX7NeMAxXasVYBHZkAJyI4ChDF9AF6BAgBEAI&usg=AOvVaw1m9xzT_hBmuJJ-ed320QH6,The first monthly decline in prices in nearly five years also suggested softening demand amid recession fears and led markets to anticipate Fed could cut...,2009
3 days ago,Argentine workers launch widespread 24-hour strike against Milei's austerity measures,Reuters,https://www.reuters.com/sustainability/sustainable-finance-reporting/argentine-workers-launch-widespread-24-hour-strike-against-mileis-austerity-2025-04-10/&ved=2ahUKEwjd_OLX7NeMAxXasVYBHZkAJyI4ChDF9AF6BAgHEAI&usg=AOvVaw02kWWtDG_StBnqBYu1Y_25,"Argentina's largest workers' unions kicked off a massive 24-hour strike on Thursday, bringing trains, planes and ports to a halt as they protested against...",2009
3 days ago,"From Daikin to Samsung, companies fight Modi over e-waste policy",Reuters,https://www.reuters.com/world/india/daikin-samsung-companies-fight-modi-over-e-waste-policy-2025-04-11/&ved=2ahUKEwjd_OLX7NeMAxXasVYBHZkAJyI4ChDF9AF6BAgGEAI&usg=AOvVaw0636Qdz8EiaGFWaERsqIi8,India wants to tackle its mounting e-waste problem. Global electronics companies say the cost is too high.,2009
3 days ago,Take Five: Riders on the storm,Reuters,https://www.reuters.com/business/take-five/global-markets-themes-graphic-2025-04-11/&ved=2ahUKEwjd_OLX7NeMAxXasVYBHZkAJyI4ChDF9AF6BAgJEAI&usg=AOvVaw1VY0YCQeR6xPfxnipnOasc,"The global trade war might have been reduced to a battle between Beijing and Washington for now, but a bruising week for markets has left policymakers at...",2009
3 days ago,"ECB ready to deploy its instruments to maintain financial stability, Lagarde says",Reuters,https://www.reuters.com/business/finance/ecb-ready-deploy-its-instruments-maintain-financial-stability-lagarde-says-2025-04-11/&ved=2ahUKEwjd_OLX7NeMAxXasVYBHZkAJyI4ChDF9AF6BAgEEAI&usg=AOvVaw2Ur05IPq4ZSWcMoxO9CLNd,The European Central Bank is ready to deploy its instruments to maintain financial stability and has a solid track record in devising new tools when...,2009
3 days ago,CBOT corn rally more than justified by US supply cuts,Reuters,https://www.reuters.com/markets/commodities/cbot-corn-rally-more-than-justified-by-us-supply-cuts-braun-2025-04-10/&ved=2ahUKEwjd_OLX7NeMAxXasVYBHZkAJyI4ChDF9AF6BAgKEAI&usg=AOvVaw2qa44-nHqCkpt1oetLS-TK,"Chicago corn futures have shot nearly 5% higher so far this week despite gratuitous geopolitical uncertainties, especially when it comes to the United...",2009
3 days ago,Mercedes to end engagement in small vans segment,Reuters,https://www.reuters.com/business/autos-transportation/mercedes-discontinue-citan-t-class-models-automobilwoche-reports-2025-04-11/&ved=2ahUKEwjd_OLX7NeMAxXasVYBHZkAJyI4ChDF9AF6BAgIEAI&usg=AOvVaw0QcHVr_kk5lh2Q4AAnvasP,"Mercedes-Benz said on Friday it is shifting focus towards midsize and large vans and ending engagement in the smaller category, after the Automobilwoche...",2009
3 days ago,"Thailand will cut tariffs on US corn imports, minister says",Reuters,https://www.reuters.com/markets/commodities/thailand-will-cut-tariffs-us-corn-imports-minister-says-2025-04-11/&ved=2ahUKEwijzfrW7NeMAxWzsVYBHQnRIUoQxfQBegQIAxAC&usg=AOvVaw0WOvHWImBfHGss24caEilq,"Thailand will cut tariffs on imports of corn from the United States, but volumes still need to be finalised, the finance minister said on Friday.",2009
3 days ago,"Thailand will cut tariffs on US corn imports, minister says",Reuters,https://www.reuters.com/markets/commodities/thailand-will-cut-tariffs-us-corn-imports-minister-says-2025-04-11/&ved=2ahUKEwj3psPV7NeMAxW9slYBHR_sBVgQxfQBegQICRAC&usg=AOvVaw06tU3t-zmA3j-2D7uhhFyz,"Thailand will cut tariffs on imports of corn from the United States, but volumes still need to be finalised, the finance minister said on Friday.",2009
4 days ago,"Rhine shipping costs in Germany rise as river level falls, but rain forecast",Reuters,https://www.reuters.com/business/autos-transportation/rhine-shipping-costs-germany-rise-river-level-falls-rain-forecast-2025-04-10/&ved=2ahUKEwjd_OLX7NeMAxXasVYBHZkAJyI4ChDF9AF6BAgCEAI&usg=AOvVaw3iBFjgkeHlhAvR7xFYbG4A,"Freight shipping costs on the Rhine river in Germany surged this week as water levels fell further, compelling vessels to sail less than half full,...",2009
4 days ago,"Chilean miner Codelco logging strong Q2 demand from China, chairman says",Reuters,https://www.reuters.com/markets/commodities/chilean-miner-codelco-logging-strong-q2-demand-china-chairman-says-2025-04-10/&ved=2ahUKEwjd_OLX7NeMAxXasVYBHZkAJyI4ChDF9AF6BAgFEAI&usg=AOvVaw2q8koHpu_zTRSR0tzVBBDC,"Chilean copper giant Codelco is seeing strong demand for the red metal from China in the second quarter, the firm's chairman told Reuters on Thursday.",2009
1 hour ago,"Argentine peso slides after FX controls eased, bonds jump",Reuters,https://www.reuters.com/markets/currencies/wall-st-expects-argentina-market-boost-imf-deal-big-shift-fx-controls-2025-04-14/&ved=2ahUKEwiQ-OfZ7NeMAxV3sFYBHf-KM0EQxfQBegQIBhAC&usg=AOvVaw3R9anJf-O2UMFdLW_8QO3h,The Argentine peso slid around 9% on Monday morning while bonds gained after Buenos Aires sealed a $20 billion loan program with the International Monetary...,2010
1 hour ago,"Argentine peso slides after FX controls eased, bonds jump",Reuters,https://www.reuters.com/markets/currencies/wall-st-expects-argentina-market-boost-imf-deal-big-shift-fx-controls-2025-04-14/&ved=2ahUKEwilgYfZ7NeMAxXU4zQHHeGtER8QxfQBegQICBAC&usg=AOvVaw1YkCJSpIiBT3S9BZfz6f3D,The Argentine peso slid around 9% on Monday morning while bonds gained after Buenos Aires sealed a $20 billion loan program with the International Monetary...,2010
3 hours ago,"‘No lettuce, no Big Mac’: why Beth Hart is steering McDonald’s towards regenerative agriculture",Reuters,https://www.reuters.com/sustainability/land-use-biodiversity/no-lettuce-no-big-mac-why-beth-hart-is-steering-mcdonalds-towards-regenerative-2025-04-14/&ved=2ahUKEwiQ-OfZ7NeMAxV3sFYBHf-KM0EQxfQBegQIChAC&usg=AOvVaw1OUUDgVr40jFsX2K-vLm_-,"In August 2020, when McDonald's announced an initiative with farmers in Nebraska to improve soil health, techniques like cover cropping and reduced tillage...",2010
3 hours ago,"‘No lettuce, no Big Mac’: why Beth Hart is steering McDonald’s towards regenerative agriculture",Reuters,https://www.reuters.com/sustainability/land-use-biodiversity/no-lettuce-no-big-mac-why-beth-hart-is-steering-mcdonalds-towards-regenerative-2025-04-14/&ved=2ahUKEwilgYfZ7NeMAxXU4zQHHeGtER8QxfQBegQIChAC&usg=AOvVaw0INZj0LtaGAfbxzFHdM6Ig,"In August 2020, when McDonald's announced an initiative with farmers in Nebraska to improve soil health, techniques like cover cropping and reduced tillage...",2010
4 hours ago,Patient corn bulls emerge victorious post tariff onslaught,Reuters,https://www.reuters.com/markets/commodities/patient-corn-bulls-emerge-victorious-post-tariff-onslaught-braun-2025-04-13/&ved=2ahUKEwiQ-OfZ7NeMAxV3sFYBHf-KM0EQxfQBegQIAhAC&usg=AOvVaw0UMzfI98xr45-njaWFL1h5,"After building immensely bullish bets, speculators in late February rode out Chicago corn's worst downturn in over a year as the United States prepared to...",2010
4 hours ago,Patient corn bulls emerge victorious post tariff onslaught,Reuters,https://www.reuters.com/markets/commodities/patient-corn-bulls-emerge-victorious-post-tariff-onslaught-braun-2025-04-13/&ved=2ahUKEwilgYfZ7NeMAxXU4zQHHeGtER8QxfQBegQIBhAC&usg=AOvVaw0utsaMTWQltrxRlbx_MW6s,"After building immensely bullish bets, speculators in late February rode out Chicago corn's worst downturn in over a year as the United States prepared to...",2010
5 hours ago,Holcim spin-off of North American business planned for June,Reuters,https://www.reuters.com/business/holcim-spin-off-north-american-business-planned-june-2025-04-14/&ved=2ahUKEwiQ-OfZ7NeMAxV3sFYBHf-KM0EQxfQBegQIBRAC&usg=AOvVaw3IOwPojiiKZ0FYX5fYGcwN,"The planned spin-off of Holcim's North American business should take place in June, subject to the approval of shareholders at its May 14 annual general...",2010
5 hours ago,Holcim spin-off of North American business planned for June,Reuters,https://www.reuters.com/business/holcim-spin-off-north-american-business-planned-june-2025-04-14/&ved=2ahUKEwilgYfZ7NeMAxXU4zQHHeGtER8QxfQBegQIBBAC&usg=AOvVaw0HVs99N9HjiVoqr-yYsHXb,"The planned spin-off of Holcim's North American business should take place in June, subject to the approval of shareholders at its May 14 annual general...",2010
9 hours ago,Thailand says to discuss tariffs with United States on April 21,Reuters,https://www.reuters.com/markets/asia/thailand-says-discuss-tariffs-with-united-states-april-21-2025-04-14/&ved=2ahUKEwiQ-OfZ7NeMAxV3sFYBHf-KM0EQxfQBegQIAxAC&usg=AOvVaw0B_O5kMMGGSdhewuMzKaPD,Thailand's finance and commerce ministers will lead a delegation to the United States to meet Trump administration officials and push for relief from...,2010
9 hours ago,Thailand says to discuss tariffs with United States on April 21,Reuters,https://www.reuters.com/markets/asia/thailand-says-discuss-tariffs-with-united-states-april-21-2025-04-14/&ved=2ahUKEwilgYfZ7NeMAxXU4zQHHeGtER8QxfQBegQIBxAC&usg=AOvVaw1FX6b-RasnlJ3FvBm7KmXg,Thailand's finance and commerce ministers will lead a delegation to the United States to meet Trump administration officials and push for relief from...,2010
2 days ago,Estonian navy detains Russia-bound oil tanker in Baltic Sea,Reuters,https://www.reuters.com/world/europe/estonian-navy-detains-boards-russia-bound-oil-tanker-baltic-sea-2025-04-11/&ved=2ahUKEwiQ-OfZ7NeMAxV3sFYBHf-KM0EQxfQBegQICBAC&usg=AOvVaw3qmZmmhH1thsJGxUhEyD7A,"The Estonian navy detained and boarded a Russia-bound oil tanker on an EU sanctions list on Friday, accusing it of sailing illegally without a valid country...",2010
2 days ago,"Argentina soy, once parched, now has too much rain",Reuters,https://www.reuters.com/sustainability/land-use-biodiversity/argentina-soy-once-parched-now-has-too-much-rain-2025-04-11/&ved=2ahUKEwiQ-OfZ7NeMAxV3sFYBHf-KM0EQxfQBegQIARAC&usg=AOvVaw3wz4ntUf9CVCZNsa0PFah1,"Drenched Argentine fields due to heavy rains in the country's farm heartland are raising fears of soybean losses and delayed sales of the 2024/25 crop,...",2010
2 days ago,Argentina and the IMF: a troubled history,Reuters,https://www.reuters.com/world/americas/argentina-imf-troubled-history-2025-04-12/&ved=2ahUKEwiQ-OfZ7NeMAxV3sFYBHf-KM0EQxfQBegQIBxAC&usg=AOvVaw0FsKx0-0AOfbkDGd9f3Gmm,"Argentina is already the IMF's largest debtor, by far, and the recipient of the most IMF bailouts in history since it joined in September 1956.",2010
2 days ago,"Magnitude 5.95 earthquake strikes Papua New Guinea's New Britain region, GFZ says",Reuters,https://www.reuters.com/business/environment/magnitude-595-earthquake-strikes-papua-new-guineas-new-britain-region-gfz-says-2025-04-12/&ved=2ahUKEwiQ-OfZ7NeMAxV3sFYBHf-KM0EQxfQBegQIBBAC&usg=AOvVaw3c8ithhf8FRTp4hVFXT_JJ,,2010
2 days ago,Estonian navy detains Russia-bound oil tanker in Baltic Sea,Reuters,https://www.reuters.com/world/europe/estonian-navy-detains-boards-russia-bound-oil-tanker-baltic-sea-2025-04-11/&ved=2ahUKEwilgYfZ7NeMAxXU4zQHHeGtER8QxfQBegQIAhAC&usg=AOvVaw2S21ePZx552hIfq1dTE1sx,"The Estonian navy detained and boarded a Russia-bound oil tanker on an EU sanctions list on Friday, accusing it of sailing illegally without a valid country...",2010
2 days ago,"Argentina soy, once parched, now has too much rain",Reuters,https://www.reuters.com/sustainability/land-use-biodiversity/argentina-soy-once-parched-now-has-too-much-rain-2025-04-11/&ved=2ahUKEwilgYfZ7NeMAxXU4zQHHeGtER8QxfQBegQIAxAC&usg=AOvVaw0Z2kLlU8j-g3FBh0BpoOhz,"Drenched Argentine fields due to heavy rains in the country's farm heartland are raising fears of soybean losses and delayed sales of the 2024/25 crop,...",2010
2 days ago,Argentina and the IMF: a troubled history,Reuters,https://www.reuters.com/world/americas/argentina-imf-troubled-history-2025-04-12/&ved=2ahUKEwilgYfZ7NeMAxXU4zQHHeGtER8QxfQBegQICRAC&usg=AOvVaw04jwkMEXC68o2BAhaaj1CT,"Argentina is already the IMF's largest debtor, by far, and the recipient of the most IMF bailouts in history since it joined in September 1956.",2010
2 days ago,"Magnitude 5.95 earthquake strikes Papua New Guinea's New Britain region, GFZ says",Reuters,https://www.reuters.com/business/environment/magnitude-595-earthquake-strikes-papua-new-guineas-new-britain-region-gfz-says-2025-04-12/&ved=2ahUKEwilgYfZ7NeMAxXU4zQHHeGtER8QxfQBegQIBRAC&usg=AOvVaw1pw7UZGngoUe0u_rw7_YgD,,2010
3 days ago,Relief for Spain's feed makers as EU delays tariff on US corn,Reuters,https://www.reuters.com/markets/commodities/relief-spains-feed-makers-eu-delays-tariff-us-corn-2025-04-10/&ved=2ahUKEwi2r83a7NeMAxUIklYBHcsIC144ChDF9AF6BAgEEAI&usg=AOvVaw2nu4IKGavxEWwKMKvrsmDC,"A delay to EU tariffs against U.S. goods has brought respite for Spain's livestock feed sector that has heavily bought U.S. corn this season,...",2010
3 days ago,US consumer inflation eases ahead of tariffs,Reuters,https://www.reuters.com/markets/us/us-consumer-prices-unexpectedly-fall-march-2025-04-10/&ved=2ahUKEwi2r83a7NeMAxUIklYBHcsIC144ChDF9AF6BAgCEAI&usg=AOvVaw2_Y1-l6wg49ZPQI6uv1NRY,The first monthly decline in prices in nearly five years also suggested softening demand amid recession fears and led markets to anticipate Fed could cut...,2010
3 days ago,Argentine workers launch widespread 24-hour strike against Milei's austerity measures,Reuters,https://www.reuters.com/sustainability/sustainable-finance-reporting/argentine-workers-launch-widespread-24-hour-strike-against-mileis-austerity-2025-04-10/&ved=2ahUKEwi2r83a7NeMAxUIklYBHcsIC144ChDF9AF6BAgJEAI&usg=AOvVaw1OAWuQ8ThczSoEz__gLUzc,"Argentina's largest workers' unions kicked off a massive 24-hour strike on Thursday, bringing trains, planes and ports to a halt as they protested against...",2010
3 days ago,"From Daikin to Samsung, companies fight Modi over e-waste policy",Reuters,https://www.reuters.com/world/india/daikin-samsung-companies-fight-modi-over-e-waste-policy-2025-04-11/&ved=2ahUKEwi2r83a7NeMAxUIklYBHcsIC144ChDF9AF6BAgFEAI&usg=AOvVaw1abxabC63ZKJ-ic6Q062cV,India wants to tackle its mounting e-waste problem. Global electronics companies say the cost is too high.,2010
3 days ago,Take Five: Riders on the storm,Reuters,https://www.reuters.com/business/take-five/global-markets-themes-graphic-2025-04-11/&ved=2ahUKEwi2r83a7NeMAxUIklYBHcsIC144ChDF9AF6BAgGEAI&usg=AOvVaw2ma52_wOZ7kCNt0NNLU8mN,"The global trade war might have been reduced to a battle between Beijing and Washington for now, but a bruising week for markets has left policymakers at...",2010
3 days ago,"ECB ready to deploy its instruments to maintain financial stability, Lagarde says",Reuters,https://www.reuters.com/business/finance/ecb-ready-deploy-its-instruments-maintain-financial-stability-lagarde-says-2025-04-11/&ved=2ahUKEwi2r83a7NeMAxUIklYBHcsIC144ChDF9AF6BAgDEAI&usg=AOvVaw3lWpDwNLidXD7ItKLNGLhi,The European Central Bank is ready to deploy its instruments to maintain financial stability and has a solid track record in devising new tools when...,2010
3 days ago,CBOT corn rally more than justified by US supply cuts,Reuters,https://www.reuters.com/markets/commodities/cbot-corn-rally-more-than-justified-by-us-supply-cuts-braun-2025-04-10/&ved=2ahUKEwi2r83a7NeMAxUIklYBHcsIC144ChDF9AF6BAgKEAI&usg=AOvVaw2X22C9xkO7alBaG3D8nhOg,"Chicago corn futures have shot nearly 5% higher so far this week despite gratuitous geopolitical uncertainties, especially when it comes to the United...",2010
3 days ago,Mercedes to end engagement in small vans segment,Reuters,https://www.reuters.com/business/autos-transportation/mercedes-discontinue-citan-t-class-models-automobilwoche-reports-2025-04-11/&ved=2ahUKEwi2r83a7NeMAxUIklYBHcsIC144ChDF9AF6BAgHEAI&usg=AOvVaw3dehfd_iXFB5Xk8vnSKpo7,"Mercedes-Benz said on Friday it is shifting focus towards midsize and large vans and ending engagement in the smaller category, after the Automobilwoche...",2010
3 days ago,"Thailand will cut tariffs on US corn imports, minister says",Reuters,https://www.reuters.com/markets/commodities/thailand-will-cut-tariffs-us-corn-imports-minister-says-2025-04-11/&ved=2ahUKEwiQ-OfZ7NeMAxV3sFYBHf-KM0EQxfQBegQICRAC&usg=AOvVaw0R1b6Ua5xGMEtoxszfwuID,"Thailand will cut tariffs on imports of corn from the United States, but volumes still need to be finalised, the finance minister said on Friday.",2010
3 days ago,"Thailand will cut tariffs on US corn imports, minister says",Reuters,https://www.reuters.com/markets/commodities/thailand-will-cut-tariffs-us-corn-imports-minister-says-2025-04-11/&ved=2ahUKEwilgYfZ7NeMAxXU4zQHHeGtER8QxfQBegQIARAC&usg=AOvVaw0s_W35L4hVt_vfy0BI3lDY,"Thailand will cut tariffs on imports of corn from the United States, but volumes still need to be finalised, the finance minister said on Friday.",2010
4 days ago,"Rhine shipping costs in Germany rise as river level falls, but rain forecast",Reuters,https://www.reuters.com/business/autos-transportation/rhine-shipping-costs-germany-rise-river-level-falls-rain-forecast-2025-04-10/&ved=2ahUKEwi2r83a7NeMAxUIklYBHcsIC144ChDF9AF6BAgBEAI&usg=AOvVaw2kxKDktBeyEwMwa-C5pOfk,"Freight shipping costs on the Rhine river in Germany surged this week as water levels fell further, compelling vessels to sail less than half full,...",2010
4 days ago,"Chilean miner Codelco logging strong Q2 demand from China, chairman says",Reuters,https://www.reuters.com/markets/commodities/chilean-miner-codelco-logging-strong-q2-demand-china-chairman-says-2025-04-10/&ved=2ahUKEwi2r83a7NeMAxUIklYBHcsIC144ChDF9AF6BAgIEAI&usg=AOvVaw1SVhLdlCeEoDmamzUoT4hV,"Chilean copper giant Codelco is seeing strong demand for the red metal from China in the second quarter, the firm's chairman told Reuters on Thursday.",2010
1 hour ago,"Argentine peso slides after FX controls eased, bonds jump",Reuters,https://www.reuters.com/markets/currencies/wall-st-expects-argentina-market-boost-imf-deal-big-shift-fx-controls-2025-04-14/&ved=2ahUKEwiQ-OfZ7NeMAxV3sFYBHf-KM0EQxfQBegQIBhAC&usg=AOvVaw3R9anJf-O2UMFdLW_8QO3h,The Argentine peso slid around 9% on Monday morning while bonds gained after Buenos Aires sealed a $20 billion loan program with the International Monetary...,2010
1 hour ago,"Argentine peso slides after FX controls eased, bonds jump",Reuters,https://www.reuters.com/markets/currencies/wall-st-expects-argentina-market-boost-imf-deal-big-shift-fx-controls-2025-04-14/&ved=2ahUKEwilgYfZ7NeMAxXU4zQHHeGtER8QxfQBegQICBAC&usg=AOvVaw1YkCJSpIiBT3S9BZfz6f3D,The Argentine peso slid around 9% on Monday morning while bonds gained after Buenos Aires sealed a $20 billion loan program with the International Monetary...,2010
3 hours ago,"‘No lettuce, no Big Mac’: why Beth Hart is steering McDonald’s towards regenerative agriculture",Reuters,https://www.reuters.com/sustainability/land-use-biodiversity/no-lettuce-no-big-mac-why-beth-hart-is-steering-mcdonalds-towards-regenerative-2025-04-14/&ved=2ahUKEwiQ-OfZ7NeMAxV3sFYBHf-KM0EQxfQBegQIChAC&usg=AOvVaw1OUUDgVr40jFsX2K-vLm_-,"In August 2020, when McDonald's announced an initiative with farmers in Nebraska to improve soil health, techniques like cover cropping and reduced tillage...",2010
3 hours ago,"‘No lettuce, no Big Mac’: why Beth Hart is steering McDonald’s towards regenerative agriculture",Reuters,https://www.reuters.com/sustainability/land-use-biodiversity/no-lettuce-no-big-mac-why-beth-hart-is-steering-mcdonalds-towards-regenerative-2025-04-14/&ved=2ahUKEwilgYfZ7NeMAxXU4zQHHeGtER8QxfQBegQIChAC&usg=AOvVaw0INZj0LtaGAfbxzFHdM6Ig,"In August 2020, when McDonald's announced an initiative with farmers in Nebraska to improve soil health, techniques like cover cropping and reduced tillage...",2010
4 hours ago,Patient corn bulls emerge victorious post tariff onslaught,Reuters,https://www.reuters.com/markets/commodities/patient-corn-bulls-emerge-victorious-post-tariff-onslaught-braun-2025-04-13/&ved=2ahUKEwiQ-OfZ7NeMAxV3sFYBHf-KM0EQxfQBegQIAhAC&usg=AOvVaw0UMzfI98xr45-njaWFL1h5,"After building immensely bullish bets, speculators in late February rode out Chicago corn's worst downturn in over a year as the United States prepared to...",2010
4 hours ago,Patient corn bulls emerge victorious post tariff onslaught,Reuters,https://www.reuters.com/markets/commodities/patient-corn-bulls-emerge-victorious-post-tariff-onslaught-braun-2025-04-13/&ved=2ahUKEwilgYfZ7NeMAxXU4zQHHeGtER8QxfQBegQIBhAC&usg=AOvVaw0utsaMTWQltrxRlbx_MW6s,"After building immensely bullish bets, speculators in late February rode out Chicago corn's worst downturn in over a year as the United States prepared to...",2010
5 hours ago,Holcim spin-off of North American business planned for June,Reuters,https://www.reuters.com/business/holcim-spin-off-north-american-business-planned-june-2025-04-14/&ved=2ahUKEwiQ-OfZ7NeMAxV3sFYBHf-KM0EQxfQBegQIBRAC&usg=AOvVaw3IOwPojiiKZ0FYX5fYGcwN,"The planned spin-off of Holcim's North American business should take place in June, subject to the approval of shareholders at its May 14 annual general...",2010
5 hours ago,Holcim spin-off of North American business planned for June,Reuters,https://www.reuters.com/business/holcim-spin-off-north-american-business-planned-june-2025-04-14/&ved=2ahUKEwilgYfZ7NeMAxXU4zQHHeGtER8QxfQBegQIBBAC&usg=AOvVaw0HVs99N9HjiVoqr-yYsHXb,"The planned spin-off of Holcim's North American business should take place in June, subject to the approval of shareholders at its May 14 annual general...",2010
9 hours ago,Thailand says to discuss tariffs with United States on April 21,Reuters,https://www.reuters.com/markets/asia/thailand-says-discuss-tariffs-with-united-states-april-21-2025-04-14/&ved=2ahUKEwiQ-OfZ7NeMAxV3sFYBHf-KM0EQxfQBegQIAxAC&usg=AOvVaw0B_O5kMMGGSdhewuMzKaPD,Thailand's finance and commerce ministers will lead a delegation to the United States to meet Trump administration officials and push for relief from...,2010
9 hours ago,Thailand says to discuss tariffs with United States on April 21,Reuters,https://www.reuters.com/markets/asia/thailand-says-discuss-tariffs-with-united-states-april-21-2025-04-14/&ved=2ahUKEwilgYfZ7NeMAxXU4zQHHeGtER8QxfQBegQIBxAC&usg=AOvVaw1FX6b-RasnlJ3FvBm7KmXg,Thailand's finance and commerce ministers will lead a delegation to the United States to meet Trump administration officials and push for relief from...,2010
2 days ago,Estonian navy detains Russia-bound oil tanker in Baltic Sea,Reuters,https://www.reuters.com/world/europe/estonian-navy-detains-boards-russia-bound-oil-tanker-baltic-sea-2025-04-11/&ved=2ahUKEwiQ-OfZ7NeMAxV3sFYBHf-KM0EQxfQBegQICBAC&usg=AOvVaw3qmZmmhH1thsJGxUhEyD7A,"The Estonian navy detained and boarded a Russia-bound oil tanker on an EU sanctions list on Friday, accusing it of sailing illegally without a valid country...",2010
2 days ago,"Argentina soy, once parched, now has too much rain",Reuters,https://www.reuters.com/sustainability/land-use-biodiversity/argentina-soy-once-parched-now-has-too-much-rain-2025-04-11/&ved=2ahUKEwiQ-OfZ7NeMAxV3sFYBHf-KM0EQxfQBegQIARAC&usg=AOvVaw3wz4ntUf9CVCZNsa0PFah1,"Drenched Argentine fields due to heavy rains in the country's farm heartland are raising fears of soybean losses and delayed sales of the 2024/25 crop,...",2010
2 days ago,Argentina and the IMF: a troubled history,Reuters,https://www.reuters.com/world/americas/argentina-imf-troubled-history-2025-04-12/&ved=2ahUKEwiQ-OfZ7NeMAxV3sFYBHf-KM0EQxfQBegQIBxAC&usg=AOvVaw0FsKx0-0AOfbkDGd9f3Gmm,"Argentina is already the IMF's largest debtor, by far, and the recipient of the most IMF bailouts in history since it joined in September 1956.",2010
2 days ago,"Magnitude 5.95 earthquake strikes Papua New Guinea's New Britain region, GFZ says",Reuters,https://www.reuters.com/business/environment/magnitude-595-earthquake-strikes-papua-new-guineas-new-britain-region-gfz-says-2025-04-12/&ved=2ahUKEwiQ-OfZ7NeMAxV3sFYBHf-KM0EQxfQBegQIBBAC&usg=AOvVaw3c8ithhf8FRTp4hVFXT_JJ,,2010
2 days ago,Estonian navy detains Russia-bound oil tanker in Baltic Sea,Reuters,https://www.reuters.com/world/europe/estonian-navy-detains-boards-russia-bound-oil-tanker-baltic-sea-2025-04-11/&ved=2ahUKEwilgYfZ7NeMAxXU4zQHHeGtER8QxfQBegQIAhAC&usg=AOvVaw2S21ePZx552hIfq1dTE1sx,"The Estonian navy detained and boarded a Russia-bound oil tanker on an EU sanctions list on Friday, accusing it of sailing illegally without a valid country...",2010
2 days ago,"Argentina soy, once parched, now has too much rain",Reuters,https://www.reuters.com/sustainability/land-use-biodiversity/argentina-soy-once-parched-now-has-too-much-rain-2025-04-11/&ved=2ahUKEwilgYfZ7NeMAxXU4zQHHeGtER8QxfQBegQIAxAC&usg=AOvVaw0Z2kLlU8j-g3FBh0BpoOhz,"Drenched Argentine fields due to heavy rains in the country's farm heartland are raising fears of soybean losses and delayed sales of the 2024/25 crop,...",2010
2 days ago,Argentina and the IMF: a troubled history,Reuters,https://www.reuters.com/world/americas/argentina-imf-troubled-history-2025-04-12/&ved=2ahUKEwilgYfZ7NeMAxXU4zQHHeGtER8QxfQBegQICRAC&usg=AOvVaw04jwkMEXC68o2BAhaaj1CT,"Argentina is already the IMF's largest debtor, by far, and the recipient of the most IMF bailouts in history since it joined in September 1956.",2010
2 days ago,"Magnitude 5.95 earthquake strikes Papua New Guinea's New Britain region, GFZ says",Reuters,https://www.reuters.com/business/environment/magnitude-595-earthquake-strikes-papua-new-guineas-new-britain-region-gfz-says-2025-04-12/&ved=2ahUKEwilgYfZ7NeMAxXU4zQHHeGtER8QxfQBegQIBRAC&usg=AOvVaw1pw7UZGngoUe0u_rw7_YgD,,2010
3 days ago,Relief for Spain's feed makers as EU delays tariff on US corn,Reuters,https://www.reuters.com/markets/commodities/relief-spains-feed-makers-eu-delays-tariff-us-corn-2025-04-10/&ved=2ahUKEwi2r83a7NeMAxUIklYBHcsIC144ChDF9AF6BAgEEAI&usg=AOvVaw2nu4IKGavxEWwKMKvrsmDC,"A delay to EU tariffs against U.S. goods has brought respite for Spain's livestock feed sector that has heavily bought U.S. corn this season,...",2010
3 days ago,US consumer inflation eases ahead of tariffs,Reuters,https://www.reuters.com/markets/us/us-consumer-prices-unexpectedly-fall-march-2025-04-10/&ved=2ahUKEwi2r83a7NeMAxUIklYBHcsIC144ChDF9AF6BAgCEAI&usg=AOvVaw2_Y1-l6wg49ZPQI6uv1NRY,The first monthly decline in prices in nearly five years also suggested softening demand amid recession fears and led markets to anticipate Fed could cut...,2010
3 days ago,Argentine workers launch widespread 24-hour strike against Milei's austerity measures,Reuters,https://www.reuters.com/sustainability/sustainable-finance-reporting/argentine-workers-launch-widespread-24-hour-strike-against-mileis-austerity-2025-04-10/&ved=2ahUKEwi2r83a7NeMAxUIklYBHcsIC144ChDF9AF6BAgJEAI&usg=AOvVaw1OAWuQ8ThczSoEz__gLUzc,"Argentina's largest workers' unions kicked off a massive 24-hour strike on Thursday, bringing trains, planes and ports to a halt as they protested against...",2010
3 days ago,"From Daikin to Samsung, companies fight Modi over e-waste policy",Reuters,https://www.reuters.com/world/india/daikin-samsung-companies-fight-modi-over-e-waste-policy-2025-04-11/&ved=2ahUKEwi2r83a7NeMAxUIklYBHcsIC144ChDF9AF6BAgFEAI&usg=AOvVaw1abxabC63ZKJ-ic6Q062cV,India wants to tackle its mounting e-waste problem. Global electronics companies say the cost is too high.,2010
3 days ago,Take Five: Riders on the storm,Reuters,https://www.reuters.com/business/take-five/global-markets-themes-graphic-2025-04-11/&ved=2ahUKEwi2r83a7NeMAxUIklYBHcsIC144ChDF9AF6BAgGEAI&usg=AOvVaw2ma52_wOZ7kCNt0NNLU8mN,"The global trade war might have been reduced to a battle between Beijing and Washington for now, but a bruising week for markets has left policymakers at...",2010
3 days ago,"ECB ready to deploy its instruments to maintain financial stability, Lagarde says",Reuters,https://www.reuters.com/business/finance/ecb-ready-deploy-its-instruments-maintain-financial-stability-lagarde-says-2025-04-11/&ved=2ahUKEwi2r83a7NeMAxUIklYBHcsIC144ChDF9AF6BAgDEAI&usg=AOvVaw3lWpDwNLidXD7ItKLNGLhi,The European Central Bank is ready to deploy its instruments to maintain financial stability and has a solid track record in devising new tools when...,2010
3 days ago,CBOT corn rally more than justified by US supply cuts,Reuters,https://www.reuters.com/markets/commodities/cbot-corn-rally-more-than-justified-by-us-supply-cuts-braun-2025-04-10/&ved=2ahUKEwi2r83a7NeMAxUIklYBHcsIC144ChDF9AF6BAgKEAI&usg=AOvVaw2X22C9xkO7alBaG3D8nhOg,"Chicago corn futures have shot nearly 5% higher so far this week despite gratuitous geopolitical uncertainties, especially when it comes to the United...",2010
3 days ago,Mercedes to end engagement in small vans segment,Reuters,https://www.reuters.com/business/autos-transportation/mercedes-discontinue-citan-t-class-models-automobilwoche-reports-2025-04-11/&ved=2ahUKEwi2r83a7NeMAxUIklYBHcsIC144ChDF9AF6BAgHEAI&usg=AOvVaw3dehfd_iXFB5Xk8vnSKpo7,"Mercedes-Benz said on Friday it is shifting focus towards midsize and large vans and ending engagement in the smaller category, after the Automobilwoche...",2010
3 days ago,"Thailand will cut tariffs on US corn imports, minister says",Reuters,https://www.reuters.com/markets/commodities/thailand-will-cut-tariffs-us-corn-imports-minister-says-2025-04-11/&ved=2ahUKEwiQ-OfZ7NeMAxV3sFYBHf-KM0EQxfQBegQICRAC&usg=AOvVaw0R1b6Ua5xGMEtoxszfwuID,"Thailand will cut tariffs on imports of corn from the United States, but volumes still need to be finalised, the finance minister said on Friday.",2010
3 days ago,"Thailand will cut tariffs on US corn imports, minister says",Reuters,https://www.reuters.com/markets/commodities/thailand-will-cut-tariffs-us-corn-imports-minister-says-2025-04-11/&ved=2ahUKEwilgYfZ7NeMAxXU4zQHHeGtER8QxfQBegQIARAC&usg=AOvVaw0s_W35L4hVt_vfy0BI3lDY,"Thailand will cut tariffs on imports of corn from the United States, but volumes still need to be finalised, the finance minister said on Friday.",2010
4 days ago,"Rhine shipping costs in Germany rise as river level falls, but rain forecast",Reuters,https://www.reuters.com/business/autos-transportation/rhine-shipping-costs-germany-rise-river-level-falls-rain-forecast-2025-04-10/&ved=2ahUKEwi2r83a7NeMAxUIklYBHcsIC144ChDF9AF6BAgBEAI&usg=AOvVaw2kxKDktBeyEwMwa-C5pOfk,"Freight shipping costs on the Rhine river in Germany surged this week as water levels fell further, compelling vessels to sail less than half full,...",2010
4 days ago,"Chilean miner Codelco logging strong Q2 demand from China, chairman says",Reuters,https://www.reuters.com/markets/commodities/chilean-miner-codelco-logging-strong-q2-demand-china-chairman-says-2025-04-10/&ved=2ahUKEwi2r83a7NeMAxUIklYBHcsIC144ChDF9AF6BAgIEAI&usg=AOvVaw1SVhLdlCeEoDmamzUoT4hV,"Chilean copper giant Codelco is seeing strong demand for the red metal from China in the second quarter, the firm's chairman told Reuters on Thursday.",2010
1 hour ago,"Argentine peso slides after FX controls eased, bonds jump",Reuters,https://www.reuters.com/markets/currencies/wall-st-expects-argentina-market-boost-imf-deal-big-shift-fx-controls-2025-04-14/&ved=2ahUKEwjvgOLc7NeMAxVYsVYBHd6IE5YQxfQBegQIBxAC&usg=AOvVaw2t5ODVb4C2hpyF0Gpar9qU,The Argentine peso slid around 9% on Monday morning while bonds gained after Buenos Aires sealed a $20 billion loan program with the International Monetary...,2011
1 hour ago,"Argentine peso slides after FX controls eased, bonds jump",Reuters,https://www.reuters.com/markets/currencies/wall-st-expects-argentina-market-boost-imf-deal-big-shift-fx-controls-2025-04-14/&ved=2ahUKEwiMk_3b7NeMAxWj1TQHHRFVDMQQxfQBegQIAxAC&usg=AOvVaw3m6lDrUgS__SlgbhJiSuiU,The Argentine peso slid around 9% on Monday morning while bonds gained after Buenos Aires sealed a $20 billion loan program with the International Monetary...,2011
3 hours ago,"‘No lettuce, no Big Mac’: why Beth Hart is steering McDonald’s towards regenerative agriculture",Reuters,https://www.reuters.com/sustainability/land-use-biodiversity/no-lettuce-no-big-mac-why-beth-hart-is-steering-mcdonalds-towards-regenerative-2025-04-14/&ved=2ahUKEwjvgOLc7NeMAxVYsVYBHd6IE5YQxfQBegQIChAC&usg=AOvVaw1UIMtuaxBnjcpZNqS-3bOS,"In August 2020, when McDonald's announced an initiative with farmers in Nebraska to improve soil health, techniques like cover cropping and reduced tillage...",2011
3 hours ago,"‘No lettuce, no Big Mac’: why Beth Hart is steering McDonald’s towards regenerative agriculture",Reuters,https://www.reuters.com/sustainability/land-use-biodiversity/no-lettuce-no-big-mac-why-beth-hart-is-steering-mcdonalds-towards-regenerative-2025-04-14/&ved=2ahUKEwiMk_3b7NeMAxWj1TQHHRFVDMQQxfQBegQIChAC&usg=AOvVaw05SitPYbAWmxDGlB4ukddv,"In August 2020, when McDonald's announced an initiative with farmers in Nebraska to improve soil health, techniques like cover cropping and reduced tillage...",2011
4 hours ago,Patient corn bulls emerge victorious post tariff onslaught,Reuters,https://www.reuters.com/markets/commodities/patient-corn-bulls-emerge-victorious-post-tariff-onslaught-braun-2025-04-13/&ved=2ahUKEwjvgOLc7NeMAxVYsVYBHd6IE5YQxfQBegQIAhAC&usg=AOvVaw0JwrRBpPX2KuXgktrytl93,"After building immensely bullish bets, speculators in late February rode out Chicago corn's worst downturn in over a year as the United States prepared to...",2011
4 hours ago,Patient corn bulls emerge victorious post tariff onslaught,Reuters,https://www.reuters.com/markets/commodities/patient-corn-bulls-emerge-victorious-post-tariff-onslaught-braun-2025-04-13/&ved=2ahUKEwiMk_3b7NeMAxWj1TQHHRFVDMQQxfQBegQICBAC&usg=AOvVaw1-iBul9EIa7gqzGyDl9oNI,"After building immensely bullish bets, speculators in late February rode out Chicago corn's worst downturn in over a year as the United States prepared to...",2011
5 hours ago,Holcim spin-off of North American business planned for June,Reuters,https://www.reuters.com/business/holcim-spin-off-north-american-business-planned-june-2025-04-14/&ved=2ahUKEwjvgOLc7NeMAxVYsVYBHd6IE5YQxfQBegQIBRAC&usg=AOvVaw3gvfxvI-JYccfB2sQGs_d_,"The planned spin-off of Holcim's North American business should take place in June, subject to the approval of shareholders at its May 14 annual general...",2011
5 hours ago,Holcim spin-off of North American business planned for June,Reuters,https://www.reuters.com/business/holcim-spin-off-north-american-business-planned-june-2025-04-14/&ved=2ahUKEwiMk_3b7NeMAxWj1TQHHRFVDMQQxfQBegQIBBAC&usg=AOvVaw3z1_fxcJEJKAj6sn0ATmcP,"The planned spin-off of Holcim's North American business should take place in June, subject to the approval of shareholders at its May 14 annual general...",2011
9 hours ago,Thailand says to discuss tariffs with United States on April 21,Reuters,https://www.reuters.com/markets/asia/thailand-says-discuss-tariffs-with-united-states-april-21-2025-04-14/&ved=2ahUKEwjvgOLc7NeMAxVYsVYBHd6IE5YQxfQBegQIAxAC&usg=AOvVaw0Q9urOfyEkUIDfILCqG4Dj,Thailand's finance and commerce ministers will lead a delegation to the United States to meet Trump administration officials and push for relief from...,2011
9 hours ago,Thailand says to discuss tariffs with United States on April 21,Reuters,https://www.reuters.com/markets/asia/thailand-says-discuss-tariffs-with-united-states-april-21-2025-04-14/&ved=2ahUKEwiMk_3b7NeMAxWj1TQHHRFVDMQQxfQBegQIBxAC&usg=AOvVaw3SX4B4CXUlfzrVJgdgNErN,Thailand's finance and commerce ministers will lead a delegation to the United States to meet Trump administration officials and push for relief from...,2011
2 days ago,Estonian navy detains Russia-bound oil tanker in Baltic Sea,Reuters,https://www.reuters.com/world/europe/estonian-navy-detains-boards-russia-bound-oil-tanker-baltic-sea-2025-04-11/&ved=2ahUKEwjvgOLc7NeMAxVYsVYBHd6IE5YQxfQBegQIARAC&usg=AOvVaw3xfiocW2s4Gxv_cWwtpSsO,"The Estonian navy detained and boarded a Russia-bound oil tanker on an EU sanctions list on Friday, accusing it of sailing illegally without a valid country...",2011
2 days ago,"Argentina soy, once parched, now has too much rain",Reuters,https://www.reuters.com/sustainability/land-use-biodiversity/argentina-soy-once-parched-now-has-too-much-rain-2025-04-11/&ved=2ahUKEwjvgOLc7NeMAxVYsVYBHd6IE5YQxfQBegQICRAC&usg=AOvVaw0uGWJ4_LqAzv6dNrhIebUV,"Drenched Argentine fields due to heavy rains in the country's farm heartland are raising fears of soybean losses and delayed sales of the 2024/25 crop,...",2011
2 days ago,Argentina and the IMF: a troubled history,Reuters,https://www.reuters.com/world/americas/argentina-imf-troubled-history-2025-04-12/&ved=2ahUKEwjvgOLc7NeMAxVYsVYBHd6IE5YQxfQBegQIBBAC&usg=AOvVaw2cPsgvM8pM13-w-69mfbkI,"Argentina is already the IMF's largest debtor, by far, and the recipient of the most IMF bailouts in history since it joined in September 1956.",2011
2 days ago,"Magnitude 5.95 earthquake strikes Papua New Guinea's New Britain region, GFZ says",Reuters,https://www.reuters.com/business/environment/magnitude-595-earthquake-strikes-papua-new-guineas-new-britain-region-gfz-says-2025-04-12/&ved=2ahUKEwjvgOLc7NeMAxVYsVYBHd6IE5YQxfQBegQICBAC&usg=AOvVaw1JTtDHqQXWfQMCc5tqklhx,,2011
2 days ago,Estonian navy detains Russia-bound oil tanker in Baltic Sea,Reuters,https://www.reuters.com/world/europe/estonian-navy-detains-boards-russia-bound-oil-tanker-baltic-sea-2025-04-11/&ved=2ahUKEwiMk_3b7NeMAxWj1TQHHRFVDMQQxfQBegQIARAC&usg=AOvVaw07qc0F54RBdEl9G3bS8Dao,"The Estonian navy detained and boarded a Russia-bound oil tanker on an EU sanctions list on Friday, accusing it of sailing illegally without a valid country...",2011
2 days ago,"Argentina soy, once parched, now has too much rain",Reuters,https://www.reuters.com/sustainability/land-use-biodiversity/argentina-soy-once-parched-now-has-too-much-rain-2025-04-11/&ved=2ahUKEwiMk_3b7NeMAxWj1TQHHRFVDMQQxfQBegQIAhAC&usg=AOvVaw0X3i3JbdU2At9D3L8XgjqI,"Drenched Argentine fields due to heavy rains in the country's farm heartland are raising fears of soybean losses and delayed sales of the 2024/25 crop,...",2011
2 days ago,Argentina and the IMF: a troubled history,Reuters,https://www.reuters.com/world/americas/argentina-imf-troubled-history-2025-04-12/&ved=2ahUKEwiMk_3b7NeMAxWj1TQHHRFVDMQQxfQBegQICRAC&usg=AOvVaw1796S__FIWp20g5YXwP4EU,"Argentina is already the IMF's largest debtor, by far, and the recipient of the most IMF bailouts in history since it joined in September 1956.",2011
2 days ago,"Magnitude 5.95 earthquake strikes Papua New Guinea's New Britain region, GFZ says",Reuters,https://www.reuters.com/business/environment/magnitude-595-earthquake-strikes-papua-new-guineas-new-britain-region-gfz-says-2025-04-12/&ved=2ahUKEwiMk_3b7NeMAxWj1TQHHRFVDMQQxfQBegQIBhAC&usg=AOvVaw0RgUxEUgqFo9rWZP4oTbXG,,2011
3 days ago,Relief for Spain's feed makers as EU delays tariff on US corn,Reuters,https://www.reuters.com/markets/commodities/relief-spains-feed-makers-eu-delays-tariff-us-corn-2025-04-10/&ved=2ahUKEwiNwoze7NeMAxWksFYBHZRtAZU4ChDF9AF6BAgIEAI&usg=AOvVaw1f4gImorGnPRS27s7njhjT,"A delay to EU tariffs against U.S. goods has brought respite for Spain's livestock feed sector that has heavily bought U.S. corn this season,...",2011
3 days ago,US consumer inflation eases ahead of tariffs,Reuters,https://www.reuters.com/markets/us/us-consumer-prices-unexpectedly-fall-march-2025-04-10/&ved=2ahUKEwiNwoze7NeMAxWksFYBHZRtAZU4ChDF9AF6BAgBEAI&usg=AOvVaw0MX4hT1reuHjUXeiieeDkw,The first monthly decline in prices in nearly five years also suggested softening demand amid recession fears and led markets to anticipate Fed could cut...,2011
3 days ago,Argentine workers launch widespread 24-hour strike against Milei's austerity measures,Reuters,https://www.reuters.com/sustainability/sustainable-finance-reporting/argentine-workers-launch-widespread-24-hour-strike-against-mileis-austerity-2025-04-10/&ved=2ahUKEwiNwoze7NeMAxWksFYBHZRtAZU4ChDF9AF6BAgFEAI&usg=AOvVaw1dMrB_PkmQvNIhcITLpVJQ,"Argentina's largest workers' unions kicked off a massive 24-hour strike on Thursday, bringing trains, planes and ports to a halt as they protested against...",2011
3 days ago,"From Daikin to Samsung, companies fight Modi over e-waste policy",Reuters,https://www.reuters.com/world/india/daikin-samsung-companies-fight-modi-over-e-waste-policy-2025-04-11/&ved=2ahUKEwiNwoze7NeMAxWksFYBHZRtAZU4ChDF9AF6BAgCEAI&usg=AOvVaw3NSWO8Z3hrIfaIx-mAOsf_,India wants to tackle its mounting e-waste problem. Global electronics companies say the cost is too high.,2011
3 days ago,Take Five: Riders on the storm,Reuters,https://www.reuters.com/business/take-five/global-markets-themes-graphic-2025-04-11/&ved=2ahUKEwiNwoze7NeMAxWksFYBHZRtAZU4ChDF9AF6BAgJEAI&usg=AOvVaw2AHjerPp_1zMj2PfLdIIlQ,"The global trade war might have been reduced to a battle between Beijing and Washington for now, but a bruising week for markets has left policymakers at...",2011
3 days ago,"ECB ready to deploy its instruments to maintain financial stability, Lagarde says",Reuters,https://www.reuters.com/business/finance/ecb-ready-deploy-its-instruments-maintain-financial-stability-lagarde-says-2025-04-11/&ved=2ahUKEwiNwoze7NeMAxWksFYBHZRtAZU4ChDF9AF6BAgDEAI&usg=AOvVaw0_OYzZfWGcLkoqc0MygCBS,The European Central Bank is ready to deploy its instruments to maintain financial stability and has a solid track record in devising new tools when...,2011
3 days ago,CBOT corn rally more than justified by US supply cuts,Reuters,https://www.reuters.com/markets/commodities/cbot-corn-rally-more-than-justified-by-us-supply-cuts-braun-2025-04-10/&ved=2ahUKEwiNwoze7NeMAxWksFYBHZRtAZU4ChDF9AF6BAgKEAI&usg=AOvVaw2OyNmD4Q_jvFsZ8-gonUOS,"Chicago corn futures have shot nearly 5% higher so far this week despite gratuitous geopolitical uncertainties, especially when it comes to the United...",2011
3 days ago,Mercedes to end engagement in small vans segment,Reuters,https://www.reuters.com/business/autos-transportation/mercedes-discontinue-citan-t-class-models-automobilwoche-reports-2025-04-11/&ved=2ahUKEwiNwoze7NeMAxWksFYBHZRtAZU4ChDF9AF6BAgHEAI&usg=AOvVaw1cGsSmTKoGyc9hffo8WUv9,"Mercedes-Benz said on Friday it is shifting focus towards midsize and large vans and ending engagement in the smaller category, after the Automobilwoche...",2011
3 days ago,"Thailand will cut tariffs on US corn imports, minister says",Reuters,https://www.reuters.com/markets/commodities/thailand-will-cut-tariffs-us-corn-imports-minister-says-2025-04-11/&ved=2ahUKEwjvgOLc7NeMAxVYsVYBHd6IE5YQxfQBegQIBhAC&usg=AOvVaw0iXrzntE_HYELifnOxB6sI,"Thailand will cut tariffs on imports of corn from the United States, but volumes still need to be finalised, the finance minister said on Friday.",2011
3 days ago,"Thailand will cut tariffs on US corn imports, minister says",Reuters,https://www.reuters.com/markets/commodities/thailand-will-cut-tariffs-us-corn-imports-minister-says-2025-04-11/&ved=2ahUKEwiMk_3b7NeMAxWj1TQHHRFVDMQQxfQBegQIBRAC&usg=AOvVaw3j6-p2eVqeDs5sWEFIUtTs,"Thailand will cut tariffs on imports of corn from the United States, but volumes still need to be finalised, the finance minister said on Friday.",2011
4 days ago,"Rhine shipping costs in Germany rise as river level falls, but rain forecast",Reuters,https://www.reuters.com/business/autos-transportation/rhine-shipping-costs-germany-rise-river-level-falls-rain-forecast-2025-04-10/&ved=2ahUKEwiNwoze7NeMAxWksFYBHZRtAZU4ChDF9AF6BAgGEAI&usg=AOvVaw2oa0_TWgp6GjX-6ZcwImxu,"Freight shipping costs on the Rhine river in Germany surged this week as water levels fell further, compelling vessels to sail less than half full,...",2011
4 days ago,"Chilean miner Codelco logging strong Q2 demand from China, chairman says",Reuters,https://www.reuters.com/markets/commodities/chilean-miner-codelco-logging-strong-q2-demand-china-chairman-says-2025-04-10/&ved=2ahUKEwiNwoze7NeMAxWksFYBHZRtAZU4ChDF9AF6BAgEEAI&usg=AOvVaw2LFf8RTQkxEEv--5ApNBmN,"Chilean copper giant Codelco is seeing strong demand for the red metal from China in the second quarter, the firm's chairman told Reuters on Thursday.",2011
1 hour ago,"Argentine peso slides after FX controls eased, bonds jump",Reuters,https://www.reuters.com/markets/currencies/wall-st-expects-argentina-market-boost-imf-deal-big-shift-fx-controls-2025-04-14/&ved=2ahUKEwjvgOLc7NeMAxVYsVYBHd6IE5YQxfQBegQIBxAC&usg=AOvVaw2t5ODVb4C2hpyF0Gpar9qU,The Argentine peso slid around 9% on Monday morning while bonds gained after Buenos Aires sealed a $20 billion loan program with the International Monetary...,2011
1 hour ago,"Argentine peso slides after FX controls eased, bonds jump",Reuters,https://www.reuters.com/markets/currencies/wall-st-expects-argentina-market-boost-imf-deal-big-shift-fx-controls-2025-04-14/&ved=2ahUKEwiMk_3b7NeMAxWj1TQHHRFVDMQQxfQBegQIAxAC&usg=AOvVaw3m6lDrUgS__SlgbhJiSuiU,The Argentine peso slid around 9% on Monday morning while bonds gained after Buenos Aires sealed a $20 billion loan program with the International Monetary...,2011
3 hours ago,"‘No lettuce, no Big Mac’: why Beth Hart is steering McDonald’s towards regenerative agriculture",Reuters,https://www.reuters.com/sustainability/land-use-biodiversity/no-lettuce-no-big-mac-why-beth-hart-is-steering-mcdonalds-towards-regenerative-2025-04-14/&ved=2ahUKEwjvgOLc7NeMAxVYsVYBHd6IE5YQxfQBegQIChAC&usg=AOvVaw1UIMtuaxBnjcpZNqS-3bOS,"In August 2020, when McDonald's announced an initiative with farmers in Nebraska to improve soil health, techniques like cover cropping and reduced tillage...",2011
3 hours ago,"‘No lettuce, no Big Mac’: why Beth Hart is steering McDonald’s towards regenerative agriculture",Reuters,https://www.reuters.com/sustainability/land-use-biodiversity/no-lettuce-no-big-mac-why-beth-hart-is-steering-mcdonalds-towards-regenerative-2025-04-14/&ved=2ahUKEwiMk_3b7NeMAxWj1TQHHRFVDMQQxfQBegQIChAC&usg=AOvVaw05SitPYbAWmxDGlB4ukddv,"In August 2020, when McDonald's announced an initiative with farmers in Nebraska to improve soil health, techniques like cover cropping and reduced tillage...",2011
4 hours ago,Patient corn bulls emerge victorious post tariff onslaught,Reuters,https://www.reuters.com/markets/commodities/patient-corn-bulls-emerge-victorious-post-tariff-onslaught-braun-2025-04-13/&ved=2ahUKEwjvgOLc7NeMAxVYsVYBHd6IE5YQxfQBegQIAhAC&usg=AOvVaw0JwrRBpPX2KuXgktrytl93,"After building immensely bullish bets, speculators in late February rode out Chicago corn's worst downturn in over a year as the United States prepared to...",2011
4 hours ago,Patient corn bulls emerge victorious post tariff onslaught,Reuters,https://www.reuters.com/markets/commodities/patient-corn-bulls-emerge-victorious-post-tariff-onslaught-braun-2025-04-13/&ved=2ahUKEwiMk_3b7NeMAxWj1TQHHRFVDMQQxfQBegQICBAC&usg=AOvVaw1-iBul9EIa7gqzGyDl9oNI,"After building immensely bullish bets, speculators in late February rode out Chicago corn's worst downturn in over a year as the United States prepared to...",2011
5 hours ago,Holcim spin-off of North American business planned for June,Reuters,https://www.reuters.com/business/holcim-spin-off-north-american-business-planned-june-2025-04-14/&ved=2ahUKEwjvgOLc7NeMAxVYsVYBHd6IE5YQxfQBegQIBRAC&usg=AOvVaw3gvfxvI-JYccfB2sQGs_d_,"The planned spin-off of Holcim's North American business should take place in June, subject to the approval of shareholders at its May 14 annual general...",2011
5 hours ago,Holcim spin-off of North American business planned for June,Reuters,https://www.reuters.com/business/holcim-spin-off-north-american-business-planned-june-2025-04-14/&ved=2ahUKEwiMk_3b7NeMAxWj1TQHHRFVDMQQxfQBegQIBBAC&usg=AOvVaw3z1_fxcJEJKAj6sn0ATmcP,"The planned spin-off of Holcim's North American business should take place in June, subject to the approval of shareholders at its May 14 annual general...",2011
9 hours ago,Thailand says to discuss tariffs with United States on April 21,Reuters,https://www.reuters.com/markets/asia/thailand-says-discuss-tariffs-with-united-states-april-21-2025-04-14/&ved=2ahUKEwjvgOLc7NeMAxVYsVYBHd6IE5YQxfQBegQIAxAC&usg=AOvVaw0Q9urOfyEkUIDfILCqG4Dj,Thailand's finance and commerce ministers will lead a delegation to the United States to meet Trump administration officials and push for relief from...,2011
9 hours ago,Thailand says to discuss tariffs with United States on April 21,Reuters,https://www.reuters.com/markets/asia/thailand-says-discuss-tariffs-with-united-states-april-21-2025-04-14/&ved=2ahUKEwiMk_3b7NeMAxWj1TQHHRFVDMQQxfQBegQIBxAC&usg=AOvVaw3SX4B4CXUlfzrVJgdgNErN,Thailand's finance and commerce ministers will lead a delegation to the United States to meet Trump administration officials and push for relief from...,2011
2 days ago,Estonian navy detains Russia-bound oil tanker in Baltic Sea,Reuters,https://www.reuters.com/world/europe/estonian-navy-detains-boards-russia-bound-oil-tanker-baltic-sea-2025-04-11/&ved=2ahUKEwjvgOLc7NeMAxVYsVYBHd6IE5YQxfQBegQIARAC&usg=AOvVaw3xfiocW2s4Gxv_cWwtpSsO,"The Estonian navy detained and boarded a Russia-bound oil tanker on an EU sanctions list on Friday, accusing it of sailing illegally without a valid country...",2011
2 days ago,"Argentina soy, once parched, now has too much rain",Reuters,https://www.reuters.com/sustainability/land-use-biodiversity/argentina-soy-once-parched-now-has-too-much-rain-2025-04-11/&ved=2ahUKEwjvgOLc7NeMAxVYsVYBHd6IE5YQxfQBegQICRAC&usg=AOvVaw0uGWJ4_LqAzv6dNrhIebUV,"Drenched Argentine fields due to heavy rains in the country's farm heartland are raising fears of soybean losses and delayed sales of the 2024/25 crop,...",2011
2 days ago,Argentina and the IMF: a troubled history,Reuters,https://www.reuters.com/world/americas/argentina-imf-troubled-history-2025-04-12/&ved=2ahUKEwjvgOLc7NeMAxVYsVYBHd6IE5YQxfQBegQIBBAC&usg=AOvVaw2cPsgvM8pM13-w-69mfbkI,"Argentina is already the IMF's largest debtor, by far, and the recipient of the most IMF bailouts in history since it joined in September 1956.",2011
2 days ago,"Magnitude 5.95 earthquake strikes Papua New Guinea's New Britain region, GFZ says",Reuters,https://www.reuters.com/business/environment/magnitude-595-earthquake-strikes-papua-new-guineas-new-britain-region-gfz-says-2025-04-12/&ved=2ahUKEwjvgOLc7NeMAxVYsVYBHd6IE5YQxfQBegQICBAC&usg=AOvVaw1JTtDHqQXWfQMCc5tqklhx,,2011
2 days ago,Estonian navy detains Russia-bound oil tanker in Baltic Sea,Reuters,https://www.reuters.com/world/europe/estonian-navy-detains-boards-russia-bound-oil-tanker-baltic-sea-2025-04-11/&ved=2ahUKEwiMk_3b7NeMAxWj1TQHHRFVDMQQxfQBegQIARAC&usg=AOvVaw07qc0F54RBdEl9G3bS8Dao,"The Estonian navy detained and boarded a Russia-bound oil tanker on an EU sanctions list on Friday, accusing it of sailing illegally without a valid country...",2011
2 days ago,"Argentina soy, once parched, now has too much rain",Reuters,https://www.reuters.com/sustainability/land-use-biodiversity/argentina-soy-once-parched-now-has-too-much-rain-2025-04-11/&ved=2ahUKEwiMk_3b7NeMAxWj1TQHHRFVDMQQxfQBegQIAhAC&usg=AOvVaw0X3i3JbdU2At9D3L8XgjqI,"Drenched Argentine fields due to heavy rains in the country's farm heartland are raising fears of soybean losses and delayed sales of the 2024/25 crop,...",2011
2 days ago,Argentina and the IMF: a troubled history,Reuters,https://www.reuters.com/world/americas/argentina-imf-troubled-history-2025-04-12/&ved=2ahUKEwiMk_3b7NeMAxWj1TQHHRFVDMQQxfQBegQICRAC&usg=AOvVaw1796S__FIWp20g5YXwP4EU,"Argentina is already the IMF's largest debtor, by far, and the recipient of the most IMF bailouts in history since it joined in September 1956.",2011
2 days ago,"Magnitude 5.95 earthquake strikes Papua New Guinea's New Britain region, GFZ says",Reuters,https://www.reuters.com/business/environment/magnitude-595-earthquake-strikes-papua-new-guineas-new-britain-region-gfz-says-2025-04-12/&ved=2ahUKEwiMk_3b7NeMAxWj1TQHHRFVDMQQxfQBegQIBhAC&usg=AOvVaw0RgUxEUgqFo9rWZP4oTbXG,,2011
3 days ago,Relief for Spain's feed makers as EU delays tariff on US corn,Reuters,https://www.reuters.com/markets/commodities/relief-spains-feed-makers-eu-delays-tariff-us-corn-2025-04-10/&ved=2ahUKEwiNwoze7NeMAxWksFYBHZRtAZU4ChDF9AF6BAgIEAI&usg=AOvVaw1f4gImorGnPRS27s7njhjT,"A delay to EU tariffs against U.S. goods has brought respite for Spain's livestock feed sector that has heavily bought U.S. corn this season,...",2011
3 days ago,US consumer inflation eases ahead of tariffs,Reuters,https://www.reuters.com/markets/us/us-consumer-prices-unexpectedly-fall-march-2025-04-10/&ved=2ahUKEwiNwoze7NeMAxWksFYBHZRtAZU4ChDF9AF6BAgBEAI&usg=AOvVaw0MX4hT1reuHjUXeiieeDkw,The first monthly decline in prices in nearly five years also suggested softening demand amid recession fears and led markets to anticipate Fed could cut...,2011
3 days ago,Argentine workers launch widespread 24-hour strike against Milei's austerity measures,Reuters,https://www.reuters.com/sustainability/sustainable-finance-reporting/argentine-workers-launch-widespread-24-hour-strike-against-mileis-austerity-2025-04-10/&ved=2ahUKEwiNwoze7NeMAxWksFYBHZRtAZU4ChDF9AF6BAgFEAI&usg=AOvVaw1dMrB_PkmQvNIhcITLpVJQ,"Argentina's largest workers' unions kicked off a massive 24-hour strike on Thursday, bringing trains, planes and ports to a halt as they protested against...",2011
3 days ago,"From Daikin to Samsung, companies fight Modi over e-waste policy",Reuters,https://www.reuters.com/world/india/daikin-samsung-companies-fight-modi-over-e-waste-policy-2025-04-11/&ved=2ahUKEwiNwoze7NeMAxWksFYBHZRtAZU4ChDF9AF6BAgCEAI&usg=AOvVaw3NSWO8Z3hrIfaIx-mAOsf_,India wants to tackle its mounting e-waste problem. Global electronics companies say the cost is too high.,2011
3 days ago,Take Five: Riders on the storm,Reuters,https://www.reuters.com/business/take-five/global-markets-themes-graphic-2025-04-11/&ved=2ahUKEwiNwoze7NeMAxWksFYBHZRtAZU4ChDF9AF6BAgJEAI&usg=AOvVaw2AHjerPp_1zMj2PfLdIIlQ,"The global trade war might have been reduced to a battle between Beijing and Washington for now, but a bruising week for markets has left policymakers at...",2011
3 days ago,"ECB ready to deploy its instruments to maintain financial stability, Lagarde says",Reuters,https://www.reuters.com/business/finance/ecb-ready-deploy-its-instruments-maintain-financial-stability-lagarde-says-2025-04-11/&ved=2ahUKEwiNwoze7NeMAxWksFYBHZRtAZU4ChDF9AF6BAgDEAI&usg=AOvVaw0_OYzZfWGcLkoqc0MygCBS,The European Central Bank is ready to deploy its instruments to maintain financial stability and has a solid track record in devising new tools when...,2011
3 days ago,CBOT corn rally more than justified by US supply cuts,Reuters,https://www.reuters.com/markets/commodities/cbot-corn-rally-more-than-justified-by-us-supply-cuts-braun-2025-04-10/&ved=2ahUKEwiNwoze7NeMAxWksFYBHZRtAZU4ChDF9AF6BAgKEAI&usg=AOvVaw2OyNmD4Q_jvFsZ8-gonUOS,"Chicago corn futures have shot nearly 5% higher so far this week despite gratuitous geopolitical uncertainties, especially when it comes to the United...",2011
3 days ago,Mercedes to end engagement in small vans segment,Reuters,https://www.reuters.com/business/autos-transportation/mercedes-discontinue-citan-t-class-models-automobilwoche-reports-2025-04-11/&ved=2ahUKEwiNwoze7NeMAxWksFYBHZRtAZU4ChDF9AF6BAgHEAI&usg=AOvVaw1cGsSmTKoGyc9hffo8WUv9,"Mercedes-Benz said on Friday it is shifting focus towards midsize and large vans and ending engagement in the smaller category, after the Automobilwoche...",2011
3 days ago,"Thailand will cut tariffs on US corn imports, minister says",Reuters,https://www.reuters.com/markets/commodities/thailand-will-cut-tariffs-us-corn-imports-minister-says-2025-04-11/&ved=2ahUKEwjvgOLc7NeMAxVYsVYBHd6IE5YQxfQBegQIBhAC&usg=AOvVaw0iXrzntE_HYELifnOxB6sI,"Thailand will cut tariffs on imports of corn from the United States, but volumes still need to be finalised, the finance minister said on Friday.",2011
3 days ago,"Thailand will cut tariffs on US corn imports, minister says",Reuters,https://www.reuters.com/markets/commodities/thailand-will-cut-tariffs-us-corn-imports-minister-says-2025-04-11/&ved=2ahUKEwiMk_3b7NeMAxWj1TQHHRFVDMQQxfQBegQIBRAC&usg=AOvVaw3j6-p2eVqeDs5sWEFIUtTs,"Thailand will cut tariffs on imports of corn from the United States, but volumes still need to be finalised, the finance minister said on Friday.",2011
4 days ago,"Rhine shipping costs in Germany rise as river level falls, but rain forecast",Reuters,https://www.reuters.com/business/autos-transportation/rhine-shipping-costs-germany-rise-river-level-falls-rain-forecast-2025-04-10/&ved=2ahUKEwiNwoze7NeMAxWksFYBHZRtAZU4ChDF9AF6BAgGEAI&usg=AOvVaw2oa0_TWgp6GjX-6ZcwImxu,"Freight shipping costs on the Rhine river in Germany surged this week as water levels fell further, compelling vessels to sail less than half full,...",2011
4 days ago,"Chilean miner Codelco logging strong Q2 demand from China, chairman says",Reuters,https://www.reuters.com/markets/commodities/chilean-miner-codelco-logging-strong-q2-demand-china-chairman-says-2025-04-10/&ved=2ahUKEwiNwoze7NeMAxWksFYBHZRtAZU4ChDF9AF6BAgEEAI&usg=AOvVaw2LFf8RTQkxEEv--5ApNBmN,"Chilean copper giant Codelco is seeing strong demand for the red metal from China in the second quarter, the firm's chairman told Reuters on Thursday.",2011
1 hour ago,"Argentine peso slides after FX controls eased, bonds jump",Reuters,https://www.reuters.com/markets/currencies/wall-st-expects-argentina-market-boost-imf-deal-big-shift-fx-controls-2025-04-14/&ved=2ahUKEwi6n7Lh7NeMAxXl2zQHHevAKk8QxfQBegQIBhAC&usg=AOvVaw0-J6Ns7_qyqV4t_SGMF_88,The Argentine peso slid around 9% on Monday morning while bonds gained after Buenos Aires sealed a $20 billion loan program with the International Monetary...,2012
1 hour ago,"Argentine peso slides after FX controls eased, bonds jump",Reuters,https://www.reuters.com/markets/currencies/wall-st-expects-argentina-market-boost-imf-deal-big-shift-fx-controls-2025-04-14/&ved=2ahUKEwi-gf3f7NeMAxV1h1YBHa4EAa8QxfQBegQICRAC&usg=AOvVaw118mRYPmvgKxfa_cnpkmNy,The Argentine peso slid around 9% on Monday morning while bonds gained after Buenos Aires sealed a $20 billion loan program with the International Monetary...,2012
3 hours ago,"‘No lettuce, no Big Mac’: why Beth Hart is steering McDonald’s towards regenerative agriculture",Reuters,https://www.reuters.com/sustainability/land-use-biodiversity/no-lettuce-no-big-mac-why-beth-hart-is-steering-mcdonalds-towards-regenerative-2025-04-14/&ved=2ahUKEwi6n7Lh7NeMAxXl2zQHHevAKk8QxfQBegQIChAC&usg=AOvVaw0P-bvSHTag1LBNcDTzhnQY,"In August 2020, when McDonald's announced an initiative with farmers in Nebraska to improve soil health, techniques like cover cropping and reduced tillage...",2012
3 hours ago,"‘No lettuce, no Big Mac’: why Beth Hart is steering McDonald’s towards regenerative agriculture",Reuters,https://www.reuters.com/sustainability/land-use-biodiversity/no-lettuce-no-big-mac-why-beth-hart-is-steering-mcdonalds-towards-regenerative-2025-04-14/&ved=2ahUKEwi-gf3f7NeMAxV1h1YBHa4EAa8QxfQBegQIChAC&usg=AOvVaw19qE_LQpVQMIHMxolL3soH,"In August 2020, when McDonald's announced an initiative with farmers in Nebraska to improve soil health, techniques like cover cropping and reduced tillage...",2012
4 hours ago,Patient corn bulls emerge victorious post tariff onslaught,Reuters,https://www.reuters.com/markets/commodities/patient-corn-bulls-emerge-victorious-post-tariff-onslaught-braun-2025-04-13/&ved=2ahUKEwi6n7Lh7NeMAxXl2zQHHevAKk8QxfQBegQICRAC&usg=AOvVaw0Nle7Y1CJG9ge-tMYDGRgV,"After building immensely bullish bets, speculators in late February rode out Chicago corn's worst downturn in over a year as the United States prepared to...",2012
4 hours ago,Patient corn bulls emerge victorious post tariff onslaught,Reuters,https://www.reuters.com/markets/commodities/patient-corn-bulls-emerge-victorious-post-tariff-onslaught-braun-2025-04-13/&ved=2ahUKEwi-gf3f7NeMAxV1h1YBHa4EAa8QxfQBegQICBAC&usg=AOvVaw04oB2DXanqzIHwKgOifTO6,"After building immensely bullish bets, speculators in late February rode out Chicago corn's worst downturn in over a year as the United States prepared to...",2012
5 hours ago,Holcim spin-off of North American business planned for June,Reuters,https://www.reuters.com/business/holcim-spin-off-north-american-business-planned-june-2025-04-14/&ved=2ahUKEwi6n7Lh7NeMAxXl2zQHHevAKk8QxfQBegQIBBAC&usg=AOvVaw3DQoDcO7MxgG0cjqUL0jPO,"The planned spin-off of Holcim's North American business should take place in June, subject to the approval of shareholders at its May 14 annual general...",2012
5 hours ago,Holcim spin-off of North American business planned for June,Reuters,https://www.reuters.com/business/holcim-spin-off-north-american-business-planned-june-2025-04-14/&ved=2ahUKEwi-gf3f7NeMAxV1h1YBHa4EAa8QxfQBegQIAhAC&usg=AOvVaw2Y31IeL6bv44nudn1so5Vd,"The planned spin-off of Holcim's North American business should take place in June, subject to the approval of shareholders at its May 14 annual general...",2012
9 hours ago,Thailand says to discuss tariffs with United States on April 21,Reuters,https://www.reuters.com/markets/asia/thailand-says-discuss-tariffs-with-united-states-april-21-2025-04-14/&ved=2ahUKEwi6n7Lh7NeMAxXl2zQHHevAKk8QxfQBegQIAxAC&usg=AOvVaw12xwLvnd8HmpQEuO3ScCdg,Thailand's finance and commerce ministers will lead a delegation to the United States to meet Trump administration officials and push for relief from...,2012
9 hours ago,Thailand says to discuss tariffs with United States on April 21,Reuters,https://www.reuters.com/markets/asia/thailand-says-discuss-tariffs-with-united-states-april-21-2025-04-14/&ved=2ahUKEwi-gf3f7NeMAxV1h1YBHa4EAa8QxfQBegQIBxAC&usg=AOvVaw1MVRHwW2Q-VRisG9jmcimX,Thailand's finance and commerce ministers will lead a delegation to the United States to meet Trump administration officials and push for relief from...,2012
2 days ago,Estonian navy detains Russia-bound oil tanker in Baltic Sea,Reuters,https://www.reuters.com/world/europe/estonian-navy-detains-boards-russia-bound-oil-tanker-baltic-sea-2025-04-11/&ved=2ahUKEwi6n7Lh7NeMAxXl2zQHHevAKk8QxfQBegQICBAC&usg=AOvVaw075Ka9iLExp1oBjNHCbOf_,"The Estonian navy detained and boarded a Russia-bound oil tanker on an EU sanctions list on Friday, accusing it of sailing illegally without a valid country...",2012
2 days ago,"Argentina soy, once parched, now has too much rain",Reuters,https://www.reuters.com/sustainability/land-use-biodiversity/argentina-soy-once-parched-now-has-too-much-rain-2025-04-11/&ved=2ahUKEwi6n7Lh7NeMAxXl2zQHHevAKk8QxfQBegQIBRAC&usg=AOvVaw0eKCZgn07jsJJfemJWwCk9,"Drenched Argentine fields due to heavy rains in the country's farm heartland are raising fears of soybean losses and delayed sales of the 2024/25 crop,...",2012
2 days ago,Argentina and the IMF: a troubled history,Reuters,https://www.reuters.com/world/americas/argentina-imf-troubled-history-2025-04-12/&ved=2ahUKEwi6n7Lh7NeMAxXl2zQHHevAKk8QxfQBegQIAhAC&usg=AOvVaw3KUPoBCylLnCFfWCI-1gbh,"Argentina is already the IMF's largest debtor, by far, and the recipient of the most IMF bailouts in history since it joined in September 1956.",2012
2 days ago,"Magnitude 5.95 earthquake strikes Papua New Guinea's New Britain region, GFZ says",Reuters,https://www.reuters.com/business/environment/magnitude-595-earthquake-strikes-papua-new-guineas-new-britain-region-gfz-says-2025-04-12/&ved=2ahUKEwi6n7Lh7NeMAxXl2zQHHevAKk8QxfQBegQIBxAC&usg=AOvVaw0usIRa8TeIiNAaCXdBRGPb,,2012
2 days ago,Estonian navy detains Russia-bound oil tanker in Baltic Sea,Reuters,https://www.reuters.com/world/europe/estonian-navy-detains-boards-russia-bound-oil-tanker-baltic-sea-2025-04-11/&ved=2ahUKEwi-gf3f7NeMAxV1h1YBHa4EAa8QxfQBegQIBRAC&usg=AOvVaw2-kN1qcY4IYtcdtF6n6mm2,"The Estonian navy detained and boarded a Russia-bound oil tanker on an EU sanctions list on Friday, accusing it of sailing illegally without a valid country...",2012
2 days ago,"Argentina soy, once parched, now has too much rain",Reuters,https://www.reuters.com/sustainability/land-use-biodiversity/argentina-soy-once-parched-now-has-too-much-rain-2025-04-11/&ved=2ahUKEwi-gf3f7NeMAxV1h1YBHa4EAa8QxfQBegQIBhAC&usg=AOvVaw2SwWhoCBOb7LwjHgAY96-D,"Drenched Argentine fields due to heavy rains in the country's farm heartland are raising fears of soybean losses and delayed sales of the 2024/25 crop,...",2012
2 days ago,Argentina and the IMF: a troubled history,Reuters,https://www.reuters.com/world/americas/argentina-imf-troubled-history-2025-04-12/&ved=2ahUKEwi-gf3f7NeMAxV1h1YBHa4EAa8QxfQBegQIAxAC&usg=AOvVaw0km0UrUHdPX823UU-am1EC,"Argentina is already the IMF's largest debtor, by far, and the recipient of the most IMF bailouts in history since it joined in September 1956.",2012
2 days ago,"Magnitude 5.95 earthquake strikes Papua New Guinea's New Britain region, GFZ says",Reuters,https://www.reuters.com/business/environment/magnitude-595-earthquake-strikes-papua-new-guineas-new-britain-region-gfz-says-2025-04-12/&ved=2ahUKEwi-gf3f7NeMAxV1h1YBHa4EAa8QxfQBegQIBBAC&usg=AOvVaw0TiKoPBeQPhi7aohXupVNv,,2012
3 days ago,Relief for Spain's feed makers as EU delays tariff on US corn,Reuters,https://www.reuters.com/markets/commodities/relief-spains-feed-makers-eu-delays-tariff-us-corn-2025-04-10/&ved=2ahUKEwjRpcDi7NeMAxUXslYBHaw0GRA4ChDF9AF6BAgGEAI&usg=AOvVaw20hVtTisa7fI38NyZ8GiPV,"A delay to EU tariffs against U.S. goods has brought respite for Spain's livestock feed sector that has heavily bought U.S. corn this season,...",2012
3 days ago,US consumer inflation eases ahead of tariffs,Reuters,https://www.reuters.com/markets/us/us-consumer-prices-unexpectedly-fall-march-2025-04-10/&ved=2ahUKEwjRpcDi7NeMAxUXslYBHaw0GRA4ChDF9AF6BAgCEAI&usg=AOvVaw0W6OyrfKjjNVVHW8NAvgpM,The first monthly decline in prices in nearly five years also suggested softening demand amid recession fears and led markets to anticipate Fed could cut...,2012
3 days ago,Argentine workers launch widespread 24-hour strike against Milei's austerity measures,Reuters,https://www.reuters.com/sustainability/sustainable-finance-reporting/argentine-workers-launch-widespread-24-hour-strike-against-mileis-austerity-2025-04-10/&ved=2ahUKEwjRpcDi7NeMAxUXslYBHaw0GRA4ChDF9AF6BAgHEAI&usg=AOvVaw0cc3we4Ur98NeHXdstrM7J,"Argentina's largest workers' unions kicked off a massive 24-hour strike on Thursday, bringing trains, planes and ports to a halt as they protested against...",2012
3 days ago,"From Daikin to Samsung, companies fight Modi over e-waste policy",Reuters,https://www.reuters.com/world/india/daikin-samsung-companies-fight-modi-over-e-waste-policy-2025-04-11/&ved=2ahUKEwjRpcDi7NeMAxUXslYBHaw0GRA4ChDF9AF6BAgIEAI&usg=AOvVaw16He4EgAfVSv0lfzJ44G9y,India wants to tackle its mounting e-waste problem. Global electronics companies say the cost is too high.,2012
3 days ago,Take Five: Riders on the storm,Reuters,https://www.reuters.com/business/take-five/global-markets-themes-graphic-2025-04-11/&ved=2ahUKEwjRpcDi7NeMAxUXslYBHaw0GRA4ChDF9AF6BAgDEAI&usg=AOvVaw0KhEmUwU3prMAQ3vZYCjYr,"The global trade war might have been reduced to a battle between Beijing and Washington for now, but a bruising week for markets has left policymakers at...",2012
3 days ago,"ECB ready to deploy its instruments to maintain financial stability, Lagarde says",Reuters,https://www.reuters.com/business/finance/ecb-ready-deploy-its-instruments-maintain-financial-stability-lagarde-says-2025-04-11/&ved=2ahUKEwjRpcDi7NeMAxUXslYBHaw0GRA4ChDF9AF6BAgJEAI&usg=AOvVaw35VBDQfofzhbAfyUVa32YP,The European Central Bank is ready to deploy its instruments to maintain financial stability and has a solid track record in devising new tools when...,2012
3 days ago,CBOT corn rally more than justified by US supply cuts,Reuters,https://www.reuters.com/markets/commodities/cbot-corn-rally-more-than-justified-by-us-supply-cuts-braun-2025-04-10/&ved=2ahUKEwjRpcDi7NeMAxUXslYBHaw0GRA4ChDF9AF6BAgKEAI&usg=AOvVaw1OlaVVl4Qr3oN8lW6EFYW4,"Chicago corn futures have shot nearly 5% higher so far this week despite gratuitous geopolitical uncertainties, especially when it comes to the United...",2012
3 days ago,Mercedes to end engagement in small vans segment,Reuters,https://www.reuters.com/business/autos-transportation/mercedes-discontinue-citan-t-class-models-automobilwoche-reports-2025-04-11/&ved=2ahUKEwjRpcDi7NeMAxUXslYBHaw0GRA4ChDF9AF6BAgEEAI&usg=AOvVaw0UW_JhrbbU-oFenNKV3vyS,"Mercedes-Benz said on Friday it is shifting focus towards midsize and large vans and ending engagement in the smaller category, after the Automobilwoche...",2012
3 days ago,"Thailand will cut tariffs on US corn imports, minister says",Reuters,https://www.reuters.com/markets/commodities/thailand-will-cut-tariffs-us-corn-imports-minister-says-2025-04-11/&ved=2ahUKEwi6n7Lh7NeMAxXl2zQHHevAKk8QxfQBegQIARAC&usg=AOvVaw0a2rWVJFw1BWdXFYPd2NFw,"Thailand will cut tariffs on imports of corn from the United States, but volumes still need to be finalised, the finance minister said on Friday.",2012
3 days ago,"Thailand will cut tariffs on US corn imports, minister says",Reuters,https://www.reuters.com/markets/commodities/thailand-will-cut-tariffs-us-corn-imports-minister-says-2025-04-11/&ved=2ahUKEwi-gf3f7NeMAxV1h1YBHa4EAa8QxfQBegQIARAC&usg=AOvVaw2crO4GGLfZulYD4n9Q6zqu,"Thailand will cut tariffs on imports of corn from the United States, but volumes still need to be finalised, the finance minister said on Friday.",2012
4 days ago,"Rhine shipping costs in Germany rise as river level falls, but rain forecast",Reuters,https://www.reuters.com/business/autos-transportation/rhine-shipping-costs-germany-rise-river-level-falls-rain-forecast-2025-04-10/&ved=2ahUKEwjRpcDi7NeMAxUXslYBHaw0GRA4ChDF9AF6BAgFEAI&usg=AOvVaw1vlZUc1rzdCLfp2PMXwjPR,"Freight shipping costs on the Rhine river in Germany surged this week as water levels fell further, compelling vessels to sail less than half full,...",2012
4 days ago,"Chilean miner Codelco logging strong Q2 demand from China, chairman says",Reuters,https://www.reuters.com/markets/commodities/chilean-miner-codelco-logging-strong-q2-demand-china-chairman-says-2025-04-10/&ved=2ahUKEwjRpcDi7NeMAxUXslYBHaw0GRA4ChDF9AF6BAgBEAI&usg=AOvVaw09kpXE8knpKr3nADfgVCWI,"Chilean copper giant Codelco is seeing strong demand for the red metal from China in the second quarter, the firm's chairman told Reuters on Thursday.",2012
1 hour ago,"Argentine peso slides after FX controls eased, bonds jump",Reuters,https://www.reuters.com/markets/currencies/wall-st-expects-argentina-market-boost-imf-deal-big-shift-fx-controls-2025-04-14/&ved=2ahUKEwi6n7Lh7NeMAxXl2zQHHevAKk8QxfQBegQIBhAC&usg=AOvVaw0-J6Ns7_qyqV4t_SGMF_88,The Argentine peso slid around 9% on Monday morning while bonds gained after Buenos Aires sealed a $20 billion loan program with the International Monetary...,2012
1 hour ago,"Argentine peso slides after FX controls eased, bonds jump",Reuters,https://www.reuters.com/markets/currencies/wall-st-expects-argentina-market-boost-imf-deal-big-shift-fx-controls-2025-04-14/&ved=2ahUKEwi-gf3f7NeMAxV1h1YBHa4EAa8QxfQBegQICRAC&usg=AOvVaw118mRYPmvgKxfa_cnpkmNy,The Argentine peso slid around 9% on Monday morning while bonds gained after Buenos Aires sealed a $20 billion loan program with the International Monetary...,2012
3 hours ago,"‘No lettuce, no Big Mac’: why Beth Hart is steering McDonald’s towards regenerative agriculture",Reuters,https://www.reuters.com/sustainability/land-use-biodiversity/no-lettuce-no-big-mac-why-beth-hart-is-steering-mcdonalds-towards-regenerative-2025-04-14/&ved=2ahUKEwi6n7Lh7NeMAxXl2zQHHevAKk8QxfQBegQIChAC&usg=AOvVaw0P-bvSHTag1LBNcDTzhnQY,"In August 2020, when McDonald's announced an initiative with farmers in Nebraska to improve soil health, techniques like cover cropping and reduced tillage...",2012
3 hours ago,"‘No lettuce, no Big Mac’: why Beth Hart is steering McDonald’s towards regenerative agriculture",Reuters,https://www.reuters.com/sustainability/land-use-biodiversity/no-lettuce-no-big-mac-why-beth-hart-is-steering-mcdonalds-towards-regenerative-2025-04-14/&ved=2ahUKEwi-gf3f7NeMAxV1h1YBHa4EAa8QxfQBegQIChAC&usg=AOvVaw19qE_LQpVQMIHMxolL3soH,"In August 2020, when McDonald's announced an initiative with farmers in Nebraska to improve soil health, techniques like cover cropping and reduced tillage...",2012
4 hours ago,Patient corn bulls emerge victorious post tariff onslaught,Reuters,https://www.reuters.com/markets/commodities/patient-corn-bulls-emerge-victorious-post-tariff-onslaught-braun-2025-04-13/&ved=2ahUKEwi6n7Lh7NeMAxXl2zQHHevAKk8QxfQBegQICRAC&usg=AOvVaw0Nle7Y1CJG9ge-tMYDGRgV,"After building immensely bullish bets, speculators in late February rode out Chicago corn's worst downturn in over a year as the United States prepared to...",2012
4 hours ago,Patient corn bulls emerge victorious post tariff onslaught,Reuters,https://www.reuters.com/markets/commodities/patient-corn-bulls-emerge-victorious-post-tariff-onslaught-braun-2025-04-13/&ved=2ahUKEwi-gf3f7NeMAxV1h1YBHa4EAa8QxfQBegQICBAC&usg=AOvVaw04oB2DXanqzIHwKgOifTO6,"After building immensely bullish bets, speculators in late February rode out Chicago corn's worst downturn in over a year as the United States prepared to...",2012
5 hours ago,Holcim spin-off of North American business planned for June,Reuters,https://www.reuters.com/business/holcim-spin-off-north-american-business-planned-june-2025-04-14/&ved=2ahUKEwi6n7Lh7NeMAxXl2zQHHevAKk8QxfQBegQIBBAC&usg=AOvVaw3DQoDcO7MxgG0cjqUL0jPO,"The planned spin-off of Holcim's North American business should take place in June, subject to the approval of shareholders at its May 14 annual general...",2012
5 hours ago,Holcim spin-off of North American business planned for June,Reuters,https://www.reuters.com/business/holcim-spin-off-north-american-business-planned-june-2025-04-14/&ved=2ahUKEwi-gf3f7NeMAxV1h1YBHa4EAa8QxfQBegQIAhAC&usg=AOvVaw2Y31IeL6bv44nudn1so5Vd,"The planned spin-off of Holcim's North American business should take place in June, subject to the approval of shareholders at its May 14 annual general...",2012
9 hours ago,Thailand says to discuss tariffs with United States on April 21,Reuters,https://www.reuters.com/markets/asia/thailand-says-discuss-tariffs-with-united-states-april-21-2025-04-14/&ved=2ahUKEwi6n7Lh7NeMAxXl2zQHHevAKk8QxfQBegQIAxAC&usg=AOvVaw12xwLvnd8HmpQEuO3ScCdg,Thailand's finance and commerce ministers will lead a delegation to the United States to meet Trump administration officials and push for relief from...,2012
9 hours ago,Thailand says to discuss tariffs with United States on April 21,Reuters,https://www.reuters.com/markets/asia/thailand-says-discuss-tariffs-with-united-states-april-21-2025-04-14/&ved=2ahUKEwi-gf3f7NeMAxV1h1YBHa4EAa8QxfQBegQIBxAC&usg=AOvVaw1MVRHwW2Q-VRisG9jmcimX,Thailand's finance and commerce ministers will lead a delegation to the United States to meet Trump administration officials and push for relief from...,2012
2 days ago,Estonian navy detains Russia-bound oil tanker in Baltic Sea,Reuters,https://www.reuters.com/world/europe/estonian-navy-detains-boards-russia-bound-oil-tanker-baltic-sea-2025-04-11/&ved=2ahUKEwi6n7Lh7NeMAxXl2zQHHevAKk8QxfQBegQICBAC&usg=AOvVaw075Ka9iLExp1oBjNHCbOf_,"The Estonian navy detained and boarded a Russia-bound oil tanker on an EU sanctions list on Friday, accusing it of sailing illegally without a valid country...",2012
2 days ago,"Argentina soy, once parched, now has too much rain",Reuters,https://www.reuters.com/sustainability/land-use-biodiversity/argentina-soy-once-parched-now-has-too-much-rain-2025-04-11/&ved=2ahUKEwi6n7Lh7NeMAxXl2zQHHevAKk8QxfQBegQIBRAC&usg=AOvVaw0eKCZgn07jsJJfemJWwCk9,"Drenched Argentine fields due to heavy rains in the country's farm heartland are raising fears of soybean losses and delayed sales of the 2024/25 crop,...",2012
2 days ago,Argentina and the IMF: a troubled history,Reuters,https://www.reuters.com/world/americas/argentina-imf-troubled-history-2025-04-12/&ved=2ahUKEwi6n7Lh7NeMAxXl2zQHHevAKk8QxfQBegQIAhAC&usg=AOvVaw3KUPoBCylLnCFfWCI-1gbh,"Argentina is already the IMF's largest debtor, by far, and the recipient of the most IMF bailouts in history since it joined in September 1956.",2012
2 days ago,"Magnitude 5.95 earthquake strikes Papua New Guinea's New Britain region, GFZ says",Reuters,https://www.reuters.com/business/environment/magnitude-595-earthquake-strikes-papua-new-guineas-new-britain-region-gfz-says-2025-04-12/&ved=2ahUKEwi6n7Lh7NeMAxXl2zQHHevAKk8QxfQBegQIBxAC&usg=AOvVaw0usIRa8TeIiNAaCXdBRGPb,,2012
2 days ago,Estonian navy detains Russia-bound oil tanker in Baltic Sea,Reuters,https://www.reuters.com/world/europe/estonian-navy-detains-boards-russia-bound-oil-tanker-baltic-sea-2025-04-11/&ved=2ahUKEwi-gf3f7NeMAxV1h1YBHa4EAa8QxfQBegQIBRAC&usg=AOvVaw2-kN1qcY4IYtcdtF6n6mm2,"The Estonian navy detained and boarded a Russia-bound oil tanker on an EU sanctions list on Friday, accusing it of sailing illegally without a valid country...",2012
2 days ago,"Argentina soy, once parched, now has too much rain",Reuters,https://www.reuters.com/sustainability/land-use-biodiversity/argentina-soy-once-parched-now-has-too-much-rain-2025-04-11/&ved=2ahUKEwi-gf3f7NeMAxV1h1YBHa4EAa8QxfQBegQIBhAC&usg=AOvVaw2SwWhoCBOb7LwjHgAY96-D,"Drenched Argentine fields due to heavy rains in the country's farm heartland are raising fears of soybean losses and delayed sales of the 2024/25 crop,...",2012
2 days ago,Argentina and the IMF: a troubled history,Reuters,https://www.reuters.com/world/americas/argentina-imf-troubled-history-2025-04-12/&ved=2ahUKEwi-gf3f7NeMAxV1h1YBHa4EAa8QxfQBegQIAxAC&usg=AOvVaw0km0UrUHdPX823UU-am1EC,"Argentina is already the IMF's largest debtor, by far, and the recipient of the most IMF bailouts in history since it joined in September 1956.",2012
2 days ago,"Magnitude 5.95 earthquake strikes Papua New Guinea's New Britain region, GFZ says",Reuters,https://www.reuters.com/business/environment/magnitude-595-earthquake-strikes-papua-new-guineas-new-britain-region-gfz-says-2025-04-12/&ved=2ahUKEwi-gf3f7NeMAxV1h1YBHa4EAa8QxfQBegQIBBAC&usg=AOvVaw0TiKoPBeQPhi7aohXupVNv,,2012
3 days ago,Relief for Spain's feed makers as EU delays tariff on US corn,Reuters,https://www.reuters.com/markets/commodities/relief-spains-feed-makers-eu-delays-tariff-us-corn-2025-04-10/&ved=2ahUKEwjRpcDi7NeMAxUXslYBHaw0GRA4ChDF9AF6BAgGEAI&usg=AOvVaw20hVtTisa7fI38NyZ8GiPV,"A delay to EU tariffs against U.S. goods has brought respite for Spain's livestock feed sector that has heavily bought U.S. corn this season,...",2012
3 days ago,US consumer inflation eases ahead of tariffs,Reuters,https://www.reuters.com/markets/us/us-consumer-prices-unexpectedly-fall-march-2025-04-10/&ved=2ahUKEwjRpcDi7NeMAxUXslYBHaw0GRA4ChDF9AF6BAgCEAI&usg=AOvVaw0W6OyrfKjjNVVHW8NAvgpM,The first monthly decline in prices in nearly five years also suggested softening demand amid recession fears and led markets to anticipate Fed could cut...,2012
3 days ago,Argentine workers launch widespread 24-hour strike against Milei's austerity measures,Reuters,https://www.reuters.com/sustainability/sustainable-finance-reporting/argentine-workers-launch-widespread-24-hour-strike-against-mileis-austerity-2025-04-10/&ved=2ahUKEwjRpcDi7NeMAxUXslYBHaw0GRA4ChDF9AF6BAgHEAI&usg=AOvVaw0cc3we4Ur98NeHXdstrM7J,"Argentina's largest workers' unions kicked off a massive 24-hour strike on Thursday, bringing trains, planes and ports to a halt as they protested against...",2012
3 days ago,"From Daikin to Samsung, companies fight Modi over e-waste policy",Reuters,https://www.reuters.com/world/india/daikin-samsung-companies-fight-modi-over-e-waste-policy-2025-04-11/&ved=2ahUKEwjRpcDi7NeMAxUXslYBHaw0GRA4ChDF9AF6BAgIEAI&usg=AOvVaw16He4EgAfVSv0lfzJ44G9y,India wants to tackle its mounting e-waste problem. Global electronics companies say the cost is too high.,2012
3 days ago,Take Five: Riders on the storm,Reuters,https://www.reuters.com/business/take-five/global-markets-themes-graphic-2025-04-11/&ved=2ahUKEwjRpcDi7NeMAxUXslYBHaw0GRA4ChDF9AF6BAgDEAI&usg=AOvVaw0KhEmUwU3prMAQ3vZYCjYr,"The global trade war might have been reduced to a battle between Beijing and Washington for now, but a bruising week for markets has left policymakers at...",2012
3 days ago,"ECB ready to deploy its instruments to maintain financial stability, Lagarde says",Reuters,https://www.reuters.com/business/finance/ecb-ready-deploy-its-instruments-maintain-financial-stability-lagarde-says-2025-04-11/&ved=2ahUKEwjRpcDi7NeMAxUXslYBHaw0GRA4ChDF9AF6BAgJEAI&usg=AOvVaw35VBDQfofzhbAfyUVa32YP,The European Central Bank is ready to deploy its instruments to maintain financial stability and has a solid track record in devising new tools when...,2012
3 days ago,CBOT corn rally more than justified by US supply cuts,Reuters,https://www.reuters.com/markets/commodities/cbot-corn-rally-more-than-justified-by-us-supply-cuts-braun-2025-04-10/&ved=2ahUKEwjRpcDi7NeMAxUXslYBHaw0GRA4ChDF9AF6BAgKEAI&usg=AOvVaw1OlaVVl4Qr3oN8lW6EFYW4,"Chicago corn futures have shot nearly 5% higher so far this week despite gratuitous geopolitical uncertainties, especially when it comes to the United...",2012
3 days ago,Mercedes to end engagement in small vans segment,Reuters,https://www.reuters.com/business/autos-transportation/mercedes-discontinue-citan-t-class-models-automobilwoche-reports-2025-04-11/&ved=2ahUKEwjRpcDi7NeMAxUXslYBHaw0GRA4ChDF9AF6BAgEEAI&usg=AOvVaw0UW_JhrbbU-oFenNKV3vyS,"Mercedes-Benz said on Friday it is shifting focus towards midsize and large vans and ending engagement in the smaller category, after the Automobilwoche...",2012
3 days ago,"Thailand will cut tariffs on US corn imports, minister says",Reuters,https://www.reuters.com/markets/commodities/thailand-will-cut-tariffs-us-corn-imports-minister-says-2025-04-11/&ved=2ahUKEwi6n7Lh7NeMAxXl2zQHHevAKk8QxfQBegQIARAC&usg=AOvVaw0a2rWVJFw1BWdXFYPd2NFw,"Thailand will cut tariffs on imports of corn from the United States, but volumes still need to be finalised, the finance minister said on Friday.",2012
3 days ago,"Thailand will cut tariffs on US corn imports, minister says",Reuters,https://www.reuters.com/markets/commodities/thailand-will-cut-tariffs-us-corn-imports-minister-says-2025-04-11/&ved=2ahUKEwi-gf3f7NeMAxV1h1YBHa4EAa8QxfQBegQIARAC&usg=AOvVaw2crO4GGLfZulYD4n9Q6zqu,"Thailand will cut tariffs on imports of corn from the United States, but volumes still need to be finalised, the finance minister said on Friday.",2012
4 days ago,"Rhine shipping costs in Germany rise as river level falls, but rain forecast",Reuters,https://www.reuters.com/business/autos-transportation/rhine-shipping-costs-germany-rise-river-level-falls-rain-forecast-2025-04-10/&ved=2ahUKEwjRpcDi7NeMAxUXslYBHaw0GRA4ChDF9AF6BAgFEAI&usg=AOvVaw1vlZUc1rzdCLfp2PMXwjPR,"Freight shipping costs on the Rhine river in Germany surged this week as water levels fell further, compelling vessels to sail less than half full,...",2012
4 days ago,"Chilean miner Codelco logging strong Q2 demand from China, chairman says",Reuters,https://www.reuters.com/markets/commodities/chilean-miner-codelco-logging-strong-q2-demand-china-chairman-says-2025-04-10/&ved=2ahUKEwjRpcDi7NeMAxUXslYBHaw0GRA4ChDF9AF6BAgBEAI&usg=AOvVaw09kpXE8knpKr3nADfgVCWI,"Chilean copper giant Codelco is seeing strong demand for the red metal from China in the second quarter, the firm's chairman told Reuters on Thursday.",2012
1 hour ago,"Argentine peso slides after FX controls eased, bonds jump",Reuters,https://www.reuters.com/markets/currencies/wall-st-expects-argentina-market-boost-imf-deal-big-shift-fx-controls-2025-04-14/&ved=2ahUKEwi40KHl7NeMAxUwrVYBHfUYL_QQxfQBegQIBBAC&usg=AOvVaw2xnVQEuAYnKRRo0s5lUDy5,The Argentine peso slid around 9% on Monday morning while bonds gained after Buenos Aires sealed a $20 billion loan program with the International Monetary...,2013
1 hour ago,"Argentine peso slides after FX controls eased, bonds jump",Reuters,https://www.reuters.com/markets/currencies/wall-st-expects-argentina-market-boost-imf-deal-big-shift-fx-controls-2025-04-14/&ved=2ahUKEwjv9Kvk7NeMAxUfqFYBHVSeIDsQxfQBegQIBxAC&usg=AOvVaw0CRP_6UqqhHfzbMBhCxVin,The Argentine peso slid around 9% on Monday morning while bonds gained after Buenos Aires sealed a $20 billion loan program with the International Monetary...,2013
3 hours ago,"‘No lettuce, no Big Mac’: why Beth Hart is steering McDonald’s towards regenerative agriculture",Reuters,https://www.reuters.com/sustainability/land-use-biodiversity/no-lettuce-no-big-mac-why-beth-hart-is-steering-mcdonalds-towards-regenerative-2025-04-14/&ved=2ahUKEwi40KHl7NeMAxUwrVYBHfUYL_QQxfQBegQIChAC&usg=AOvVaw12cgKZ7GryunFfKvS3tsHK,"In August 2020, when McDonald's announced an initiative with farmers in Nebraska to improve soil health, techniques like cover cropping and reduced tillage...",2013
3 hours ago,"‘No lettuce, no Big Mac’: why Beth Hart is steering McDonald’s towards regenerative agriculture",Reuters,https://www.reuters.com/sustainability/land-use-biodiversity/no-lettuce-no-big-mac-why-beth-hart-is-steering-mcdonalds-towards-regenerative-2025-04-14/&ved=2ahUKEwjv9Kvk7NeMAxUfqFYBHVSeIDsQxfQBegQIChAC&usg=AOvVaw3F9ZL9RmKJx0zjx0-RJG6D,"In August 2020, when McDonald's announced an initiative with farmers in Nebraska to improve soil health, techniques like cover cropping and reduced tillage...",2013
4 hours ago,Patient corn bulls emerge victorious post tariff onslaught,Reuters,https://www.reuters.com/markets/commodities/patient-corn-bulls-emerge-victorious-post-tariff-onslaught-braun-2025-04-13/&ved=2ahUKEwi40KHl7NeMAxUwrVYBHfUYL_QQxfQBegQIBhAC&usg=AOvVaw3VQnHCa2y4DuVdRUymlL-5,"After building immensely bullish bets, speculators in late February rode out Chicago corn's worst downturn in over a year as the United States prepared to...",2013
4 hours ago,Patient corn bulls emerge victorious post tariff onslaught,Reuters,https://www.reuters.com/markets/commodities/patient-corn-bulls-emerge-victorious-post-tariff-onslaught-braun-2025-04-13/&ved=2ahUKEwjv9Kvk7NeMAxUfqFYBHVSeIDsQxfQBegQICRAC&usg=AOvVaw0Su4nXPN92whkZzfNFWs0s,"After building immensely bullish bets, speculators in late February rode out Chicago corn's worst downturn in over a year as the United States prepared to...",2013
5 hours ago,Holcim spin-off of North American business planned for June,Reuters,https://www.reuters.com/business/holcim-spin-off-north-american-business-planned-june-2025-04-14/&ved=2ahUKEwi40KHl7NeMAxUwrVYBHfUYL_QQxfQBegQIAhAC&usg=AOvVaw1a6B1yQS4MjvwXj78rOnMQ,"The planned spin-off of Holcim's North American business should take place in June, subject to the approval of shareholders at its May 14 annual general...",2013
5 hours ago,Holcim spin-off of North American business planned for June,Reuters,https://www.reuters.com/business/holcim-spin-off-north-american-business-planned-june-2025-04-14/&ved=2ahUKEwjv9Kvk7NeMAxUfqFYBHVSeIDsQxfQBegQIAhAC&usg=AOvVaw1YBNaBJzVr3Kc6IxFK-vfX,"The planned spin-off of Holcim's North American business should take place in June, subject to the approval of shareholders at its May 14 annual general...",2013
9 hours ago,Thailand says to discuss tariffs with United States on April 21,Reuters,https://www.reuters.com/markets/asia/thailand-says-discuss-tariffs-with-united-states-april-21-2025-04-14/&ved=2ahUKEwi40KHl7NeMAxUwrVYBHfUYL_QQxfQBegQICRAC&usg=AOvVaw3iLbbfm3qSqJBdxuv8Ijp1,Thailand's finance and commerce ministers will lead a delegation to the United States to meet Trump administration officials and push for relief from...,2013
9 hours ago,Thailand says to discuss tariffs with United States on April 21,Reuters,https://www.reuters.com/markets/asia/thailand-says-discuss-tariffs-with-united-states-april-21-2025-04-14/&ved=2ahUKEwjv9Kvk7NeMAxUfqFYBHVSeIDsQxfQBegQIBhAC&usg=AOvVaw0odCgipxve1yX6dm60VfUb,Thailand's finance and commerce ministers will lead a delegation to the United States to meet Trump administration officials and push for relief from...,2013
2 days ago,Estonian navy detains Russia-bound oil tanker in Baltic Sea,Reuters,https://www.reuters.com/world/europe/estonian-navy-detains-boards-russia-bound-oil-tanker-baltic-sea-2025-04-11/&ved=2ahUKEwi40KHl7NeMAxUwrVYBHfUYL_QQxfQBegQIBRAC&usg=AOvVaw1JAf4I_eWhpwAdUxrRB0Lj,"The Estonian navy detained and boarded a Russia-bound oil tanker on an EU sanctions list on Friday, accusing it of sailing illegally without a valid country...",2013
2 days ago,"Argentina soy, once parched, now has too much rain",Reuters,https://www.reuters.com/sustainability/land-use-biodiversity/argentina-soy-once-parched-now-has-too-much-rain-2025-04-11/&ved=2ahUKEwi40KHl7NeMAxUwrVYBHfUYL_QQxfQBegQICBAC&usg=AOvVaw1CLyrhBGSwXxIkVYbPXm03,"Drenched Argentine fields due to heavy rains in the country's farm heartland are raising fears of soybean losses and delayed sales of the 2024/25 crop,...",2013
2 days ago,Argentina and the IMF: a troubled history,Reuters,https://www.reuters.com/world/americas/argentina-imf-troubled-history-2025-04-12/&ved=2ahUKEwi40KHl7NeMAxUwrVYBHfUYL_QQxfQBegQIBxAC&usg=AOvVaw0GWzJWZ-DZ6kxMtGGGzG8h,"Argentina is already the IMF's largest debtor, by far, and the recipient of the most IMF bailouts in history since it joined in September 1956.",2013
2 days ago,"Magnitude 5.95 earthquake strikes Papua New Guinea's New Britain region, GFZ says",Reuters,https://www.reuters.com/business/environment/magnitude-595-earthquake-strikes-papua-new-guineas-new-britain-region-gfz-says-2025-04-12/&ved=2ahUKEwi40KHl7NeMAxUwrVYBHfUYL_QQxfQBegQIAxAC&usg=AOvVaw12Iq30yXVi22Gt_H6G43KW,,2013
2 days ago,Estonian navy detains Russia-bound oil tanker in Baltic Sea,Reuters,https://www.reuters.com/world/europe/estonian-navy-detains-boards-russia-bound-oil-tanker-baltic-sea-2025-04-11/&ved=2ahUKEwjv9Kvk7NeMAxUfqFYBHVSeIDsQxfQBegQICBAC&usg=AOvVaw1Y9jc1BsylmOJlE6XM_XhC,"The Estonian navy detained and boarded a Russia-bound oil tanker on an EU sanctions list on Friday, accusing it of sailing illegally without a valid country...",2013
2 days ago,"Argentina soy, once parched, now has too much rain",Reuters,https://www.reuters.com/sustainability/land-use-biodiversity/argentina-soy-once-parched-now-has-too-much-rain-2025-04-11/&ved=2ahUKEwjv9Kvk7NeMAxUfqFYBHVSeIDsQxfQBegQIBRAC&usg=AOvVaw2ZMbw6L3bv6dmmPHu_cDnv,"Drenched Argentine fields due to heavy rains in the country's farm heartland are raising fears of soybean losses and delayed sales of the 2024/25 crop,...",2013
2 days ago,Argentina and the IMF: a troubled history,Reuters,https://www.reuters.com/world/americas/argentina-imf-troubled-history-2025-04-12/&ved=2ahUKEwjv9Kvk7NeMAxUfqFYBHVSeIDsQxfQBegQIBBAC&usg=AOvVaw1vVAaGwzX_muiGaa7EwFt6,"Argentina is already the IMF's largest debtor, by far, and the recipient of the most IMF bailouts in history since it joined in September 1956.",2013
2 days ago,"Magnitude 5.95 earthquake strikes Papua New Guinea's New Britain region, GFZ says",Reuters,https://www.reuters.com/business/environment/magnitude-595-earthquake-strikes-papua-new-guineas-new-britain-region-gfz-says-2025-04-12/&ved=2ahUKEwjv9Kvk7NeMAxUfqFYBHVSeIDsQxfQBegQIAxAC&usg=AOvVaw1hBapjfops8Umk0HOFQcge,,2013
3 days ago,Relief for Spain's feed makers as EU delays tariff on US corn,Reuters,https://www.reuters.com/markets/commodities/relief-spains-feed-makers-eu-delays-tariff-us-corn-2025-04-10/&ved=2ahUKEwiBuoPm7NeMAxWDsFYBHdvQCA44ChDF9AF6BAgIEAI&usg=AOvVaw2pXO9R1Dm1ZRUqZ7EPRUTY,"A delay to EU tariffs against U.S. goods has brought respite for Spain's livestock feed sector that has heavily bought U.S. corn this season,...",2013
3 days ago,US consumer inflation eases ahead of tariffs,Reuters,https://www.reuters.com/markets/us/us-consumer-prices-unexpectedly-fall-march-2025-04-10/&ved=2ahUKEwiBuoPm7NeMAxWDsFYBHdvQCA44ChDF9AF6BAgFEAI&usg=AOvVaw029G6ZBq7QU-j_duLoQyE0,The first monthly decline in prices in nearly five years also suggested softening demand amid recession fears and led markets to anticipate Fed could cut...,2013
3 days ago,Argentine workers launch widespread 24-hour strike against Milei's austerity measures,Reuters,https://www.reuters.com/sustainability/sustainable-finance-reporting/argentine-workers-launch-widespread-24-hour-strike-against-mileis-austerity-2025-04-10/&ved=2ahUKEwiBuoPm7NeMAxWDsFYBHdvQCA44ChDF9AF6BAgCEAI&usg=AOvVaw1R2I2pte4X2hZlFabUVaTX,"Argentina's largest workers' unions kicked off a massive 24-hour strike on Thursday, bringing trains, planes and ports to a halt as they protested against...",2013
3 days ago,"From Daikin to Samsung, companies fight Modi over e-waste policy",Reuters,https://www.reuters.com/world/india/daikin-samsung-companies-fight-modi-over-e-waste-policy-2025-04-11/&ved=2ahUKEwiBuoPm7NeMAxWDsFYBHdvQCA44ChDF9AF6BAgHEAI&usg=AOvVaw3pP_pZeNKi_CuMyFvkf7cw,India wants to tackle its mounting e-waste problem. Global electronics companies say the cost is too high.,2013
3 days ago,Take Five: Riders on the storm,Reuters,https://www.reuters.com/business/take-five/global-markets-themes-graphic-2025-04-11/&ved=2ahUKEwiBuoPm7NeMAxWDsFYBHdvQCA44ChDF9AF6BAgGEAI&usg=AOvVaw0piuS0NhWMMAks4Jf01I2o,"The global trade war might have been reduced to a battle between Beijing and Washington for now, but a bruising week for markets has left policymakers at...",2013
3 days ago,"ECB ready to deploy its instruments to maintain financial stability, Lagarde says",Reuters,https://www.reuters.com/business/finance/ecb-ready-deploy-its-instruments-maintain-financial-stability-lagarde-says-2025-04-11/&ved=2ahUKEwiBuoPm7NeMAxWDsFYBHdvQCA44ChDF9AF6BAgEEAI&usg=AOvVaw1laGc5Smc-7ewTeyK82tuK,The European Central Bank is ready to deploy its instruments to maintain financial stability and has a solid track record in devising new tools when...,2013
3 days ago,CBOT corn rally more than justified by US supply cuts,Reuters,https://www.reuters.com/markets/commodities/cbot-corn-rally-more-than-justified-by-us-supply-cuts-braun-2025-04-10/&ved=2ahUKEwiBuoPm7NeMAxWDsFYBHdvQCA44ChDF9AF6BAgKEAI&usg=AOvVaw3fuRFAhijVr_xDP5vVIBkf,"Chicago corn futures have shot nearly 5% higher so far this week despite gratuitous geopolitical uncertainties, especially when it comes to the United...",2013
3 days ago,Mercedes to end engagement in small vans segment,Reuters,https://www.reuters.com/business/autos-transportation/mercedes-discontinue-citan-t-class-models-automobilwoche-reports-2025-04-11/&ved=2ahUKEwiBuoPm7NeMAxWDsFYBHdvQCA44ChDF9AF6BAgDEAI&usg=AOvVaw1nqG8qO512_DQSzPIZiTcQ,"Mercedes-Benz said on Friday it is shifting focus towards midsize and large vans and ending engagement in the smaller category, after the Automobilwoche...",2013
3 days ago,"Thailand will cut tariffs on US corn imports, minister says",Reuters,https://www.reuters.com/markets/commodities/thailand-will-cut-tariffs-us-corn-imports-minister-says-2025-04-11/&ved=2ahUKEwi40KHl7NeMAxUwrVYBHfUYL_QQxfQBegQIARAC&usg=AOvVaw23Nyta8lOy62HqHQ0UqdoR,"Thailand will cut tariffs on imports of corn from the United States, but volumes still need to be finalised, the finance minister said on Friday.",2013
3 days ago,"Thailand will cut tariffs on US corn imports, minister says",Reuters,https://www.reuters.com/markets/commodities/thailand-will-cut-tariffs-us-corn-imports-minister-says-2025-04-11/&ved=2ahUKEwjv9Kvk7NeMAxUfqFYBHVSeIDsQxfQBegQIARAC&usg=AOvVaw2W4yVCXLVz-3kyWoBGlPRY,"Thailand will cut tariffs on imports of corn from the United States, but volumes still need to be finalised, the finance minister said on Friday.",2013
4 days ago,"Rhine shipping costs in Germany rise as river level falls, but rain forecast",Reuters,https://www.reuters.com/business/autos-transportation/rhine-shipping-costs-germany-rise-river-level-falls-rain-forecast-2025-04-10/&ved=2ahUKEwiBuoPm7NeMAxWDsFYBHdvQCA44ChDF9AF6BAgJEAI&usg=AOvVaw1pfN4MJEpdr5DmuPOZsBrc,"Freight shipping costs on the Rhine river in Germany surged this week as water levels fell further, compelling vessels to sail less than half full,...",2013
4 days ago,"Chilean miner Codelco logging strong Q2 demand from China, chairman says",Reuters,https://www.reuters.com/markets/commodities/chilean-miner-codelco-logging-strong-q2-demand-china-chairman-says-2025-04-10/&ved=2ahUKEwiBuoPm7NeMAxWDsFYBHdvQCA44ChDF9AF6BAgBEAI&usg=AOvVaw2jf3Jt523fEonrXBSPLk5Z,"Chilean copper giant Codelco is seeing strong demand for the red metal from China in the second quarter, the firm's chairman told Reuters on Thursday.",2013
1 hour ago,"Argentine peso slides after FX controls eased, bonds jump",Reuters,https://www.reuters.com/markets/currencies/wall-st-expects-argentina-market-boost-imf-deal-big-shift-fx-controls-2025-04-14/&ved=2ahUKEwi40KHl7NeMAxUwrVYBHfUYL_QQxfQBegQIBBAC&usg=AOvVaw2xnVQEuAYnKRRo0s5lUDy5,The Argentine peso slid around 9% on Monday morning while bonds gained after Buenos Aires sealed a $20 billion loan program with the International Monetary...,2013
1 hour ago,"Argentine peso slides after FX controls eased, bonds jump",Reuters,https://www.reuters.com/markets/currencies/wall-st-expects-argentina-market-boost-imf-deal-big-shift-fx-controls-2025-04-14/&ved=2ahUKEwjv9Kvk7NeMAxUfqFYBHVSeIDsQxfQBegQIBxAC&usg=AOvVaw0CRP_6UqqhHfzbMBhCxVin,The Argentine peso slid around 9% on Monday morning while bonds gained after Buenos Aires sealed a $20 billion loan program with the International Monetary...,2013
3 hours ago,"‘No lettuce, no Big Mac’: why Beth Hart is steering McDonald’s towards regenerative agriculture",Reuters,https://www.reuters.com/sustainability/land-use-biodiversity/no-lettuce-no-big-mac-why-beth-hart-is-steering-mcdonalds-towards-regenerative-2025-04-14/&ved=2ahUKEwi40KHl7NeMAxUwrVYBHfUYL_QQxfQBegQIChAC&usg=AOvVaw12cgKZ7GryunFfKvS3tsHK,"In August 2020, when McDonald's announced an initiative with farmers in Nebraska to improve soil health, techniques like cover cropping and reduced tillage...",2013
3 hours ago,"‘No lettuce, no Big Mac’: why Beth Hart is steering McDonald’s towards regenerative agriculture",Reuters,https://www.reuters.com/sustainability/land-use-biodiversity/no-lettuce-no-big-mac-why-beth-hart-is-steering-mcdonalds-towards-regenerative-2025-04-14/&ved=2ahUKEwjv9Kvk7NeMAxUfqFYBHVSeIDsQxfQBegQIChAC&usg=AOvVaw3F9ZL9RmKJx0zjx0-RJG6D,"In August 2020, when McDonald's announced an initiative with farmers in Nebraska to improve soil health, techniques like cover cropping and reduced tillage...",2013
4 hours ago,Patient corn bulls emerge victorious post tariff onslaught,Reuters,https://www.reuters.com/markets/commodities/patient-corn-bulls-emerge-victorious-post-tariff-onslaught-braun-2025-04-13/&ved=2ahUKEwi40KHl7NeMAxUwrVYBHfUYL_QQxfQBegQIBhAC&usg=AOvVaw3VQnHCa2y4DuVdRUymlL-5,"After building immensely bullish bets, speculators in late February rode out Chicago corn's worst downturn in over a year as the United States prepared to...",2013
4 hours ago,Patient corn bulls emerge victorious post tariff onslaught,Reuters,https://www.reuters.com/markets/commodities/patient-corn-bulls-emerge-victorious-post-tariff-onslaught-braun-2025-04-13/&ved=2ahUKEwjv9Kvk7NeMAxUfqFYBHVSeIDsQxfQBegQICRAC&usg=AOvVaw0Su4nXPN92whkZzfNFWs0s,"After building immensely bullish bets, speculators in late February rode out Chicago corn's worst downturn in over a year as the United States prepared to...",2013
5 hours ago,Holcim spin-off of North American business planned for June,Reuters,https://www.reuters.com/business/holcim-spin-off-north-american-business-planned-june-2025-04-14/&ved=2ahUKEwi40KHl7NeMAxUwrVYBHfUYL_QQxfQBegQIAhAC&usg=AOvVaw1a6B1yQS4MjvwXj78rOnMQ,"The planned spin-off of Holcim's North American business should take place in June, subject to the approval of shareholders at its May 14 annual general...",2013
5 hours ago,Holcim spin-off of North American business planned for June,Reuters,https://www.reuters.com/business/holcim-spin-off-north-american-business-planned-june-2025-04-14/&ved=2ahUKEwjv9Kvk7NeMAxUfqFYBHVSeIDsQxfQBegQIAhAC&usg=AOvVaw1YBNaBJzVr3Kc6IxFK-vfX,"The planned spin-off of Holcim's North American business should take place in June, subject to the approval of shareholders at its May 14 annual general...",2013
9 hours ago,Thailand says to discuss tariffs with United States on April 21,Reuters,https://www.reuters.com/markets/asia/thailand-says-discuss-tariffs-with-united-states-april-21-2025-04-14/&ved=2ahUKEwi40KHl7NeMAxUwrVYBHfUYL_QQxfQBegQICRAC&usg=AOvVaw3iLbbfm3qSqJBdxuv8Ijp1,Thailand's finance and commerce ministers will lead a delegation to the United States to meet Trump administration officials and push for relief from...,2013
9 hours ago,Thailand says to discuss tariffs with United States on April 21,Reuters,https://www.reuters.com/markets/asia/thailand-says-discuss-tariffs-with-united-states-april-21-2025-04-14/&ved=2ahUKEwjv9Kvk7NeMAxUfqFYBHVSeIDsQxfQBegQIBhAC&usg=AOvVaw0odCgipxve1yX6dm60VfUb,Thailand's finance and commerce ministers will lead a delegation to the United States to meet Trump administration officials and push for relief from...,2013
2 days ago,Estonian navy detains Russia-bound oil tanker in Baltic Sea,Reuters,https://www.reuters.com/world/europe/estonian-navy-detains-boards-russia-bound-oil-tanker-baltic-sea-2025-04-11/&ved=2ahUKEwi40KHl7NeMAxUwrVYBHfUYL_QQxfQBegQIBRAC&usg=AOvVaw1JAf4I_eWhpwAdUxrRB0Lj,"The Estonian navy detained and boarded a Russia-bound oil tanker on an EU sanctions list on Friday, accusing it of sailing illegally without a valid country...",2013
2 days ago,"Argentina soy, once parched, now has too much rain",Reuters,https://www.reuters.com/sustainability/land-use-biodiversity/argentina-soy-once-parched-now-has-too-much-rain-2025-04-11/&ved=2ahUKEwi40KHl7NeMAxUwrVYBHfUYL_QQxfQBegQICBAC&usg=AOvVaw1CLyrhBGSwXxIkVYbPXm03,"Drenched Argentine fields due to heavy rains in the country's farm heartland are raising fears of soybean losses and delayed sales of the 2024/25 crop,...",2013
2 days ago,Argentina and the IMF: a troubled history,Reuters,https://www.reuters.com/world/americas/argentina-imf-troubled-history-2025-04-12/&ved=2ahUKEwi40KHl7NeMAxUwrVYBHfUYL_QQxfQBegQIBxAC&usg=AOvVaw0GWzJWZ-DZ6kxMtGGGzG8h,"Argentina is already the IMF's largest debtor, by far, and the recipient of the most IMF bailouts in history since it joined in September 1956.",2013
2 days ago,"Magnitude 5.95 earthquake strikes Papua New Guinea's New Britain region, GFZ says",Reuters,https://www.reuters.com/business/environment/magnitude-595-earthquake-strikes-papua-new-guineas-new-britain-region-gfz-says-2025-04-12/&ved=2ahUKEwi40KHl7NeMAxUwrVYBHfUYL_QQxfQBegQIAxAC&usg=AOvVaw12Iq30yXVi22Gt_H6G43KW,,2013
2 days ago,Estonian navy detains Russia-bound oil tanker in Baltic Sea,Reuters,https://www.reuters.com/world/europe/estonian-navy-detains-boards-russia-bound-oil-tanker-baltic-sea-2025-04-11/&ved=2ahUKEwjv9Kvk7NeMAxUfqFYBHVSeIDsQxfQBegQICBAC&usg=AOvVaw1Y9jc1BsylmOJlE6XM_XhC,"The Estonian navy detained and boarded a Russia-bound oil tanker on an EU sanctions list on Friday, accusing it of sailing illegally without a valid country...",2013
2 days ago,"Argentina soy, once parched, now has too much rain",Reuters,https://www.reuters.com/sustainability/land-use-biodiversity/argentina-soy-once-parched-now-has-too-much-rain-2025-04-11/&ved=2ahUKEwjv9Kvk7NeMAxUfqFYBHVSeIDsQxfQBegQIBRAC&usg=AOvVaw2ZMbw6L3bv6dmmPHu_cDnv,"Drenched Argentine fields due to heavy rains in the country's farm heartland are raising fears of soybean losses and delayed sales of the 2024/25 crop,...",2013
2 days ago,Argentina and the IMF: a troubled history,Reuters,https://www.reuters.com/world/americas/argentina-imf-troubled-history-2025-04-12/&ved=2ahUKEwjv9Kvk7NeMAxUfqFYBHVSeIDsQxfQBegQIBBAC&usg=AOvVaw1vVAaGwzX_muiGaa7EwFt6,"Argentina is already the IMF's largest debtor, by far, and the recipient of the most IMF bailouts in history since it joined in September 1956.",2013
2 days ago,"Magnitude 5.95 earthquake strikes Papua New Guinea's New Britain region, GFZ says",Reuters,https://www.reuters.com/business/environment/magnitude-595-earthquake-strikes-papua-new-guineas-new-britain-region-gfz-says-2025-04-12/&ved=2ahUKEwjv9Kvk7NeMAxUfqFYBHVSeIDsQxfQBegQIAxAC&usg=AOvVaw1hBapjfops8Umk0HOFQcge,,2013
3 days ago,Relief for Spain's feed makers as EU delays tariff on US corn,Reuters,https://www.reuters.com/markets/commodities/relief-spains-feed-makers-eu-delays-tariff-us-corn-2025-04-10/&ved=2ahUKEwiBuoPm7NeMAxWDsFYBHdvQCA44ChDF9AF6BAgIEAI&usg=AOvVaw2pXO9R1Dm1ZRUqZ7EPRUTY,"A delay to EU tariffs against U.S. goods has brought respite for Spain's livestock feed sector that has heavily bought U.S. corn this season,...",2013
3 days ago,US consumer inflation eases ahead of tariffs,Reuters,https://www.reuters.com/markets/us/us-consumer-prices-unexpectedly-fall-march-2025-04-10/&ved=2ahUKEwiBuoPm7NeMAxWDsFYBHdvQCA44ChDF9AF6BAgFEAI&usg=AOvVaw029G6ZBq7QU-j_duLoQyE0,The first monthly decline in prices in nearly five years also suggested softening demand amid recession fears and led markets to anticipate Fed could cut...,2013
3 days ago,Argentine workers launch widespread 24-hour strike against Milei's austerity measures,Reuters,https://www.reuters.com/sustainability/sustainable-finance-reporting/argentine-workers-launch-widespread-24-hour-strike-against-mileis-austerity-2025-04-10/&ved=2ahUKEwiBuoPm7NeMAxWDsFYBHdvQCA44ChDF9AF6BAgCEAI&usg=AOvVaw1R2I2pte4X2hZlFabUVaTX,"Argentina's largest workers' unions kicked off a massive 24-hour strike on Thursday, bringing trains, planes and ports to a halt as they protested against...",2013
3 days ago,"From Daikin to Samsung, companies fight Modi over e-waste policy",Reuters,https://www.reuters.com/world/india/daikin-samsung-companies-fight-modi-over-e-waste-policy-2025-04-11/&ved=2ahUKEwiBuoPm7NeMAxWDsFYBHdvQCA44ChDF9AF6BAgHEAI&usg=AOvVaw3pP_pZeNKi_CuMyFvkf7cw,India wants to tackle its mounting e-waste problem. Global electronics companies say the cost is too high.,2013
3 days ago,Take Five: Riders on the storm,Reuters,https://www.reuters.com/business/take-five/global-markets-themes-graphic-2025-04-11/&ved=2ahUKEwiBuoPm7NeMAxWDsFYBHdvQCA44ChDF9AF6BAgGEAI&usg=AOvVaw0piuS0NhWMMAks4Jf01I2o,"The global trade war might have been reduced to a battle between Beijing and Washington for now, but a bruising week for markets has left policymakers at...",2013
3 days ago,"ECB ready to deploy its instruments to maintain financial stability, Lagarde says",Reuters,https://www.reuters.com/business/finance/ecb-ready-deploy-its-instruments-maintain-financial-stability-lagarde-says-2025-04-11/&ved=2ahUKEwiBuoPm7NeMAxWDsFYBHdvQCA44ChDF9AF6BAgEEAI&usg=AOvVaw1laGc5Smc-7ewTeyK82tuK,The European Central Bank is ready to deploy its instruments to maintain financial stability and has a solid track record in devising new tools when...,2013
3 days ago,CBOT corn rally more than justified by US supply cuts,Reuters,https://www.reuters.com/markets/commodities/cbot-corn-rally-more-than-justified-by-us-supply-cuts-braun-2025-04-10/&ved=2ahUKEwiBuoPm7NeMAxWDsFYBHdvQCA44ChDF9AF6BAgKEAI&usg=AOvVaw3fuRFAhijVr_xDP5vVIBkf,"Chicago corn futures have shot nearly 5% higher so far this week despite gratuitous geopolitical uncertainties, especially when it comes to the United...",2013
3 days ago,Mercedes to end engagement in small vans segment,Reuters,https://www.reuters.com/business/autos-transportation/mercedes-discontinue-citan-t-class-models-automobilwoche-reports-2025-04-11/&ved=2ahUKEwiBuoPm7NeMAxWDsFYBHdvQCA44ChDF9AF6BAgDEAI&usg=AOvVaw1nqG8qO512_DQSzPIZiTcQ,"Mercedes-Benz said on Friday it is shifting focus towards midsize and large vans and ending engagement in the smaller category, after the Automobilwoche...",2013
3 days ago,"Thailand will cut tariffs on US corn imports, minister says",Reuters,https://www.reuters.com/markets/commodities/thailand-will-cut-tariffs-us-corn-imports-minister-says-2025-04-11/&ved=2ahUKEwi40KHl7NeMAxUwrVYBHfUYL_QQxfQBegQIARAC&usg=AOvVaw23Nyta8lOy62HqHQ0UqdoR,"Thailand will cut tariffs on imports of corn from the United States, but volumes still need to be finalised, the finance minister said on Friday.",2013
3 days ago,"Thailand will cut tariffs on US corn imports, minister says",Reuters,https://www.reuters.com/markets/commodities/thailand-will-cut-tariffs-us-corn-imports-minister-says-2025-04-11/&ved=2ahUKEwjv9Kvk7NeMAxUfqFYBHVSeIDsQxfQBegQIARAC&usg=AOvVaw2W4yVCXLVz-3kyWoBGlPRY,"Thailand will cut tariffs on imports of corn from the United States, but volumes still need to be finalised, the finance minister said on Friday.",2013
4 days ago,"Rhine shipping costs in Germany rise as river level falls, but rain forecast",Reuters,https://www.reuters.com/business/autos-transportation/rhine-shipping-costs-germany-rise-river-level-falls-rain-forecast-2025-04-10/&ved=2ahUKEwiBuoPm7NeMAxWDsFYBHdvQCA44ChDF9AF6BAgJEAI&usg=AOvVaw1pfN4MJEpdr5DmuPOZsBrc,"Freight shipping costs on the Rhine river in Germany surged this week as water levels fell further, compelling vessels to sail less than half full,...",2013
4 days ago,"Chilean miner Codelco logging strong Q2 demand from China, chairman says",Reuters,https://www.reuters.com/markets/commodities/chilean-miner-codelco-logging-strong-q2-demand-china-chairman-says-2025-04-10/&ved=2ahUKEwiBuoPm7NeMAxWDsFYBHdvQCA44ChDF9AF6BAgBEAI&usg=AOvVaw2jf3Jt523fEonrXBSPLk5Z,"Chilean copper giant Codelco is seeing strong demand for the red metal from China in the second quarter, the firm's chairman told Reuters on Thursday.",2013
1 hour ago,"Argentine peso slides after FX controls eased, bonds jump",Reuters,https://www.reuters.com/markets/currencies/wall-st-expects-argentina-market-boost-imf-deal-big-shift-fx-controls-2025-04-14/&ved=2ahUKEwidj4no7NeMAxW6zjQHHdVvHpwQxfQBegQIBhAC&usg=AOvVaw3_q8NvwDlcbrns4p-vqAxs,The Argentine peso slid around 9% on Monday morning while bonds gained after Buenos Aires sealed a $20 billion loan program with the International Monetary...,2014
1 hour ago,"Argentine peso slides after FX controls eased, bonds jump",Reuters,https://www.reuters.com/markets/currencies/wall-st-expects-argentina-market-boost-imf-deal-big-shift-fx-controls-2025-04-14/&ved=2ahUKEwjguqPn7NeMAxV1h1YBHa4EAa8QxfQBegQICBAC&usg=AOvVaw283QMCOs2LB58r4ROgLqkh,The Argentine peso slid around 9% on Monday morning while bonds gained after Buenos Aires sealed a $20 billion loan program with the International Monetary...,2014
3 hours ago,"‘No lettuce, no Big Mac’: why Beth Hart is steering McDonald’s towards regenerative agriculture",Reuters,https://www.reuters.com/sustainability/land-use-biodiversity/no-lettuce-no-big-mac-why-beth-hart-is-steering-mcdonalds-towards-regenerative-2025-04-14/&ved=2ahUKEwidj4no7NeMAxW6zjQHHdVvHpwQxfQBegQIChAC&usg=AOvVaw38Ct3INkihF-EJs6JaiwgZ,"In August 2020, when McDonald's announced an initiative with farmers in Nebraska to improve soil health, techniques like cover cropping and reduced tillage...",2014
3 hours ago,"‘No lettuce, no Big Mac’: why Beth Hart is steering McDonald’s towards regenerative agriculture",Reuters,https://www.reuters.com/sustainability/land-use-biodiversity/no-lettuce-no-big-mac-why-beth-hart-is-steering-mcdonalds-towards-regenerative-2025-04-14/&ved=2ahUKEwjguqPn7NeMAxV1h1YBHa4EAa8QxfQBegQIChAC&usg=AOvVaw2IZvGlZ-dYB9Dfg0j33_YP,"In August 2020, when McDonald's announced an initiative with farmers in Nebraska to improve soil health, techniques like cover cropping and reduced tillage...",2014
4 hours ago,Patient corn bulls emerge victorious post tariff onslaught,Reuters,https://www.reuters.com/markets/commodities/patient-corn-bulls-emerge-victorious-post-tariff-onslaught-braun-2025-04-13/&ved=2ahUKEwidj4no7NeMAxW6zjQHHdVvHpwQxfQBegQIAxAC&usg=AOvVaw0_wOSJws2zrix_PIE0rAhu,"After building immensely bullish bets, speculators in late February rode out Chicago corn's worst downturn in over a year as the United States prepared to...",2014
4 hours ago,Patient corn bulls emerge victorious post tariff onslaught,Reuters,https://www.reuters.com/markets/commodities/patient-corn-bulls-emerge-victorious-post-tariff-onslaught-braun-2025-04-13/&ved=2ahUKEwjguqPn7NeMAxV1h1YBHa4EAa8QxfQBegQIAxAC&usg=AOvVaw18jv9NnjK1CQZQkexIFS7a,"After building immensely bullish bets, speculators in late February rode out Chicago corn's worst downturn in over a year as the United States prepared to...",2014
5 hours ago,Holcim spin-off of North American business planned for June,Reuters,https://www.reuters.com/business/holcim-spin-off-north-american-business-planned-june-2025-04-14/&ved=2ahUKEwidj4no7NeMAxW6zjQHHdVvHpwQxfQBegQIAhAC&usg=AOvVaw3g8msuLk6cIJQ1yCmjEMdv,"The planned spin-off of Holcim's North American business should take place in June, subject to the approval of shareholders at its May 14 annual general...",2014
5 hours ago,Holcim spin-off of North American business planned for June,Reuters,https://www.reuters.com/business/holcim-spin-off-north-american-business-planned-june-2025-04-14/&ved=2ahUKEwjguqPn7NeMAxV1h1YBHa4EAa8QxfQBegQIBRAC&usg=AOvVaw3mn-wVs83TzCMCjmzoPUHD,"The planned spin-off of Holcim's North American business should take place in June, subject to the approval of shareholders at its May 14 annual general...",2014
9 hours ago,Thailand says to discuss tariffs with United States on April 21,Reuters,https://www.reuters.com/markets/asia/thailand-says-discuss-tariffs-with-united-states-april-21-2025-04-14/&ved=2ahUKEwidj4no7NeMAxW6zjQHHdVvHpwQxfQBegQIBBAC&usg=AOvVaw1PdiAISS_FeaxR2sHTDAs7,Thailand's finance and commerce ministers will lead a delegation to the United States to meet Trump administration officials and push for relief from...,2014
9 hours ago,Thailand says to discuss tariffs with United States on April 21,Reuters,https://www.reuters.com/markets/asia/thailand-says-discuss-tariffs-with-united-states-april-21-2025-04-14/&ved=2ahUKEwjguqPn7NeMAxV1h1YBHa4EAa8QxfQBegQIBhAC&usg=AOvVaw3elzBUzys3Gj1QQ-4yqAPk,Thailand's finance and commerce ministers will lead a delegation to the United States to meet Trump administration officials and push for relief from...,2014
2 days ago,Estonian navy detains Russia-bound oil tanker in Baltic Sea,Reuters,https://www.reuters.com/world/europe/estonian-navy-detains-boards-russia-bound-oil-tanker-baltic-sea-2025-04-11/&ved=2ahUKEwidj4no7NeMAxW6zjQHHdVvHpwQxfQBegQIARAC&usg=AOvVaw0QT6WYBjKO8q5-3RfkHcKL,"The Estonian navy detained and boarded a Russia-bound oil tanker on an EU sanctions list on Friday, accusing it of sailing illegally without a valid country...",2014
2 days ago,"Argentina soy, once parched, now has too much rain",Reuters,https://www.reuters.com/sustainability/land-use-biodiversity/argentina-soy-once-parched-now-has-too-much-rain-2025-04-11/&ved=2ahUKEwidj4no7NeMAxW6zjQHHdVvHpwQxfQBegQICRAC&usg=AOvVaw1DeL2LIhxJjJ8vZam9Nqbw,"Drenched Argentine fields due to heavy rains in the country's farm heartland are raising fears of soybean losses and delayed sales of the 2024/25 crop,...",2014
2 days ago,Argentina and the IMF: a troubled history,Reuters,https://www.reuters.com/world/americas/argentina-imf-troubled-history-2025-04-12/&ved=2ahUKEwidj4no7NeMAxW6zjQHHdVvHpwQxfQBegQICBAC&usg=AOvVaw2bnVK3rQE4TJeep2JQwHpo,"Argentina is already the IMF's largest debtor, by far, and the recipient of the most IMF bailouts in history since it joined in September 1956.",2014
2 days ago,"Magnitude 5.95 earthquake strikes Papua New Guinea's New Britain region, GFZ says",Reuters,https://www.reuters.com/business/environment/magnitude-595-earthquake-strikes-papua-new-guineas-new-britain-region-gfz-says-2025-04-12/&ved=2ahUKEwidj4no7NeMAxW6zjQHHdVvHpwQxfQBegQIBRAC&usg=AOvVaw3gVhRgVw-V7cPd_VuoSSNP,,2014
2 days ago,Estonian navy detains Russia-bound oil tanker in Baltic Sea,Reuters,https://www.reuters.com/world/europe/estonian-navy-detains-boards-russia-bound-oil-tanker-baltic-sea-2025-04-11/&ved=2ahUKEwjguqPn7NeMAxV1h1YBHa4EAa8QxfQBegQICRAC&usg=AOvVaw1E__V_j4BTf5jWpxAkXcOt,"The Estonian navy detained and boarded a Russia-bound oil tanker on an EU sanctions list on Friday, accusing it of sailing illegally without a valid country...",2014
2 days ago,"Argentina soy, once parched, now has too much rain",Reuters,https://www.reuters.com/sustainability/land-use-biodiversity/argentina-soy-once-parched-now-has-too-much-rain-2025-04-11/&ved=2ahUKEwjguqPn7NeMAxV1h1YBHa4EAa8QxfQBegQIARAC&usg=AOvVaw0nkYaNyXfwJ6MDMDVDXuwr,"Drenched Argentine fields due to heavy rains in the country's farm heartland are raising fears of soybean losses and delayed sales of the 2024/25 crop,...",2014
2 days ago,Argentina and the IMF: a troubled history,Reuters,https://www.reuters.com/world/americas/argentina-imf-troubled-history-2025-04-12/&ved=2ahUKEwjguqPn7NeMAxV1h1YBHa4EAa8QxfQBegQIAhAC&usg=AOvVaw0U6wqKtDMe1BvRqLeh6ufX,"Argentina is already the IMF's largest debtor, by far, and the recipient of the most IMF bailouts in history since it joined in September 1956.",2014
2 days ago,"Magnitude 5.95 earthquake strikes Papua New Guinea's New Britain region, GFZ says",Reuters,https://www.reuters.com/business/environment/magnitude-595-earthquake-strikes-papua-new-guineas-new-britain-region-gfz-says-2025-04-12/&ved=2ahUKEwjguqPn7NeMAxV1h1YBHa4EAa8QxfQBegQIBxAC&usg=AOvVaw1jRPyIOCIuZiBfwfxmyB5w,,2014
3 days ago,Relief for Spain's feed makers as EU delays tariff on US corn,Reuters,https://www.reuters.com/markets/commodities/relief-spains-feed-makers-eu-delays-tariff-us-corn-2025-04-10/&ved=2ahUKEwjn4uzo7NeMAxVYqFYBHTF7FbE4ChDF9AF6BAgEEAI&usg=AOvVaw1NNENBgWuRrsSd4d0OGVdr,"A delay to EU tariffs against U.S. goods has brought respite for Spain's livestock feed sector that has heavily bought U.S. corn this season,...",2014
3 days ago,US consumer inflation eases ahead of tariffs,Reuters,https://www.reuters.com/markets/us/us-consumer-prices-unexpectedly-fall-march-2025-04-10/&ved=2ahUKEwjn4uzo7NeMAxVYqFYBHTF7FbE4ChDF9AF6BAgHEAI&usg=AOvVaw1OchojHjHajAijINuQ4IDP,The first monthly decline in prices in nearly five years also suggested softening demand amid recession fears and led markets to anticipate Fed could cut...,2014
3 days ago,Argentine workers launch widespread 24-hour strike against Milei's austerity measures,Reuters,https://www.reuters.com/sustainability/sustainable-finance-reporting/argentine-workers-launch-widespread-24-hour-strike-against-mileis-austerity-2025-04-10/&ved=2ahUKEwjn4uzo7NeMAxVYqFYBHTF7FbE4ChDF9AF6BAgJEAI&usg=AOvVaw3jpQcxzz1CgATEyE4rFSOs,"Argentina's largest workers' unions kicked off a massive 24-hour strike on Thursday, bringing trains, planes and ports to a halt as they protested against...",2014
3 days ago,"From Daikin to Samsung, companies fight Modi over e-waste policy",Reuters,https://www.reuters.com/world/india/daikin-samsung-companies-fight-modi-over-e-waste-policy-2025-04-11/&ved=2ahUKEwjn4uzo7NeMAxVYqFYBHTF7FbE4ChDF9AF6BAgGEAI&usg=AOvVaw1QriO5ZNsF4bNq0h67yeib,India wants to tackle its mounting e-waste problem. Global electronics companies say the cost is too high.,2014
3 days ago,Take Five: Riders on the storm,Reuters,https://www.reuters.com/business/take-five/global-markets-themes-graphic-2025-04-11/&ved=2ahUKEwjn4uzo7NeMAxVYqFYBHTF7FbE4ChDF9AF6BAgBEAI&usg=AOvVaw1hmS4ogUaJN1da71b_flu-,"The global trade war might have been reduced to a battle between Beijing and Washington for now, but a bruising week for markets has left policymakers at...",2014
3 days ago,"ECB ready to deploy its instruments to maintain financial stability, Lagarde says",Reuters,https://www.reuters.com/business/finance/ecb-ready-deploy-its-instruments-maintain-financial-stability-lagarde-says-2025-04-11/&ved=2ahUKEwjn4uzo7NeMAxVYqFYBHTF7FbE4ChDF9AF6BAgCEAI&usg=AOvVaw1PrHm-RAX_Kj51vlZsxZiS,The European Central Bank is ready to deploy its instruments to maintain financial stability and has a solid track record in devising new tools when...,2014
3 days ago,CBOT corn rally more than justified by US supply cuts,Reuters,https://www.reuters.com/markets/commodities/cbot-corn-rally-more-than-justified-by-us-supply-cuts-braun-2025-04-10/&ved=2ahUKEwjn4uzo7NeMAxVYqFYBHTF7FbE4ChDF9AF6BAgKEAI&usg=AOvVaw1WcmtEIo-lHlZWgMcaDqMb,"Chicago corn futures have shot nearly 5% higher so far this week despite gratuitous geopolitical uncertainties, especially when it comes to the United...",2014
3 days ago,Mercedes to end engagement in small vans segment,Reuters,https://www.reuters.com/business/autos-transportation/mercedes-discontinue-citan-t-class-models-automobilwoche-reports-2025-04-11/&ved=2ahUKEwjn4uzo7NeMAxVYqFYBHTF7FbE4ChDF9AF6BAgIEAI&usg=AOvVaw1ZqR8Y4MMqHP3cjfAloulk,"Mercedes-Benz said on Friday it is shifting focus towards midsize and large vans and ending engagement in the smaller category, after the Automobilwoche...",2014
3 days ago,"Thailand will cut tariffs on US corn imports, minister says",Reuters,https://www.reuters.com/markets/commodities/thailand-will-cut-tariffs-us-corn-imports-minister-says-2025-04-11/&ved=2ahUKEwidj4no7NeMAxW6zjQHHdVvHpwQxfQBegQIBxAC&usg=AOvVaw1KcqJsXv9ITJRyk7t-RZJQ,"Thailand will cut tariffs on imports of corn from the United States, but volumes still need to be finalised, the finance minister said on Friday.",2014
3 days ago,"Thailand will cut tariffs on US corn imports, minister says",Reuters,https://www.reuters.com/markets/commodities/thailand-will-cut-tariffs-us-corn-imports-minister-says-2025-04-11/&ved=2ahUKEwjguqPn7NeMAxV1h1YBHa4EAa8QxfQBegQIBBAC&usg=AOvVaw008F8HaNMDi_C30cJKLp5r,"Thailand will cut tariffs on imports of corn from the United States, but volumes still need to be finalised, the finance minister said on Friday.",2014
4 days ago,"Rhine shipping costs in Germany rise as river level falls, but rain forecast",Reuters,https://www.reuters.com/business/autos-transportation/rhine-shipping-costs-germany-rise-river-level-falls-rain-forecast-2025-04-10/&ved=2ahUKEwjn4uzo7NeMAxVYqFYBHTF7FbE4ChDF9AF6BAgFEAI&usg=AOvVaw03nH3-rj9WCiE4q5dfDUTh,"Freight shipping costs on the Rhine river in Germany surged this week as water levels fell further, compelling vessels to sail less than half full,...",2014
4 days ago,"Chilean miner Codelco logging strong Q2 demand from China, chairman says",Reuters,https://www.reuters.com/markets/commodities/chilean-miner-codelco-logging-strong-q2-demand-china-chairman-says-2025-04-10/&ved=2ahUKEwjn4uzo7NeMAxVYqFYBHTF7FbE4ChDF9AF6BAgDEAI&usg=AOvVaw3msHHOdgfjXd8SnsAmrtah,"Chilean copper giant Codelco is seeing strong demand for the red metal from China in the second quarter, the firm's chairman told Reuters on Thursday.",2014
1 hour ago,"Argentine peso slides after FX controls eased, bonds jump",Reuters,https://www.reuters.com/markets/currencies/wall-st-expects-argentina-market-boost-imf-deal-big-shift-fx-controls-2025-04-14/&ved=2ahUKEwidj4no7NeMAxW6zjQHHdVvHpwQxfQBegQIBhAC&usg=AOvVaw3_q8NvwDlcbrns4p-vqAxs,The Argentine peso slid around 9% on Monday morning while bonds gained after Buenos Aires sealed a $20 billion loan program with the International Monetary...,2014
1 hour ago,"Argentine peso slides after FX controls eased, bonds jump",Reuters,https://www.reuters.com/markets/currencies/wall-st-expects-argentina-market-boost-imf-deal-big-shift-fx-controls-2025-04-14/&ved=2ahUKEwjguqPn7NeMAxV1h1YBHa4EAa8QxfQBegQICBAC&usg=AOvVaw283QMCOs2LB58r4ROgLqkh,The Argentine peso slid around 9% on Monday morning while bonds gained after Buenos Aires sealed a $20 billion loan program with the International Monetary...,2014
3 hours ago,"‘No lettuce, no Big Mac’: why Beth Hart is steering McDonald’s towards regenerative agriculture",Reuters,https://www.reuters.com/sustainability/land-use-biodiversity/no-lettuce-no-big-mac-why-beth-hart-is-steering-mcdonalds-towards-regenerative-2025-04-14/&ved=2ahUKEwidj4no7NeMAxW6zjQHHdVvHpwQxfQBegQIChAC&usg=AOvVaw38Ct3INkihF-EJs6JaiwgZ,"In August 2020, when McDonald's announced an initiative with farmers in Nebraska to improve soil health, techniques like cover cropping and reduced tillage...",2014
3 hours ago,"‘No lettuce, no Big Mac’: why Beth Hart is steering McDonald’s towards regenerative agriculture",Reuters,https://www.reuters.com/sustainability/land-use-biodiversity/no-lettuce-no-big-mac-why-beth-hart-is-steering-mcdonalds-towards-regenerative-2025-04-14/&ved=2ahUKEwjguqPn7NeMAxV1h1YBHa4EAa8QxfQBegQIChAC&usg=AOvVaw2IZvGlZ-dYB9Dfg0j33_YP,"In August 2020, when McDonald's announced an initiative with farmers in Nebraska to improve soil health, techniques like cover cropping and reduced tillage...",2014
4 hours ago,Patient corn bulls emerge victorious post tariff onslaught,Reuters,https://www.reuters.com/markets/commodities/patient-corn-bulls-emerge-victorious-post-tariff-onslaught-braun-2025-04-13/&ved=2ahUKEwidj4no7NeMAxW6zjQHHdVvHpwQxfQBegQIAxAC&usg=AOvVaw0_wOSJws2zrix_PIE0rAhu,"After building immensely bullish bets, speculators in late February rode out Chicago corn's worst downturn in over a year as the United States prepared to...",2014
4 hours ago,Patient corn bulls emerge victorious post tariff onslaught,Reuters,https://www.reuters.com/markets/commodities/patient-corn-bulls-emerge-victorious-post-tariff-onslaught-braun-2025-04-13/&ved=2ahUKEwjguqPn7NeMAxV1h1YBHa4EAa8QxfQBegQIAxAC&usg=AOvVaw18jv9NnjK1CQZQkexIFS7a,"After building immensely bullish bets, speculators in late February rode out Chicago corn's worst downturn in over a year as the United States prepared to...",2014
5 hours ago,Holcim spin-off of North American business planned for June,Reuters,https://www.reuters.com/business/holcim-spin-off-north-american-business-planned-june-2025-04-14/&ved=2ahUKEwidj4no7NeMAxW6zjQHHdVvHpwQxfQBegQIAhAC&usg=AOvVaw3g8msuLk6cIJQ1yCmjEMdv,"The planned spin-off of Holcim's North American business should take place in June, subject to the approval of shareholders at its May 14 annual general...",2014
5 hours ago,Holcim spin-off of North American business planned for June,Reuters,https://www.reuters.com/business/holcim-spin-off-north-american-business-planned-june-2025-04-14/&ved=2ahUKEwjguqPn7NeMAxV1h1YBHa4EAa8QxfQBegQIBRAC&usg=AOvVaw3mn-wVs83TzCMCjmzoPUHD,"The planned spin-off of Holcim's North American business should take place in June, subject to the approval of shareholders at its May 14 annual general...",2014
9 hours ago,Thailand says to discuss tariffs with United States on April 21,Reuters,https://www.reuters.com/markets/asia/thailand-says-discuss-tariffs-with-united-states-april-21-2025-04-14/&ved=2ahUKEwidj4no7NeMAxW6zjQHHdVvHpwQxfQBegQIBBAC&usg=AOvVaw1PdiAISS_FeaxR2sHTDAs7,Thailand's finance and commerce ministers will lead a delegation to the United States to meet Trump administration officials and push for relief from...,2014
9 hours ago,Thailand says to discuss tariffs with United States on April 21,Reuters,https://www.reuters.com/markets/asia/thailand-says-discuss-tariffs-with-united-states-april-21-2025-04-14/&ved=2ahUKEwjguqPn7NeMAxV1h1YBHa4EAa8QxfQBegQIBhAC&usg=AOvVaw3elzBUzys3Gj1QQ-4yqAPk,Thailand's finance and commerce ministers will lead a delegation to the United States to meet Trump administration officials and push for relief from...,2014
2 days ago,Estonian navy detains Russia-bound oil tanker in Baltic Sea,Reuters,https://www.reuters.com/world/europe/estonian-navy-detains-boards-russia-bound-oil-tanker-baltic-sea-2025-04-11/&ved=2ahUKEwidj4no7NeMAxW6zjQHHdVvHpwQxfQBegQIARAC&usg=AOvVaw0QT6WYBjKO8q5-3RfkHcKL,"The Estonian navy detained and boarded a Russia-bound oil tanker on an EU sanctions list on Friday, accusing it of sailing illegally without a valid country...",2014
2 days ago,"Argentina soy, once parched, now has too much rain",Reuters,https://www.reuters.com/sustainability/land-use-biodiversity/argentina-soy-once-parched-now-has-too-much-rain-2025-04-11/&ved=2ahUKEwidj4no7NeMAxW6zjQHHdVvHpwQxfQBegQICRAC&usg=AOvVaw1DeL2LIhxJjJ8vZam9Nqbw,"Drenched Argentine fields due to heavy rains in the country's farm heartland are raising fears of soybean losses and delayed sales of the 2024/25 crop,...",2014
2 days ago,Argentina and the IMF: a troubled history,Reuters,https://www.reuters.com/world/americas/argentina-imf-troubled-history-2025-04-12/&ved=2ahUKEwidj4no7NeMAxW6zjQHHdVvHpwQxfQBegQICBAC&usg=AOvVaw2bnVK3rQE4TJeep2JQwHpo,"Argentina is already the IMF's largest debtor, by far, and the recipient of the most IMF bailouts in history since it joined in September 1956.",2014
2 days ago,"Magnitude 5.95 earthquake strikes Papua New Guinea's New Britain region, GFZ says",Reuters,https://www.reuters.com/business/environment/magnitude-595-earthquake-strikes-papua-new-guineas-new-britain-region-gfz-says-2025-04-12/&ved=2ahUKEwidj4no7NeMAxW6zjQHHdVvHpwQxfQBegQIBRAC&usg=AOvVaw3gVhRgVw-V7cPd_VuoSSNP,,2014
2 days ago,Estonian navy detains Russia-bound oil tanker in Baltic Sea,Reuters,https://www.reuters.com/world/europe/estonian-navy-detains-boards-russia-bound-oil-tanker-baltic-sea-2025-04-11/&ved=2ahUKEwjguqPn7NeMAxV1h1YBHa4EAa8QxfQBegQICRAC&usg=AOvVaw1E__V_j4BTf5jWpxAkXcOt,"The Estonian navy detained and boarded a Russia-bound oil tanker on an EU sanctions list on Friday, accusing it of sailing illegally without a valid country...",2014
2 days ago,"Argentina soy, once parched, now has too much rain",Reuters,https://www.reuters.com/sustainability/land-use-biodiversity/argentina-soy-once-parched-now-has-too-much-rain-2025-04-11/&ved=2ahUKEwjguqPn7NeMAxV1h1YBHa4EAa8QxfQBegQIARAC&usg=AOvVaw0nkYaNyXfwJ6MDMDVDXuwr,"Drenched Argentine fields due to heavy rains in the country's farm heartland are raising fears of soybean losses and delayed sales of the 2024/25 crop,...",2014
2 days ago,Argentina and the IMF: a troubled history,Reuters,https://www.reuters.com/world/americas/argentina-imf-troubled-history-2025-04-12/&ved=2ahUKEwjguqPn7NeMAxV1h1YBHa4EAa8QxfQBegQIAhAC&usg=AOvVaw0U6wqKtDMe1BvRqLeh6ufX,"Argentina is already the IMF's largest debtor, by far, and the recipient of the most IMF bailouts in history since it joined in September 1956.",2014
2 days ago,"Magnitude 5.95 earthquake strikes Papua New Guinea's New Britain region, GFZ says",Reuters,https://www.reuters.com/business/environment/magnitude-595-earthquake-strikes-papua-new-guineas-new-britain-region-gfz-says-2025-04-12/&ved=2ahUKEwjguqPn7NeMAxV1h1YBHa4EAa8QxfQBegQIBxAC&usg=AOvVaw1jRPyIOCIuZiBfwfxmyB5w,,2014
3 days ago,Relief for Spain's feed makers as EU delays tariff on US corn,Reuters,https://www.reuters.com/markets/commodities/relief-spains-feed-makers-eu-delays-tariff-us-corn-2025-04-10/&ved=2ahUKEwjn4uzo7NeMAxVYqFYBHTF7FbE4ChDF9AF6BAgEEAI&usg=AOvVaw1NNENBgWuRrsSd4d0OGVdr,"A delay to EU tariffs against U.S. goods has brought respite for Spain's livestock feed sector that has heavily bought U.S. corn this season,...",2014
3 days ago,US consumer inflation eases ahead of tariffs,Reuters,https://www.reuters.com/markets/us/us-consumer-prices-unexpectedly-fall-march-2025-04-10/&ved=2ahUKEwjn4uzo7NeMAxVYqFYBHTF7FbE4ChDF9AF6BAgHEAI&usg=AOvVaw1OchojHjHajAijINuQ4IDP,The first monthly decline in prices in nearly five years also suggested softening demand amid recession fears and led markets to anticipate Fed could cut...,2014
3 days ago,Argentine workers launch widespread 24-hour strike against Milei's austerity measures,Reuters,https://www.reuters.com/sustainability/sustainable-finance-reporting/argentine-workers-launch-widespread-24-hour-strike-against-mileis-austerity-2025-04-10/&ved=2ahUKEwjn4uzo7NeMAxVYqFYBHTF7FbE4ChDF9AF6BAgJEAI&usg=AOvVaw3jpQcxzz1CgATEyE4rFSOs,"Argentina's largest workers' unions kicked off a massive 24-hour strike on Thursday, bringing trains, planes and ports to a halt as they protested against...",2014
3 days ago,"From Daikin to Samsung, companies fight Modi over e-waste policy",Reuters,https://www.reuters.com/world/india/daikin-samsung-companies-fight-modi-over-e-waste-policy-2025-04-11/&ved=2ahUKEwjn4uzo7NeMAxVYqFYBHTF7FbE4ChDF9AF6BAgGEAI&usg=AOvVaw1QriO5ZNsF4bNq0h67yeib,India wants to tackle its mounting e-waste problem. Global electronics companies say the cost is too high.,2014
3 days ago,Take Five: Riders on the storm,Reuters,https://www.reuters.com/business/take-five/global-markets-themes-graphic-2025-04-11/&ved=2ahUKEwjn4uzo7NeMAxVYqFYBHTF7FbE4ChDF9AF6BAgBEAI&usg=AOvVaw1hmS4ogUaJN1da71b_flu-,"The global trade war might have been reduced to a battle between Beijing and Washington for now, but a bruising week for markets has left policymakers at...",2014
3 days ago,"ECB ready to deploy its instruments to maintain financial stability, Lagarde says",Reuters,https://www.reuters.com/business/finance/ecb-ready-deploy-its-instruments-maintain-financial-stability-lagarde-says-2025-04-11/&ved=2ahUKEwjn4uzo7NeMAxVYqFYBHTF7FbE4ChDF9AF6BAgCEAI&usg=AOvVaw1PrHm-RAX_Kj51vlZsxZiS,The European Central Bank is ready to deploy its instruments to maintain financial stability and has a solid track record in devising new tools when...,2014
3 days ago,CBOT corn rally more than justified by US supply cuts,Reuters,https://www.reuters.com/markets/commodities/cbot-corn-rally-more-than-justified-by-us-supply-cuts-braun-2025-04-10/&ved=2ahUKEwjn4uzo7NeMAxVYqFYBHTF7FbE4ChDF9AF6BAgKEAI&usg=AOvVaw1WcmtEIo-lHlZWgMcaDqMb,"Chicago corn futures have shot nearly 5% higher so far this week despite gratuitous geopolitical uncertainties, especially when it comes to the United...",2014
3 days ago,Mercedes to end engagement in small vans segment,Reuters,https://www.reuters.com/business/autos-transportation/mercedes-discontinue-citan-t-class-models-automobilwoche-reports-2025-04-11/&ved=2ahUKEwjn4uzo7NeMAxVYqFYBHTF7FbE4ChDF9AF6BAgIEAI&usg=AOvVaw1ZqR8Y4MMqHP3cjfAloulk,"Mercedes-Benz said on Friday it is shifting focus towards midsize and large vans and ending engagement in the smaller category, after the Automobilwoche...",2014
3 days ago,"Thailand will cut tariffs on US corn imports, minister says",Reuters,https://www.reuters.com/markets/commodities/thailand-will-cut-tariffs-us-corn-imports-minister-says-2025-04-11/&ved=2ahUKEwidj4no7NeMAxW6zjQHHdVvHpwQxfQBegQIBxAC&usg=AOvVaw1KcqJsXv9ITJRyk7t-RZJQ,"Thailand will cut tariffs on imports of corn from the United States, but volumes still need to be finalised, the finance minister said on Friday.",2014
3 days ago,"Thailand will cut tariffs on US corn imports, minister says",Reuters,https://www.reuters.com/markets/commodities/thailand-will-cut-tariffs-us-corn-imports-minister-says-2025-04-11/&ved=2ahUKEwjguqPn7NeMAxV1h1YBHa4EAa8QxfQBegQIBBAC&usg=AOvVaw008F8HaNMDi_C30cJKLp5r,"Thailand will cut tariffs on imports of corn from the United States, but volumes still need to be finalised, the finance minister said on Friday.",2014
4 days ago,"Rhine shipping costs in Germany rise as river level falls, but rain forecast",Reuters,https://www.reuters.com/business/autos-transportation/rhine-shipping-costs-germany-rise-river-level-falls-rain-forecast-2025-04-10/&ved=2ahUKEwjn4uzo7NeMAxVYqFYBHTF7FbE4ChDF9AF6BAgFEAI&usg=AOvVaw03nH3-rj9WCiE4q5dfDUTh,"Freight shipping costs on the Rhine river in Germany surged this week as water levels fell further, compelling vessels to sail less than half full,...",2014
4 days ago,"Chilean miner Codelco logging strong Q2 demand from China, chairman says",Reuters,https://www.reuters.com/markets/commodities/chilean-miner-codelco-logging-strong-q2-demand-china-chairman-says-2025-04-10/&ved=2ahUKEwjn4uzo7NeMAxVYqFYBHTF7FbE4ChDF9AF6BAgDEAI&usg=AOvVaw3msHHOdgfjXd8SnsAmrtah,"Chilean copper giant Codelco is seeing strong demand for the red metal from China in the second quarter, the firm's chairman told Reuters on Thursday.",2014
1 hour ago,"Argentine peso slides after FX controls eased, bonds jump",Reuters,https://www.reuters.com/markets/currencies/wall-st-expects-argentina-market-boost-imf-deal-big-shift-fx-controls-2025-04-14/&ved=2ahUKEwi9oO_q7NeMAxUws1YBHZ1YH48QxfQBegQIARAC&usg=AOvVaw2s4WyUZkKsmY0nq-yynWd2,The Argentine peso slid around 9% on Monday morning while bonds gained after Buenos Aires sealed a $20 billion loan program with the International Monetary...,2015
1 hour ago,"Argentine peso slides after FX controls eased, bonds jump",Reuters,https://www.reuters.com/markets/currencies/wall-st-expects-argentina-market-boost-imf-deal-big-shift-fx-controls-2025-04-14/&ved=2ahUKEwikhojq7NeMAxXnklYBHVkFJxMQxfQBegQICBAC&usg=AOvVaw3TbMPh5JxWE1Sxyebad0lj,The Argentine peso slid around 9% on Monday morning while bonds gained after Buenos Aires sealed a $20 billion loan program with the International Monetary...,2015
3 hours ago,"‘No lettuce, no Big Mac’: why Beth Hart is steering McDonald’s towards regenerative agriculture",Reuters,https://www.reuters.com/sustainability/land-use-biodiversity/no-lettuce-no-big-mac-why-beth-hart-is-steering-mcdonalds-towards-regenerative-2025-04-14/&ved=2ahUKEwi9oO_q7NeMAxUws1YBHZ1YH48QxfQBegQIChAC&usg=AOvVaw0tLhiOxg7aazb5kn0xo6eb,"In August 2020, when McDonald's announced an initiative with farmers in Nebraska to improve soil health, techniques like cover cropping and reduced tillage...",2015
3 hours ago,"‘No lettuce, no Big Mac’: why Beth Hart is steering McDonald’s towards regenerative agriculture",Reuters,https://www.reuters.com/sustainability/land-use-biodiversity/no-lettuce-no-big-mac-why-beth-hart-is-steering-mcdonalds-towards-regenerative-2025-04-14/&ved=2ahUKEwikhojq7NeMAxXnklYBHVkFJxMQxfQBegQIChAC&usg=AOvVaw1OzPOmZsJ4eMsjml5fmMo4,"In August 2020, when McDonald's announced an initiative with farmers in Nebraska to improve soil health, techniques like cover cropping and reduced tillage...",2015
4 hours ago,Patient corn bulls emerge victorious post tariff onslaught,Reuters,https://www.reuters.com/markets/commodities/patient-corn-bulls-emerge-victorious-post-tariff-onslaught-braun-2025-04-13/&ved=2ahUKEwi9oO_q7NeMAxUws1YBHZ1YH48QxfQBegQIBxAC&usg=AOvVaw2EbEDtjeqRIiX2pibkzDR-,"After building immensely bullish bets, speculators in late February rode out Chicago corn's worst downturn in over a year as the United States prepared to...",2015
4 hours ago,Patient corn bulls emerge victorious post tariff onslaught,Reuters,https://www.reuters.com/markets/commodities/patient-corn-bulls-emerge-victorious-post-tariff-onslaught-braun-2025-04-13/&ved=2ahUKEwikhojq7NeMAxXnklYBHVkFJxMQxfQBegQIBxAC&usg=AOvVaw0pp4sCdvJoGX-Gp_lgjXXP,"After building immensely bullish bets, speculators in late February rode out Chicago corn's worst downturn in over a year as the United States prepared to...",2015
5 hours ago,Holcim spin-off of North American business planned for June,Reuters,https://www.reuters.com/business/holcim-spin-off-north-american-business-planned-june-2025-04-14/&ved=2ahUKEwi9oO_q7NeMAxUws1YBHZ1YH48QxfQBegQIBRAC&usg=AOvVaw20qE8Hr2SC6025EybUVcC-,"The planned spin-off of Holcim's North American business should take place in June, subject to the approval of shareholders at its May 14 annual general...",2015
5 hours ago,Holcim spin-off of North American business planned for June,Reuters,https://www.reuters.com/business/holcim-spin-off-north-american-business-planned-june-2025-04-14/&ved=2ahUKEwikhojq7NeMAxXnklYBHVkFJxMQxfQBegQIBhAC&usg=AOvVaw0vHZ7kYfeY-eg6zNAnlyp_,"The planned spin-off of Holcim's North American business should take place in June, subject to the approval of shareholders at its May 14 annual general...",2015
9 hours ago,Thailand says to discuss tariffs with United States on April 21,Reuters,https://www.reuters.com/markets/asia/thailand-says-discuss-tariffs-with-united-states-april-21-2025-04-14/&ved=2ahUKEwi9oO_q7NeMAxUws1YBHZ1YH48QxfQBegQIBBAC&usg=AOvVaw0yLqfc3Re7-EHavA1P2GEq,Thailand's finance and commerce ministers will lead a delegation to the United States to meet Trump administration officials and push for relief from...,2015
9 hours ago,Thailand says to discuss tariffs with United States on April 21,Reuters,https://www.reuters.com/markets/asia/thailand-says-discuss-tariffs-with-united-states-april-21-2025-04-14/&ved=2ahUKEwikhojq7NeMAxXnklYBHVkFJxMQxfQBegQICRAC&usg=AOvVaw3gkYaJYwCfMoc0D3n496Wt,Thailand's finance and commerce ministers will lead a delegation to the United States to meet Trump administration officials and push for relief from...,2015
2 days ago,Estonian navy detains Russia-bound oil tanker in Baltic Sea,Reuters,https://www.reuters.com/world/europe/estonian-navy-detains-boards-russia-bound-oil-tanker-baltic-sea-2025-04-11/&ved=2ahUKEwi9oO_q7NeMAxUws1YBHZ1YH48QxfQBegQICBAC&usg=AOvVaw3EKGShPUiKIlaSDZELrOaq,"The Estonian navy detained and boarded a Russia-bound oil tanker on an EU sanctions list on Friday, accusing it of sailing illegally without a valid country...",2015
2 days ago,"Argentina soy, once parched, now has too much rain",Reuters,https://www.reuters.com/sustainability/land-use-biodiversity/argentina-soy-once-parched-now-has-too-much-rain-2025-04-11/&ved=2ahUKEwi9oO_q7NeMAxUws1YBHZ1YH48QxfQBegQIAhAC&usg=AOvVaw2lAqHqPgGrwFtduUJpEMiN,"Drenched Argentine fields due to heavy rains in the country's farm heartland are raising fears of soybean losses and delayed sales of the 2024/25 crop,...",2015
2 days ago,Argentina and the IMF: a troubled history,Reuters,https://www.reuters.com/world/americas/argentina-imf-troubled-history-2025-04-12/&ved=2ahUKEwi9oO_q7NeMAxUws1YBHZ1YH48QxfQBegQIAxAC&usg=AOvVaw2FLgl-C2GVCwlRWttqmSzi,"Argentina is already the IMF's largest debtor, by far, and the recipient of the most IMF bailouts in history since it joined in September 1956.",2015
2 days ago,"Magnitude 5.95 earthquake strikes Papua New Guinea's New Britain region, GFZ says",Reuters,https://www.reuters.com/business/environment/magnitude-595-earthquake-strikes-papua-new-guineas-new-britain-region-gfz-says-2025-04-12/&ved=2ahUKEwi9oO_q7NeMAxUws1YBHZ1YH48QxfQBegQIBhAC&usg=AOvVaw2gXnQ2JCEToPMuv0s4NGT3,,2015
2 days ago,Estonian navy detains Russia-bound oil tanker in Baltic Sea,Reuters,https://www.reuters.com/world/europe/estonian-navy-detains-boards-russia-bound-oil-tanker-baltic-sea-2025-04-11/&ved=2ahUKEwikhojq7NeMAxXnklYBHVkFJxMQxfQBegQIAhAC&usg=AOvVaw2j-RdxO-BFgyeCbaz4gVpr,"The Estonian navy detained and boarded a Russia-bound oil tanker on an EU sanctions list on Friday, accusing it of sailing illegally without a valid country...",2015
2 days ago,"Argentina soy, once parched, now has too much rain",Reuters,https://www.reuters.com/sustainability/land-use-biodiversity/argentina-soy-once-parched-now-has-too-much-rain-2025-04-11/&ved=2ahUKEwikhojq7NeMAxXnklYBHVkFJxMQxfQBegQIAxAC&usg=AOvVaw37lQCaoJE_--E4KZ_HoWN-,"Drenched Argentine fields due to heavy rains in the country's farm heartland are raising fears of soybean losses and delayed sales of the 2024/25 crop,...",2015
2 days ago,Argentina and the IMF: a troubled history,Reuters,https://www.reuters.com/world/americas/argentina-imf-troubled-history-2025-04-12/&ved=2ahUKEwikhojq7NeMAxXnklYBHVkFJxMQxfQBegQIBBAC&usg=AOvVaw3vCVIXZcu5x37ApkACtgN6,"Argentina is already the IMF's largest debtor, by far, and the recipient of the most IMF bailouts in history since it joined in September 1956.",2015
2 days ago,"Magnitude 5.95 earthquake strikes Papua New Guinea's New Britain region, GFZ says",Reuters,https://www.reuters.com/business/environment/magnitude-595-earthquake-strikes-papua-new-guineas-new-britain-region-gfz-says-2025-04-12/&ved=2ahUKEwikhojq7NeMAxXnklYBHVkFJxMQxfQBegQIARAC&usg=AOvVaw0QG2nHwy5ftpMkLcaL8HCS,,2015
3 days ago,Relief for Spain's feed makers as EU delays tariff on US corn,Reuters,https://www.reuters.com/markets/commodities/relief-spains-feed-makers-eu-delays-tariff-us-corn-2025-04-10/&ved=2ahUKEwjM1sjs7NeMAxVg4zQHHfDnDDc4ChDF9AF6BAgHEAI&usg=AOvVaw2LVoYfv4PCj03-TgEccHJR,"A delay to EU tariffs against U.S. goods has brought respite for Spain's livestock feed sector that has heavily bought U.S. corn this season,...",2015
3 days ago,US consumer inflation eases ahead of tariffs,Reuters,https://www.reuters.com/markets/us/us-consumer-prices-unexpectedly-fall-march-2025-04-10/&ved=2ahUKEwjM1sjs7NeMAxVg4zQHHfDnDDc4ChDF9AF6BAgEEAI&usg=AOvVaw2lqaWR-3MKGVuy-UkUtiQb,The first monthly decline in prices in nearly five years also suggested softening demand amid recession fears and led markets to anticipate Fed could cut...,2015
3 days ago,Argentine workers launch widespread 24-hour strike against Milei's austerity measures,Reuters,https://www.reuters.com/sustainability/sustainable-finance-reporting/argentine-workers-launch-widespread-24-hour-strike-against-mileis-austerity-2025-04-10/&ved=2ahUKEwjM1sjs7NeMAxVg4zQHHfDnDDc4ChDF9AF6BAgCEAI&usg=AOvVaw3xSrxczSNIcIpTBK48wYjG,"Argentina's largest workers' unions kicked off a massive 24-hour strike on Thursday, bringing trains, planes and ports to a halt as they protested against...",2015
3 days ago,"From Daikin to Samsung, companies fight Modi over e-waste policy",Reuters,https://www.reuters.com/world/india/daikin-samsung-companies-fight-modi-over-e-waste-policy-2025-04-11/&ved=2ahUKEwjM1sjs7NeMAxVg4zQHHfDnDDc4ChDF9AF6BAgIEAI&usg=AOvVaw35LKibDb8W7wzmK0ZjSwmt,India wants to tackle its mounting e-waste problem. Global electronics companies say the cost is too high.,2015
3 days ago,Take Five: Riders on the storm,Reuters,https://www.reuters.com/business/take-five/global-markets-themes-graphic-2025-04-11/&ved=2ahUKEwjM1sjs7NeMAxVg4zQHHfDnDDc4ChDF9AF6BAgJEAI&usg=AOvVaw2aLRoczd5mqvd4GkdRNArZ,"The global trade war might have been reduced to a battle between Beijing and Washington for now, but a bruising week for markets has left policymakers at...",2015
3 days ago,"ECB ready to deploy its instruments to maintain financial stability, Lagarde says",Reuters,https://www.reuters.com/business/finance/ecb-ready-deploy-its-instruments-maintain-financial-stability-lagarde-says-2025-04-11/&ved=2ahUKEwjM1sjs7NeMAxVg4zQHHfDnDDc4ChDF9AF6BAgGEAI&usg=AOvVaw024i05Gk7E7PmZalqpgEuw,The European Central Bank is ready to deploy its instruments to maintain financial stability and has a solid track record in devising new tools when...,2015
3 days ago,CBOT corn rally more than justified by US supply cuts,Reuters,https://www.reuters.com/markets/commodities/cbot-corn-rally-more-than-justified-by-us-supply-cuts-braun-2025-04-10/&ved=2ahUKEwjM1sjs7NeMAxVg4zQHHfDnDDc4ChDF9AF6BAgKEAI&usg=AOvVaw1DC8JU1xQcIEii0FiWLqix,"Chicago corn futures have shot nearly 5% higher so far this week despite gratuitous geopolitical uncertainties, especially when it comes to the United...",2015
3 days ago,Mercedes to end engagement in small vans segment,Reuters,https://www.reuters.com/business/autos-transportation/mercedes-discontinue-citan-t-class-models-automobilwoche-reports-2025-04-11/&ved=2ahUKEwjM1sjs7NeMAxVg4zQHHfDnDDc4ChDF9AF6BAgFEAI&usg=AOvVaw1arVxScSFZHng-WFHgiekH,"Mercedes-Benz said on Friday it is shifting focus towards midsize and large vans and ending engagement in the smaller category, after the Automobilwoche...",2015
3 days ago,"Thailand will cut tariffs on US corn imports, minister says",Reuters,https://www.reuters.com/markets/commodities/thailand-will-cut-tariffs-us-corn-imports-minister-says-2025-04-11/&ved=2ahUKEwi9oO_q7NeMAxUws1YBHZ1YH48QxfQBegQICRAC&usg=AOvVaw3Jj-ziwT_ahaLCiFC29ynA,"Thailand will cut tariffs on imports of corn from the United States, but volumes still need to be finalised, the finance minister said on Friday.",2015
3 days ago,"Thailand will cut tariffs on US corn imports, minister says",Reuters,https://www.reuters.com/markets/commodities/thailand-will-cut-tariffs-us-corn-imports-minister-says-2025-04-11/&ved=2ahUKEwikhojq7NeMAxXnklYBHVkFJxMQxfQBegQIBRAC&usg=AOvVaw3yH-ek-u9r_qxEEvdc8Tl1,"Thailand will cut tariffs on imports of corn from the United States, but volumes still need to be finalised, the finance minister said on Friday.",2015
4 days ago,"Rhine shipping costs in Germany rise as river level falls, but rain forecast",Reuters,https://www.reuters.com/business/autos-transportation/rhine-shipping-costs-germany-rise-river-level-falls-rain-forecast-2025-04-10/&ved=2ahUKEwjM1sjs7NeMAxVg4zQHHfDnDDc4ChDF9AF6BAgBEAI&usg=AOvVaw2WmddbpN6IoFYaVrSnQ88X,"Freight shipping costs on the Rhine river in Germany surged this week as water levels fell further, compelling vessels to sail less than half full,...",2015
4 days ago,"Chilean miner Codelco logging strong Q2 demand from China, chairman says",Reuters,https://www.reuters.com/markets/commodities/chilean-miner-codelco-logging-strong-q2-demand-china-chairman-says-2025-04-10/&ved=2ahUKEwjM1sjs7NeMAxVg4zQHHfDnDDc4ChDF9AF6BAgDEAI&usg=AOvVaw3-YIfuPjkLEmH1dIM9qIiy,"Chilean copper giant Codelco is seeing strong demand for the red metal from China in the second quarter, the firm's chairman told Reuters on Thursday.",2015
1 hour ago,"Argentine peso slides after FX controls eased, bonds jump",Reuters,https://www.reuters.com/markets/currencies/wall-st-expects-argentina-market-boost-imf-deal-big-shift-fx-controls-2025-04-14/&ved=2ahUKEwi9oO_q7NeMAxUws1YBHZ1YH48QxfQBegQIARAC&usg=AOvVaw2s4WyUZkKsmY0nq-yynWd2,The Argentine peso slid around 9% on Monday morning while bonds gained after Buenos Aires sealed a $20 billion loan program with the International Monetary...,2015
1 hour ago,"Argentine peso slides after FX controls eased, bonds jump",Reuters,https://www.reuters.com/markets/currencies/wall-st-expects-argentina-market-boost-imf-deal-big-shift-fx-controls-2025-04-14/&ved=2ahUKEwikhojq7NeMAxXnklYBHVkFJxMQxfQBegQICBAC&usg=AOvVaw3TbMPh5JxWE1Sxyebad0lj,The Argentine peso slid around 9% on Monday morning while bonds gained after Buenos Aires sealed a $20 billion loan program with the International Monetary...,2015
3 hours ago,"‘No lettuce, no Big Mac’: why Beth Hart is steering McDonald’s towards regenerative agriculture",Reuters,https://www.reuters.com/sustainability/land-use-biodiversity/no-lettuce-no-big-mac-why-beth-hart-is-steering-mcdonalds-towards-regenerative-2025-04-14/&ved=2ahUKEwi9oO_q7NeMAxUws1YBHZ1YH48QxfQBegQIChAC&usg=AOvVaw0tLhiOxg7aazb5kn0xo6eb,"In August 2020, when McDonald's announced an initiative with farmers in Nebraska to improve soil health, techniques like cover cropping and reduced tillage...",2015
3 hours ago,"‘No lettuce, no Big Mac’: why Beth Hart is steering McDonald’s towards regenerative agriculture",Reuters,https://www.reuters.com/sustainability/land-use-biodiversity/no-lettuce-no-big-mac-why-beth-hart-is-steering-mcdonalds-towards-regenerative-2025-04-14/&ved=2ahUKEwikhojq7NeMAxXnklYBHVkFJxMQxfQBegQIChAC&usg=AOvVaw1OzPOmZsJ4eMsjml5fmMo4,"In August 2020, when McDonald's announced an initiative with farmers in Nebraska to improve soil health, techniques like cover cropping and reduced tillage...",2015
4 hours ago,Patient corn bulls emerge victorious post tariff onslaught,Reuters,https://www.reuters.com/markets/commodities/patient-corn-bulls-emerge-victorious-post-tariff-onslaught-braun-2025-04-13/&ved=2ahUKEwi9oO_q7NeMAxUws1YBHZ1YH48QxfQBegQIBxAC&usg=AOvVaw2EbEDtjeqRIiX2pibkzDR-,"After building immensely bullish bets, speculators in late February rode out Chicago corn's worst downturn in over a year as the United States prepared to...",2015
4 hours ago,Patient corn bulls emerge victorious post tariff onslaught,Reuters,https://www.reuters.com/markets/commodities/patient-corn-bulls-emerge-victorious-post-tariff-onslaught-braun-2025-04-13/&ved=2ahUKEwikhojq7NeMAxXnklYBHVkFJxMQxfQBegQIBxAC&usg=AOvVaw0pp4sCdvJoGX-Gp_lgjXXP,"After building immensely bullish bets, speculators in late February rode out Chicago corn's worst downturn in over a year as the United States prepared to...",2015
5 hours ago,Holcim spin-off of North American business planned for June,Reuters,https://www.reuters.com/business/holcim-spin-off-north-american-business-planned-june-2025-04-14/&ved=2ahUKEwi9oO_q7NeMAxUws1YBHZ1YH48QxfQBegQIBRAC&usg=AOvVaw20qE8Hr2SC6025EybUVcC-,"The planned spin-off of Holcim's North American business should take place in June, subject to the approval of shareholders at its May 14 annual general...",2015
5 hours ago,Holcim spin-off of North American business planned for June,Reuters,https://www.reuters.com/business/holcim-spin-off-north-american-business-planned-june-2025-04-14/&ved=2ahUKEwikhojq7NeMAxXnklYBHVkFJxMQxfQBegQIBhAC&usg=AOvVaw0vHZ7kYfeY-eg6zNAnlyp_,"The planned spin-off of Holcim's North American business should take place in June, subject to the approval of shareholders at its May 14 annual general...",2015
9 hours ago,Thailand says to discuss tariffs with United States on April 21,Reuters,https://www.reuters.com/markets/asia/thailand-says-discuss-tariffs-with-united-states-april-21-2025-04-14/&ved=2ahUKEwi9oO_q7NeMAxUws1YBHZ1YH48QxfQBegQIBBAC&usg=AOvVaw0yLqfc3Re7-EHavA1P2GEq,Thailand's finance and commerce ministers will lead a delegation to the United States to meet Trump administration officials and push for relief from...,2015
9 hours ago,Thailand says to discuss tariffs with United States on April 21,Reuters,https://www.reuters.com/markets/asia/thailand-says-discuss-tariffs-with-united-states-april-21-2025-04-14/&ved=2ahUKEwikhojq7NeMAxXnklYBHVkFJxMQxfQBegQICRAC&usg=AOvVaw3gkYaJYwCfMoc0D3n496Wt,Thailand's finance and commerce ministers will lead a delegation to the United States to meet Trump administration officials and push for relief from...,2015
2 days ago,Estonian navy detains Russia-bound oil tanker in Baltic Sea,Reuters,https://www.reuters.com/world/europe/estonian-navy-detains-boards-russia-bound-oil-tanker-baltic-sea-2025-04-11/&ved=2ahUKEwi9oO_q7NeMAxUws1YBHZ1YH48QxfQBegQICBAC&usg=AOvVaw3EKGShPUiKIlaSDZELrOaq,"The Estonian navy detained and boarded a Russia-bound oil tanker on an EU sanctions list on Friday, accusing it of sailing illegally without a valid country...",2015
2 days ago,"Argentina soy, once parched, now has too much rain",Reuters,https://www.reuters.com/sustainability/land-use-biodiversity/argentina-soy-once-parched-now-has-too-much-rain-2025-04-11/&ved=2ahUKEwi9oO_q7NeMAxUws1YBHZ1YH48QxfQBegQIAhAC&usg=AOvVaw2lAqHqPgGrwFtduUJpEMiN,"Drenched Argentine fields due to heavy rains in the country's farm heartland are raising fears of soybean losses and delayed sales of the 2024/25 crop,...",2015
2 days ago,Argentina and the IMF: a troubled history,Reuters,https://www.reuters.com/world/americas/argentina-imf-troubled-history-2025-04-12/&ved=2ahUKEwi9oO_q7NeMAxUws1YBHZ1YH48QxfQBegQIAxAC&usg=AOvVaw2FLgl-C2GVCwlRWttqmSzi,"Argentina is already the IMF's largest debtor, by far, and the recipient of the most IMF bailouts in history since it joined in September 1956.",2015
2 days ago,"Magnitude 5.95 earthquake strikes Papua New Guinea's New Britain region, GFZ says",Reuters,https://www.reuters.com/business/environment/magnitude-595-earthquake-strikes-papua-new-guineas-new-britain-region-gfz-says-2025-04-12/&ved=2ahUKEwi9oO_q7NeMAxUws1YBHZ1YH48QxfQBegQIBhAC&usg=AOvVaw2gXnQ2JCEToPMuv0s4NGT3,,2015
2 days ago,Estonian navy detains Russia-bound oil tanker in Baltic Sea,Reuters,https://www.reuters.com/world/europe/estonian-navy-detains-boards-russia-bound-oil-tanker-baltic-sea-2025-04-11/&ved=2ahUKEwikhojq7NeMAxXnklYBHVkFJxMQxfQBegQIAhAC&usg=AOvVaw2j-RdxO-BFgyeCbaz4gVpr,"The Estonian navy detained and boarded a Russia-bound oil tanker on an EU sanctions list on Friday, accusing it of sailing illegally without a valid country...",2015
2 days ago,"Argentina soy, once parched, now has too much rain",Reuters,https://www.reuters.com/sustainability/land-use-biodiversity/argentina-soy-once-parched-now-has-too-much-rain-2025-04-11/&ved=2ahUKEwikhojq7NeMAxXnklYBHVkFJxMQxfQBegQIAxAC&usg=AOvVaw37lQCaoJE_--E4KZ_HoWN-,"Drenched Argentine fields due to heavy rains in the country's farm heartland are raising fears of soybean losses and delayed sales of the 2024/25 crop,...",2015
2 days ago,Argentina and the IMF: a troubled history,Reuters,https://www.reuters.com/world/americas/argentina-imf-troubled-history-2025-04-12/&ved=2ahUKEwikhojq7NeMAxXnklYBHVkFJxMQxfQBegQIBBAC&usg=AOvVaw3vCVIXZcu5x37ApkACtgN6,"Argentina is already the IMF's largest debtor, by far, and the recipient of the most IMF bailouts in history since it joined in September 1956.",2015
2 days ago,"Magnitude 5.95 earthquake strikes Papua New Guinea's New Britain region, GFZ says",Reuters,https://www.reuters.com/business/environment/magnitude-595-earthquake-strikes-papua-new-guineas-new-britain-region-gfz-says-2025-04-12/&ved=2ahUKEwikhojq7NeMAxXnklYBHVkFJxMQxfQBegQIARAC&usg=AOvVaw0QG2nHwy5ftpMkLcaL8HCS,,2015
3 days ago,Relief for Spain's feed makers as EU delays tariff on US corn,Reuters,https://www.reuters.com/markets/commodities/relief-spains-feed-makers-eu-delays-tariff-us-corn-2025-04-10/&ved=2ahUKEwjM1sjs7NeMAxVg4zQHHfDnDDc4ChDF9AF6BAgHEAI&usg=AOvVaw2LVoYfv4PCj03-TgEccHJR,"A delay to EU tariffs against U.S. goods has brought respite for Spain's livestock feed sector that has heavily bought U.S. corn this season,...",2015
3 days ago,US consumer inflation eases ahead of tariffs,Reuters,https://www.reuters.com/markets/us/us-consumer-prices-unexpectedly-fall-march-2025-04-10/&ved=2ahUKEwjM1sjs7NeMAxVg4zQHHfDnDDc4ChDF9AF6BAgEEAI&usg=AOvVaw2lqaWR-3MKGVuy-UkUtiQb,The first monthly decline in prices in nearly five years also suggested softening demand amid recession fears and led markets to anticipate Fed could cut...,2015
3 days ago,Argentine workers launch widespread 24-hour strike against Milei's austerity measures,Reuters,https://www.reuters.com/sustainability/sustainable-finance-reporting/argentine-workers-launch-widespread-24-hour-strike-against-mileis-austerity-2025-04-10/&ved=2ahUKEwjM1sjs7NeMAxVg4zQHHfDnDDc4ChDF9AF6BAgCEAI&usg=AOvVaw3xSrxczSNIcIpTBK48wYjG,"Argentina's largest workers' unions kicked off a massive 24-hour strike on Thursday, bringing trains, planes and ports to a halt as they protested against...",2015
3 days ago,"From Daikin to Samsung, companies fight Modi over e-waste policy",Reuters,https://www.reuters.com/world/india/daikin-samsung-companies-fight-modi-over-e-waste-policy-2025-04-11/&ved=2ahUKEwjM1sjs7NeMAxVg4zQHHfDnDDc4ChDF9AF6BAgIEAI&usg=AOvVaw35LKibDb8W7wzmK0ZjSwmt,India wants to tackle its mounting e-waste problem. Global electronics companies say the cost is too high.,2015
3 days ago,Take Five: Riders on the storm,Reuters,https://www.reuters.com/business/take-five/global-markets-themes-graphic-2025-04-11/&ved=2ahUKEwjM1sjs7NeMAxVg4zQHHfDnDDc4ChDF9AF6BAgJEAI&usg=AOvVaw2aLRoczd5mqvd4GkdRNArZ,"The global trade war might have been reduced to a battle between Beijing and Washington for now, but a bruising week for markets has left policymakers at...",2015
3 days ago,"ECB ready to deploy its instruments to maintain financial stability, Lagarde says",Reuters,https://www.reuters.com/business/finance/ecb-ready-deploy-its-instruments-maintain-financial-stability-lagarde-says-2025-04-11/&ved=2ahUKEwjM1sjs7NeMAxVg4zQHHfDnDDc4ChDF9AF6BAgGEAI&usg=AOvVaw024i05Gk7E7PmZalqpgEuw,The European Central Bank is ready to deploy its instruments to maintain financial stability and has a solid track record in devising new tools when...,2015
3 days ago,CBOT corn rally more than justified by US supply cuts,Reuters,https://www.reuters.com/markets/commodities/cbot-corn-rally-more-than-justified-by-us-supply-cuts-braun-2025-04-10/&ved=2ahUKEwjM1sjs7NeMAxVg4zQHHfDnDDc4ChDF9AF6BAgKEAI&usg=AOvVaw1DC8JU1xQcIEii0FiWLqix,"Chicago corn futures have shot nearly 5% higher so far this week despite gratuitous geopolitical uncertainties, especially when it comes to the United...",2015
3 days ago,Mercedes to end engagement in small vans segment,Reuters,https://www.reuters.com/business/autos-transportation/mercedes-discontinue-citan-t-class-models-automobilwoche-reports-2025-04-11/&ved=2ahUKEwjM1sjs7NeMAxVg4zQHHfDnDDc4ChDF9AF6BAgFEAI&usg=AOvVaw1arVxScSFZHng-WFHgiekH,"Mercedes-Benz said on Friday it is shifting focus towards midsize and large vans and ending engagement in the smaller category, after the Automobilwoche...",2015
3 days ago,"Thailand will cut tariffs on US corn imports, minister says",Reuters,https://www.reuters.com/markets/commodities/thailand-will-cut-tariffs-us-corn-imports-minister-says-2025-04-11/&ved=2ahUKEwi9oO_q7NeMAxUws1YBHZ1YH48QxfQBegQICRAC&usg=AOvVaw3Jj-ziwT_ahaLCiFC29ynA,"Thailand will cut tariffs on imports of corn from the United States, but volumes still need to be finalised, the finance minister said on Friday.",2015
3 days ago,"Thailand will cut tariffs on US corn imports, minister says",Reuters,https://www.reuters.com/markets/commodities/thailand-will-cut-tariffs-us-corn-imports-minister-says-2025-04-11/&ved=2ahUKEwikhojq7NeMAxXnklYBHVkFJxMQxfQBegQIBRAC&usg=AOvVaw3yH-ek-u9r_qxEEvdc8Tl1,"Thailand will cut tariffs on imports of corn from the United States, but volumes still need to be finalised, the finance minister said on Friday.",2015
4 days ago,"Rhine shipping costs in Germany rise as river level falls, but rain forecast",Reuters,https://www.reuters.com/business/autos-transportation/rhine-shipping-costs-germany-rise-river-level-falls-rain-forecast-2025-04-10/&ved=2ahUKEwjM1sjs7NeMAxVg4zQHHfDnDDc4ChDF9AF6BAgBEAI&usg=AOvVaw2WmddbpN6IoFYaVrSnQ88X,"Freight shipping costs on the Rhine river in Germany surged this week as water levels fell further, compelling vessels to sail less than half full,...",2015
4 days ago,"Chilean miner Codelco logging strong Q2 demand from China, chairman says",Reuters,https://www.reuters.com/markets/commodities/chilean-miner-codelco-logging-strong-q2-demand-china-chairman-says-2025-04-10/&ved=2ahUKEwjM1sjs7NeMAxVg4zQHHfDnDDc4ChDF9AF6BAgDEAI&usg=AOvVaw3-YIfuPjkLEmH1dIM9qIiy,"Chilean copper giant Codelco is seeing strong demand for the red metal from China in the second quarter, the firm's chairman told Reuters on Thursday.",2015
1 hour ago,"Argentine peso slides after FX controls eased, bonds jump",Reuters,https://www.reuters.com/markets/currencies/wall-st-expects-argentina-market-boost-imf-deal-big-shift-fx-controls-2025-04-14/&ved=2ahUKEwiZ_M7u7NeMAxVKlFYBHTttJNUQxfQBegQIAxAC&usg=AOvVaw2wplfxFFCCPRQeCUFssqGt,The Argentine peso slid around 9% on Monday morning while bonds gained after Buenos Aires sealed a $20 billion loan program with the International Monetary...,2016
1 hour ago,"Argentine peso slides after FX controls eased, bonds jump",Reuters,https://www.reuters.com/markets/currencies/wall-st-expects-argentina-market-boost-imf-deal-big-shift-fx-controls-2025-04-14/&ved=2ahUKEwjJieXt7NeMAxUWs1YBHUngBj4QxfQBegQIBBAC&usg=AOvVaw1vbDWSe7hP82DSnCiloeOs,The Argentine peso slid around 9% on Monday morning while bonds gained after Buenos Aires sealed a $20 billion loan program with the International Monetary...,2016
3 hours ago,"‘No lettuce, no Big Mac’: why Beth Hart is steering McDonald’s towards regenerative agriculture",Reuters,https://www.reuters.com/sustainability/land-use-biodiversity/no-lettuce-no-big-mac-why-beth-hart-is-steering-mcdonalds-towards-regenerative-2025-04-14/&ved=2ahUKEwiZ_M7u7NeMAxVKlFYBHTttJNUQxfQBegQIChAC&usg=AOvVaw26OmICRO1KjEkevl3o4HFk,"In August 2020, when McDonald's announced an initiative with farmers in Nebraska to improve soil health, techniques like cover cropping and reduced tillage...",2016
3 hours ago,"‘No lettuce, no Big Mac’: why Beth Hart is steering McDonald’s towards regenerative agriculture",Reuters,https://www.reuters.com/sustainability/land-use-biodiversity/no-lettuce-no-big-mac-why-beth-hart-is-steering-mcdonalds-towards-regenerative-2025-04-14/&ved=2ahUKEwjJieXt7NeMAxUWs1YBHUngBj4QxfQBegQIChAC&usg=AOvVaw1_d-Rp_4jvPpWfiEkrcID-,"In August 2020, when McDonald's announced an initiative with farmers in Nebraska to improve soil health, techniques like cover cropping and reduced tillage...",2016
4 hours ago,Patient corn bulls emerge victorious post tariff onslaught,Reuters,https://www.reuters.com/markets/commodities/patient-corn-bulls-emerge-victorious-post-tariff-onslaught-braun-2025-04-13/&ved=2ahUKEwiZ_M7u7NeMAxVKlFYBHTttJNUQxfQBegQIARAC&usg=AOvVaw2AIIBmF_dpX-nUYZ8YaCS1,"After building immensely bullish bets, speculators in late February rode out Chicago corn's worst downturn in over a year as the United States prepared to...",2016
4 hours ago,Patient corn bulls emerge victorious post tariff onslaught,Reuters,https://www.reuters.com/markets/commodities/patient-corn-bulls-emerge-victorious-post-tariff-onslaught-braun-2025-04-13/&ved=2ahUKEwjJieXt7NeMAxUWs1YBHUngBj4QxfQBegQIBxAC&usg=AOvVaw1bzb2O6Q3vAJaLuyxoFWTQ,"After building immensely bullish bets, speculators in late February rode out Chicago corn's worst downturn in over a year as the United States prepared to...",2016
5 hours ago,Holcim spin-off of North American business planned for June,Reuters,https://www.reuters.com/business/holcim-spin-off-north-american-business-planned-june-2025-04-14/&ved=2ahUKEwiZ_M7u7NeMAxVKlFYBHTttJNUQxfQBegQIBxAC&usg=AOvVaw2GxopZR-UAxWXs0ogjk-xg,"The planned spin-off of Holcim's North American business should take place in June, subject to the approval of shareholders at its May 14 annual general...",2016
5 hours ago,Holcim spin-off of North American business planned for June,Reuters,https://www.reuters.com/business/holcim-spin-off-north-american-business-planned-june-2025-04-14/&ved=2ahUKEwjJieXt7NeMAxUWs1YBHUngBj4QxfQBegQIAxAC&usg=AOvVaw2rs2Vxnu7HHu17D8cPD1wg,"The planned spin-off of Holcim's North American business should take place in June, subject to the approval of shareholders at its May 14 annual general...",2016
9 hours ago,Thailand says to discuss tariffs with United States on April 21,Reuters,https://www.reuters.com/markets/asia/thailand-says-discuss-tariffs-with-united-states-april-21-2025-04-14/&ved=2ahUKEwiZ_M7u7NeMAxVKlFYBHTttJNUQxfQBegQIAhAC&usg=AOvVaw3B6lDculjB9OnDQZr6LQa3,Thailand's finance and commerce ministers will lead a delegation to the United States to meet Trump administration officials and push for relief from...,2016
9 hours ago,Thailand says to discuss tariffs with United States on April 21,Reuters,https://www.reuters.com/markets/asia/thailand-says-discuss-tariffs-with-united-states-april-21-2025-04-14/&ved=2ahUKEwjJieXt7NeMAxUWs1YBHUngBj4QxfQBegQICBAC&usg=AOvVaw1TrYfGV6t83fj6TKASdjac,Thailand's finance and commerce ministers will lead a delegation to the United States to meet Trump administration officials and push for relief from...,2016
2 days ago,Estonian navy detains Russia-bound oil tanker in Baltic Sea,Reuters,https://www.reuters.com/world/europe/estonian-navy-detains-boards-russia-bound-oil-tanker-baltic-sea-2025-04-11/&ved=2ahUKEwiZ_M7u7NeMAxVKlFYBHTttJNUQxfQBegQICRAC&usg=AOvVaw2Rvndtgx1nSURHc2JbgSrh,"The Estonian navy detained and boarded a Russia-bound oil tanker on an EU sanctions list on Friday, accusing it of sailing illegally without a valid country...",2016
2 days ago,"Argentina soy, once parched, now has too much rain",Reuters,https://www.reuters.com/sustainability/land-use-biodiversity/argentina-soy-once-parched-now-has-too-much-rain-2025-04-11/&ved=2ahUKEwiZ_M7u7NeMAxVKlFYBHTttJNUQxfQBegQICBAC&usg=AOvVaw1-Nap9T4VCHSOqqinjCYyc,"Drenched Argentine fields due to heavy rains in the country's farm heartland are raising fears of soybean losses and delayed sales of the 2024/25 crop,...",2016
2 days ago,Argentina and the IMF: a troubled history,Reuters,https://www.reuters.com/world/americas/argentina-imf-troubled-history-2025-04-12/&ved=2ahUKEwiZ_M7u7NeMAxVKlFYBHTttJNUQxfQBegQIBBAC&usg=AOvVaw0oi2zVfqdVI3Z-L1hJwpSH,"Argentina is already the IMF's largest debtor, by far, and the recipient of the most IMF bailouts in history since it joined in September 1956.",2016
2 days ago,"Magnitude 5.95 earthquake strikes Papua New Guinea's New Britain region, GFZ says",Reuters,https://www.reuters.com/business/environment/magnitude-595-earthquake-strikes-papua-new-guineas-new-britain-region-gfz-says-2025-04-12/&ved=2ahUKEwiZ_M7u7NeMAxVKlFYBHTttJNUQxfQBegQIBhAC&usg=AOvVaw2lmllj7rnmjxxJ0-C1pNum,,2016
2 days ago,Estonian navy detains Russia-bound oil tanker in Baltic Sea,Reuters,https://www.reuters.com/world/europe/estonian-navy-detains-boards-russia-bound-oil-tanker-baltic-sea-2025-04-11/&ved=2ahUKEwjJieXt7NeMAxUWs1YBHUngBj4QxfQBegQICRAC&usg=AOvVaw38FbbuHrb8qwPdbtddLZqE,"The Estonian navy detained and boarded a Russia-bound oil tanker on an EU sanctions list on Friday, accusing it of sailing illegally without a valid country...",2016
2 days ago,"Argentina soy, once parched, now has too much rain",Reuters,https://www.reuters.com/sustainability/land-use-biodiversity/argentina-soy-once-parched-now-has-too-much-rain-2025-04-11/&ved=2ahUKEwjJieXt7NeMAxUWs1YBHUngBj4QxfQBegQIAhAC&usg=AOvVaw3R8xC3XDgXSSnJRwpT75DA,"Drenched Argentine fields due to heavy rains in the country's farm heartland are raising fears of soybean losses and delayed sales of the 2024/25 crop,...",2016
2 days ago,Argentina and the IMF: a troubled history,Reuters,https://www.reuters.com/world/americas/argentina-imf-troubled-history-2025-04-12/&ved=2ahUKEwjJieXt7NeMAxUWs1YBHUngBj4QxfQBegQIBhAC&usg=AOvVaw2CLaQ8c-6IPCVhY8qeOF2j,"Argentina is already the IMF's largest debtor, by far, and the recipient of the most IMF bailouts in history since it joined in September 1956.",2016
2 days ago,"Magnitude 5.95 earthquake strikes Papua New Guinea's New Britain region, GFZ says",Reuters,https://www.reuters.com/business/environment/magnitude-595-earthquake-strikes-papua-new-guineas-new-britain-region-gfz-says-2025-04-12/&ved=2ahUKEwjJieXt7NeMAxUWs1YBHUngBj4QxfQBegQIBRAC&usg=AOvVaw3kqdiFSdrsO3DMgA9WOzP2,,2016
3 days ago,Relief for Spain's feed makers as EU delays tariff on US corn,Reuters,https://www.reuters.com/markets/commodities/relief-spains-feed-makers-eu-delays-tariff-us-corn-2025-04-10/&ved=2ahUKEwjwibfv7NeMAxV96DQHHaVHLJo4ChDF9AF6BAgGEAI&usg=AOvVaw3QNJu8XihKRxmDreDY_7M8,"A delay to EU tariffs against U.S. goods has brought respite for Spain's livestock feed sector that has heavily bought U.S. corn this season,...",2016
3 days ago,US consumer inflation eases ahead of tariffs,Reuters,https://www.reuters.com/markets/us/us-consumer-prices-unexpectedly-fall-march-2025-04-10/&ved=2ahUKEwjwibfv7NeMAxV96DQHHaVHLJo4ChDF9AF6BAgCEAI&usg=AOvVaw2SS_EwEeJZavJ4iFLB60Nb,The first monthly decline in prices in nearly five years also suggested softening demand amid recession fears and led markets to anticipate Fed could cut...,2016
3 days ago,Argentine workers launch widespread 24-hour strike against Milei's austerity measures,Reuters,https://www.reuters.com/sustainability/sustainable-finance-reporting/argentine-workers-launch-widespread-24-hour-strike-against-mileis-austerity-2025-04-10/&ved=2ahUKEwjwibfv7NeMAxV96DQHHaVHLJo4ChDF9AF6BAgDEAI&usg=AOvVaw3NjDtJdtO7I_jxRsKyCThe,"Argentina's largest workers' unions kicked off a massive 24-hour strike on Thursday, bringing trains, planes and ports to a halt as they protested against...",2016
3 days ago,"From Daikin to Samsung, companies fight Modi over e-waste policy",Reuters,https://www.reuters.com/world/india/daikin-samsung-companies-fight-modi-over-e-waste-policy-2025-04-11/&ved=2ahUKEwjwibfv7NeMAxV96DQHHaVHLJo4ChDF9AF6BAgBEAI&usg=AOvVaw157osBOQdDp9jCDpwlrNOX,India wants to tackle its mounting e-waste problem. Global electronics companies say the cost is too high.,2016
3 days ago,Take Five: Riders on the storm,Reuters,https://www.reuters.com/business/take-five/global-markets-themes-graphic-2025-04-11/&ved=2ahUKEwjwibfv7NeMAxV96DQHHaVHLJo4ChDF9AF6BAgHEAI&usg=AOvVaw2v-bhaIkHJUbU1b_B6VR1c,"The global trade war might have been reduced to a battle between Beijing and Washington for now, but a bruising week for markets has left policymakers at...",2016
3 days ago,"ECB ready to deploy its instruments to maintain financial stability, Lagarde says",Reuters,https://www.reuters.com/business/finance/ecb-ready-deploy-its-instruments-maintain-financial-stability-lagarde-says-2025-04-11/&ved=2ahUKEwjwibfv7NeMAxV96DQHHaVHLJo4ChDF9AF6BAgEEAI&usg=AOvVaw0XLIw829HOeIe2uoyrLbXX,The European Central Bank is ready to deploy its instruments to maintain financial stability and has a solid track record in devising new tools when...,2016
3 days ago,CBOT corn rally more than justified by US supply cuts,Reuters,https://www.reuters.com/markets/commodities/cbot-corn-rally-more-than-justified-by-us-supply-cuts-braun-2025-04-10/&ved=2ahUKEwjwibfv7NeMAxV96DQHHaVHLJo4ChDF9AF6BAgKEAI&usg=AOvVaw1c0dzRd-L6bIJupdrGqna1,"Chicago corn futures have shot nearly 5% higher so far this week despite gratuitous geopolitical uncertainties, especially when it comes to the United...",2016
3 days ago,Mercedes to end engagement in small vans segment,Reuters,https://www.reuters.com/business/autos-transportation/mercedes-discontinue-citan-t-class-models-automobilwoche-reports-2025-04-11/&ved=2ahUKEwjwibfv7NeMAxV96DQHHaVHLJo4ChDF9AF6BAgJEAI&usg=AOvVaw1VpMLj6qyoJi7LcvgyvmSy,"Mercedes-Benz said on Friday it is shifting focus towards midsize and large vans and ending engagement in the smaller category, after the Automobilwoche...",2016
3 days ago,"Thailand will cut tariffs on US corn imports, minister says",Reuters,https://www.reuters.com/markets/commodities/thailand-will-cut-tariffs-us-corn-imports-minister-says-2025-04-11/&ved=2ahUKEwiZ_M7u7NeMAxVKlFYBHTttJNUQxfQBegQIBRAC&usg=AOvVaw3vy9Hrmql3Pv8ec7Gu-4sC,"Thailand will cut tariffs on imports of corn from the United States, but volumes still need to be finalised, the finance minister said on Friday.",2016
3 days ago,"Thailand will cut tariffs on US corn imports, minister says",Reuters,https://www.reuters.com/markets/commodities/thailand-will-cut-tariffs-us-corn-imports-minister-says-2025-04-11/&ved=2ahUKEwjJieXt7NeMAxUWs1YBHUngBj4QxfQBegQIARAC&usg=AOvVaw2rvGxFHZ0j7gfcaHPp6x2Q,"Thailand will cut tariffs on imports of corn from the United States, but volumes still need to be finalised, the finance minister said on Friday.",2016
4 days ago,"Rhine shipping costs in Germany rise as river level falls, but rain forecast",Reuters,https://www.reuters.com/business/autos-transportation/rhine-shipping-costs-germany-rise-river-level-falls-rain-forecast-2025-04-10/&ved=2ahUKEwjwibfv7NeMAxV96DQHHaVHLJo4ChDF9AF6BAgIEAI&usg=AOvVaw3ZTSBBf8D_Zz_9rySetmrl,"Freight shipping costs on the Rhine river in Germany surged this week as water levels fell further, compelling vessels to sail less than half full,...",2016
4 days ago,"Chilean miner Codelco logging strong Q2 demand from China, chairman says",Reuters,https://www.reuters.com/markets/commodities/chilean-miner-codelco-logging-strong-q2-demand-china-chairman-says-2025-04-10/&ved=2ahUKEwjwibfv7NeMAxV96DQHHaVHLJo4ChDF9AF6BAgFEAI&usg=AOvVaw3SN1RtAVk_NIieYugUxban,"Chilean copper giant Codelco is seeing strong demand for the red metal from China in the second quarter, the firm's chairman told Reuters on Thursday.",2016
1 hour ago,"Argentine peso slides after FX controls eased, bonds jump",Reuters,https://www.reuters.com/markets/currencies/wall-st-expects-argentina-market-boost-imf-deal-big-shift-fx-controls-2025-04-14/&ved=2ahUKEwiZ_M7u7NeMAxVKlFYBHTttJNUQxfQBegQIAxAC&usg=AOvVaw2wplfxFFCCPRQeCUFssqGt,The Argentine peso slid around 9% on Monday morning while bonds gained after Buenos Aires sealed a $20 billion loan program with the International Monetary...,2016
1 hour ago,"Argentine peso slides after FX controls eased, bonds jump",Reuters,https://www.reuters.com/markets/currencies/wall-st-expects-argentina-market-boost-imf-deal-big-shift-fx-controls-2025-04-14/&ved=2ahUKEwjJieXt7NeMAxUWs1YBHUngBj4QxfQBegQIBBAC&usg=AOvVaw1vbDWSe7hP82DSnCiloeOs,The Argentine peso slid around 9% on Monday morning while bonds gained after Buenos Aires sealed a $20 billion loan program with the International Monetary...,2016
3 hours ago,"‘No lettuce, no Big Mac’: why Beth Hart is steering McDonald’s towards regenerative agriculture",Reuters,https://www.reuters.com/sustainability/land-use-biodiversity/no-lettuce-no-big-mac-why-beth-hart-is-steering-mcdonalds-towards-regenerative-2025-04-14/&ved=2ahUKEwiZ_M7u7NeMAxVKlFYBHTttJNUQxfQBegQIChAC&usg=AOvVaw26OmICRO1KjEkevl3o4HFk,"In August 2020, when McDonald's announced an initiative with farmers in Nebraska to improve soil health, techniques like cover cropping and reduced tillage...",2016
3 hours ago,"‘No lettuce, no Big Mac’: why Beth Hart is steering McDonald’s towards regenerative agriculture",Reuters,https://www.reuters.com/sustainability/land-use-biodiversity/no-lettuce-no-big-mac-why-beth-hart-is-steering-mcdonalds-towards-regenerative-2025-04-14/&ved=2ahUKEwjJieXt7NeMAxUWs1YBHUngBj4QxfQBegQIChAC&usg=AOvVaw1_d-Rp_4jvPpWfiEkrcID-,"In August 2020, when McDonald's announced an initiative with farmers in Nebraska to improve soil health, techniques like cover cropping and reduced tillage...",2016
4 hours ago,Patient corn bulls emerge victorious post tariff onslaught,Reuters,https://www.reuters.com/markets/commodities/patient-corn-bulls-emerge-victorious-post-tariff-onslaught-braun-2025-04-13/&ved=2ahUKEwiZ_M7u7NeMAxVKlFYBHTttJNUQxfQBegQIARAC&usg=AOvVaw2AIIBmF_dpX-nUYZ8YaCS1,"After building immensely bullish bets, speculators in late February rode out Chicago corn's worst downturn in over a year as the United States prepared to...",2016
4 hours ago,Patient corn bulls emerge victorious post tariff onslaught,Reuters,https://www.reuters.com/markets/commodities/patient-corn-bulls-emerge-victorious-post-tariff-onslaught-braun-2025-04-13/&ved=2ahUKEwjJieXt7NeMAxUWs1YBHUngBj4QxfQBegQIBxAC&usg=AOvVaw1bzb2O6Q3vAJaLuyxoFWTQ,"After building immensely bullish bets, speculators in late February rode out Chicago corn's worst downturn in over a year as the United States prepared to...",2016
5 hours ago,Holcim spin-off of North American business planned for June,Reuters,https://www.reuters.com/business/holcim-spin-off-north-american-business-planned-june-2025-04-14/&ved=2ahUKEwiZ_M7u7NeMAxVKlFYBHTttJNUQxfQBegQIBxAC&usg=AOvVaw2GxopZR-UAxWXs0ogjk-xg,"The planned spin-off of Holcim's North American business should take place in June, subject to the approval of shareholders at its May 14 annual general...",2016
5 hours ago,Holcim spin-off of North American business planned for June,Reuters,https://www.reuters.com/business/holcim-spin-off-north-american-business-planned-june-2025-04-14/&ved=2ahUKEwjJieXt7NeMAxUWs1YBHUngBj4QxfQBegQIAxAC&usg=AOvVaw2rs2Vxnu7HHu17D8cPD1wg,"The planned spin-off of Holcim's North American business should take place in June, subject to the approval of shareholders at its May 14 annual general...",2016
9 hours ago,Thailand says to discuss tariffs with United States on April 21,Reuters,https://www.reuters.com/markets/asia/thailand-says-discuss-tariffs-with-united-states-april-21-2025-04-14/&ved=2ahUKEwiZ_M7u7NeMAxVKlFYBHTttJNUQxfQBegQIAhAC&usg=AOvVaw3B6lDculjB9OnDQZr6LQa3,Thailand's finance and commerce ministers will lead a delegation to the United States to meet Trump administration officials and push for relief from...,2016
9 hours ago,Thailand says to discuss tariffs with United States on April 21,Reuters,https://www.reuters.com/markets/asia/thailand-says-discuss-tariffs-with-united-states-april-21-2025-04-14/&ved=2ahUKEwjJieXt7NeMAxUWs1YBHUngBj4QxfQBegQICBAC&usg=AOvVaw1TrYfGV6t83fj6TKASdjac,Thailand's finance and commerce ministers will lead a delegation to the United States to meet Trump administration officials and push for relief from...,2016
2 days ago,Estonian navy detains Russia-bound oil tanker in Baltic Sea,Reuters,https://www.reuters.com/world/europe/estonian-navy-detains-boards-russia-bound-oil-tanker-baltic-sea-2025-04-11/&ved=2ahUKEwiZ_M7u7NeMAxVKlFYBHTttJNUQxfQBegQICRAC&usg=AOvVaw2Rvndtgx1nSURHc2JbgSrh,"The Estonian navy detained and boarded a Russia-bound oil tanker on an EU sanctions list on Friday, accusing it of sailing illegally without a valid country...",2016
2 days ago,"Argentina soy, once parched, now has too much rain",Reuters,https://www.reuters.com/sustainability/land-use-biodiversity/argentina-soy-once-parched-now-has-too-much-rain-2025-04-11/&ved=2ahUKEwiZ_M7u7NeMAxVKlFYBHTttJNUQxfQBegQICBAC&usg=AOvVaw1-Nap9T4VCHSOqqinjCYyc,"Drenched Argentine fields due to heavy rains in the country's farm heartland are raising fears of soybean losses and delayed sales of the 2024/25 crop,...",2016
2 days ago,Argentina and the IMF: a troubled history,Reuters,https://www.reuters.com/world/americas/argentina-imf-troubled-history-2025-04-12/&ved=2ahUKEwiZ_M7u7NeMAxVKlFYBHTttJNUQxfQBegQIBBAC&usg=AOvVaw0oi2zVfqdVI3Z-L1hJwpSH,"Argentina is already the IMF's largest debtor, by far, and the recipient of the most IMF bailouts in history since it joined in September 1956.",2016
2 days ago,"Magnitude 5.95 earthquake strikes Papua New Guinea's New Britain region, GFZ says",Reuters,https://www.reuters.com/business/environment/magnitude-595-earthquake-strikes-papua-new-guineas-new-britain-region-gfz-says-2025-04-12/&ved=2ahUKEwiZ_M7u7NeMAxVKlFYBHTttJNUQxfQBegQIBhAC&usg=AOvVaw2lmllj7rnmjxxJ0-C1pNum,,2016
2 days ago,Estonian navy detains Russia-bound oil tanker in Baltic Sea,Reuters,https://www.reuters.com/world/europe/estonian-navy-detains-boards-russia-bound-oil-tanker-baltic-sea-2025-04-11/&ved=2ahUKEwjJieXt7NeMAxUWs1YBHUngBj4QxfQBegQICRAC&usg=AOvVaw38FbbuHrb8qwPdbtddLZqE,"The Estonian navy detained and boarded a Russia-bound oil tanker on an EU sanctions list on Friday, accusing it of sailing illegally without a valid country...",2016
2 days ago,"Argentina soy, once parched, now has too much rain",Reuters,https://www.reuters.com/sustainability/land-use-biodiversity/argentina-soy-once-parched-now-has-too-much-rain-2025-04-11/&ved=2ahUKEwjJieXt7NeMAxUWs1YBHUngBj4QxfQBegQIAhAC&usg=AOvVaw3R8xC3XDgXSSnJRwpT75DA,"Drenched Argentine fields due to heavy rains in the country's farm heartland are raising fears of soybean losses and delayed sales of the 2024/25 crop,...",2016
2 days ago,Argentina and the IMF: a troubled history,Reuters,https://www.reuters.com/world/americas/argentina-imf-troubled-history-2025-04-12/&ved=2ahUKEwjJieXt7NeMAxUWs1YBHUngBj4QxfQBegQIBhAC&usg=AOvVaw2CLaQ8c-6IPCVhY8qeOF2j,"Argentina is already the IMF's largest debtor, by far, and the recipient of the most IMF bailouts in history since it joined in September 1956.",2016
2 days ago,"Magnitude 5.95 earthquake strikes Papua New Guinea's New Britain region, GFZ says",Reuters,https://www.reuters.com/business/environment/magnitude-595-earthquake-strikes-papua-new-guineas-new-britain-region-gfz-says-2025-04-12/&ved=2ahUKEwjJieXt7NeMAxUWs1YBHUngBj4QxfQBegQIBRAC&usg=AOvVaw3kqdiFSdrsO3DMgA9WOzP2,,2016
3 days ago,Relief for Spain's feed makers as EU delays tariff on US corn,Reuters,https://www.reuters.com/markets/commodities/relief-spains-feed-makers-eu-delays-tariff-us-corn-2025-04-10/&ved=2ahUKEwjwibfv7NeMAxV96DQHHaVHLJo4ChDF9AF6BAgGEAI&usg=AOvVaw3QNJu8XihKRxmDreDY_7M8,"A delay to EU tariffs against U.S. goods has brought respite for Spain's livestock feed sector that has heavily bought U.S. corn this season,...",2016
3 days ago,US consumer inflation eases ahead of tariffs,Reuters,https://www.reuters.com/markets/us/us-consumer-prices-unexpectedly-fall-march-2025-04-10/&ved=2ahUKEwjwibfv7NeMAxV96DQHHaVHLJo4ChDF9AF6BAgCEAI&usg=AOvVaw2SS_EwEeJZavJ4iFLB60Nb,The first monthly decline in prices in nearly five years also suggested softening demand amid recession fears and led markets to anticipate Fed could cut...,2016
3 days ago,Argentine workers launch widespread 24-hour strike against Milei's austerity measures,Reuters,https://www.reuters.com/sustainability/sustainable-finance-reporting/argentine-workers-launch-widespread-24-hour-strike-against-mileis-austerity-2025-04-10/&ved=2ahUKEwjwibfv7NeMAxV96DQHHaVHLJo4ChDF9AF6BAgDEAI&usg=AOvVaw3NjDtJdtO7I_jxRsKyCThe,"Argentina's largest workers' unions kicked off a massive 24-hour strike on Thursday, bringing trains, planes and ports to a halt as they protested against...",2016
3 days ago,"From Daikin to Samsung, companies fight Modi over e-waste policy",Reuters,https://www.reuters.com/world/india/daikin-samsung-companies-fight-modi-over-e-waste-policy-2025-04-11/&ved=2ahUKEwjwibfv7NeMAxV96DQHHaVHLJo4ChDF9AF6BAgBEAI&usg=AOvVaw157osBOQdDp9jCDpwlrNOX,India wants to tackle its mounting e-waste problem. Global electronics companies say the cost is too high.,2016
3 days ago,Take Five: Riders on the storm,Reuters,https://www.reuters.com/business/take-five/global-markets-themes-graphic-2025-04-11/&ved=2ahUKEwjwibfv7NeMAxV96DQHHaVHLJo4ChDF9AF6BAgHEAI&usg=AOvVaw2v-bhaIkHJUbU1b_B6VR1c,"The global trade war might have been reduced to a battle between Beijing and Washington for now, but a bruising week for markets has left policymakers at...",2016
3 days ago,"ECB ready to deploy its instruments to maintain financial stability, Lagarde says",Reuters,https://www.reuters.com/business/finance/ecb-ready-deploy-its-instruments-maintain-financial-stability-lagarde-says-2025-04-11/&ved=2ahUKEwjwibfv7NeMAxV96DQHHaVHLJo4ChDF9AF6BAgEEAI&usg=AOvVaw0XLIw829HOeIe2uoyrLbXX,The European Central Bank is ready to deploy its instruments to maintain financial stability and has a solid track record in devising new tools when...,2016
3 days ago,CBOT corn rally more than justified by US supply cuts,Reuters,https://www.reuters.com/markets/commodities/cbot-corn-rally-more-than-justified-by-us-supply-cuts-braun-2025-04-10/&ved=2ahUKEwjwibfv7NeMAxV96DQHHaVHLJo4ChDF9AF6BAgKEAI&usg=AOvVaw1c0dzRd-L6bIJupdrGqna1,"Chicago corn futures have shot nearly 5% higher so far this week despite gratuitous geopolitical uncertainties, especially when it comes to the United...",2016
3 days ago,Mercedes to end engagement in small vans segment,Reuters,https://www.reuters.com/business/autos-transportation/mercedes-discontinue-citan-t-class-models-automobilwoche-reports-2025-04-11/&ved=2ahUKEwjwibfv7NeMAxV96DQHHaVHLJo4ChDF9AF6BAgJEAI&usg=AOvVaw1VpMLj6qyoJi7LcvgyvmSy,"Mercedes-Benz said on Friday it is shifting focus towards midsize and large vans and ending engagement in the smaller category, after the Automobilwoche...",2016
3 days ago,"Thailand will cut tariffs on US corn imports, minister says",Reuters,https://www.reuters.com/markets/commodities/thailand-will-cut-tariffs-us-corn-imports-minister-says-2025-04-11/&ved=2ahUKEwiZ_M7u7NeMAxVKlFYBHTttJNUQxfQBegQIBRAC&usg=AOvVaw3vy9Hrmql3Pv8ec7Gu-4sC,"Thailand will cut tariffs on imports of corn from the United States, but volumes still need to be finalised, the finance minister said on Friday.",2016
3 days ago,"Thailand will cut tariffs on US corn imports, minister says",Reuters,https://www.reuters.com/markets/commodities/thailand-will-cut-tariffs-us-corn-imports-minister-says-2025-04-11/&ved=2ahUKEwjJieXt7NeMAxUWs1YBHUngBj4QxfQBegQIARAC&usg=AOvVaw2rvGxFHZ0j7gfcaHPp6x2Q,"Thailand will cut tariffs on imports of corn from the United States, but volumes still need to be finalised, the finance minister said on Friday.",2016
4 days ago,"Rhine shipping costs in Germany rise as river level falls, but rain forecast",Reuters,https://www.reuters.com/business/autos-transportation/rhine-shipping-costs-germany-rise-river-level-falls-rain-forecast-2025-04-10/&ved=2ahUKEwjwibfv7NeMAxV96DQHHaVHLJo4ChDF9AF6BAgIEAI&usg=AOvVaw3ZTSBBf8D_Zz_9rySetmrl,"Freight shipping costs on the Rhine river in Germany surged this week as water levels fell further, compelling vessels to sail less than half full,...",2016
4 days ago,"Chilean miner Codelco logging strong Q2 demand from China, chairman says",Reuters,https://www.reuters.com/markets/commodities/chilean-miner-codelco-logging-strong-q2-demand-china-chairman-says-2025-04-10/&ved=2ahUKEwjwibfv7NeMAxV96DQHHaVHLJo4ChDF9AF6BAgFEAI&usg=AOvVaw3SN1RtAVk_NIieYugUxban,"Chilean copper giant Codelco is seeing strong demand for the red metal from China in the second quarter, the firm's chairman told Reuters on Thursday.",2016
1 hour ago,"Argentine peso slides after FX controls eased, bonds jump",Reuters,https://www.reuters.com/markets/currencies/wall-st-expects-argentina-market-boost-imf-deal-big-shift-fx-controls-2025-04-14/&ved=2ahUKEwiVgqLy7NeMAxWDrVYBHUdZAjMQxfQBegQIBhAC&usg=AOvVaw1vNBK6xSg2RwrubIsiwyVH,The Argentine peso slid around 9% on Monday morning while bonds gained after Buenos Aires sealed a $20 billion loan program with the International Monetary...,2017
1 hour ago,"Argentine peso slides after FX controls eased, bonds jump",Reuters,https://www.reuters.com/markets/currencies/wall-st-expects-argentina-market-boost-imf-deal-big-shift-fx-controls-2025-04-14/&ved=2ahUKEwjOuLDx7NeMAxUKgVYBHZpSKzcQxfQBegQIBhAC&usg=AOvVaw2tNah0vwgepaV2K7TMB3-f,The Argentine peso slid around 9% on Monday morning while bonds gained after Buenos Aires sealed a $20 billion loan program with the International Monetary...,2017
3 hours ago,"‘No lettuce, no Big Mac’: why Beth Hart is steering McDonald’s towards regenerative agriculture",Reuters,https://www.reuters.com/sustainability/land-use-biodiversity/no-lettuce-no-big-mac-why-beth-hart-is-steering-mcdonalds-towards-regenerative-2025-04-14/&ved=2ahUKEwiVgqLy7NeMAxWDrVYBHUdZAjMQxfQBegQIChAC&usg=AOvVaw1_YJhgHy4_UxhIFKXRmrcf,"In August 2020, when McDonald's announced an initiative with farmers in Nebraska to improve soil health, techniques like cover cropping and reduced tillage...",2017
3 hours ago,"‘No lettuce, no Big Mac’: why Beth Hart is steering McDonald’s towards regenerative agriculture",Reuters,https://www.reuters.com/sustainability/land-use-biodiversity/no-lettuce-no-big-mac-why-beth-hart-is-steering-mcdonalds-towards-regenerative-2025-04-14/&ved=2ahUKEwjOuLDx7NeMAxUKgVYBHZpSKzcQxfQBegQIChAC&usg=AOvVaw3J4vQZmt4UVcqcjobBMvSL,"In August 2020, when McDonald's announced an initiative with farmers in Nebraska to improve soil health, techniques like cover cropping and reduced tillage...",2017
4 hours ago,Patient corn bulls emerge victorious post tariff onslaught,Reuters,https://www.reuters.com/markets/commodities/patient-corn-bulls-emerge-victorious-post-tariff-onslaught-braun-2025-04-13/&ved=2ahUKEwiVgqLy7NeMAxWDrVYBHUdZAjMQxfQBegQIBBAC&usg=AOvVaw1wtdw_X9LQPw7L1AUI9GQl,"After building immensely bullish bets, speculators in late February rode out Chicago corn's worst downturn in over a year as the United States prepared to...",2017
4 hours ago,Patient corn bulls emerge victorious post tariff onslaught,Reuters,https://www.reuters.com/markets/commodities/patient-corn-bulls-emerge-victorious-post-tariff-onslaught-braun-2025-04-13/&ved=2ahUKEwjOuLDx7NeMAxUKgVYBHZpSKzcQxfQBegQIBxAC&usg=AOvVaw2ygnDyn3a8yCA7MutBh3Tm,"After building immensely bullish bets, speculators in late February rode out Chicago corn's worst downturn in over a year as the United States prepared to...",2017
5 hours ago,Holcim spin-off of North American business planned for June,Reuters,https://www.reuters.com/business/holcim-spin-off-north-american-business-planned-june-2025-04-14/&ved=2ahUKEwiVgqLy7NeMAxWDrVYBHUdZAjMQxfQBegQIARAC&usg=AOvVaw3jVUfrvD1vrd_02yv3N6Le,"The planned spin-off of Holcim's North American business should take place in June, subject to the approval of shareholders at its May 14 annual general...",2017
5 hours ago,Holcim spin-off of North American business planned for June,Reuters,https://www.reuters.com/business/holcim-spin-off-north-american-business-planned-june-2025-04-14/&ved=2ahUKEwjOuLDx7NeMAxUKgVYBHZpSKzcQxfQBegQIBRAC&usg=AOvVaw2JEYA880Uyf892Lb3MbOB3,"The planned spin-off of Holcim's North American business should take place in June, subject to the approval of shareholders at its May 14 annual general...",2017
9 hours ago,Thailand says to discuss tariffs with United States on April 21,Reuters,https://www.reuters.com/markets/asia/thailand-says-discuss-tariffs-with-united-states-april-21-2025-04-14/&ved=2ahUKEwiVgqLy7NeMAxWDrVYBHUdZAjMQxfQBegQIAxAC&usg=AOvVaw1jo9KC6t5X5KJLpk43FumL,Thailand's finance and commerce ministers will lead a delegation to the United States to meet Trump administration officials and push for relief from...,2017
9 hours ago,Thailand says to discuss tariffs with United States on April 21,Reuters,https://www.reuters.com/markets/asia/thailand-says-discuss-tariffs-with-united-states-april-21-2025-04-14/&ved=2ahUKEwjOuLDx7NeMAxUKgVYBHZpSKzcQxfQBegQIBBAC&usg=AOvVaw1yDhR-08SzTZw9AK7FVRAB,Thailand's finance and commerce ministers will lead a delegation to the United States to meet Trump administration officials and push for relief from...,2017
2 days ago,Estonian navy detains Russia-bound oil tanker in Baltic Sea,Reuters,https://www.reuters.com/world/europe/estonian-navy-detains-boards-russia-bound-oil-tanker-baltic-sea-2025-04-11/&ved=2ahUKEwiVgqLy7NeMAxWDrVYBHUdZAjMQxfQBegQIBRAC&usg=AOvVaw11HtvkenK4AVn4FVfVaZfV,"The Estonian navy detained and boarded a Russia-bound oil tanker on an EU sanctions list on Friday, accusing it of sailing illegally without a valid country...",2017
2 days ago,"Argentina soy, once parched, now has too much rain",Reuters,https://www.reuters.com/sustainability/land-use-biodiversity/argentina-soy-once-parched-now-has-too-much-rain-2025-04-11/&ved=2ahUKEwiVgqLy7NeMAxWDrVYBHUdZAjMQxfQBegQIAhAC&usg=AOvVaw1FeUzMxAxpS3XX-EEfJ5am,"Drenched Argentine fields due to heavy rains in the country's farm heartland are raising fears of soybean losses and delayed sales of the 2024/25 crop,...",2017
2 days ago,Argentina and the IMF: a troubled history,Reuters,https://www.reuters.com/world/americas/argentina-imf-troubled-history-2025-04-12/&ved=2ahUKEwiVgqLy7NeMAxWDrVYBHUdZAjMQxfQBegQICRAC&usg=AOvVaw2KJq3kqtvli4ylr7pXalo4,"Argentina is already the IMF's largest debtor, by far, and the recipient of the most IMF bailouts in history since it joined in September 1956.",2017
2 days ago,"Magnitude 5.95 earthquake strikes Papua New Guinea's New Britain region, GFZ says",Reuters,https://www.reuters.com/business/environment/magnitude-595-earthquake-strikes-papua-new-guineas-new-britain-region-gfz-says-2025-04-12/&ved=2ahUKEwiVgqLy7NeMAxWDrVYBHUdZAjMQxfQBegQICBAC&usg=AOvVaw2QTZtV8Gt8mFdScD6akBSp,,2017
2 days ago,Estonian navy detains Russia-bound oil tanker in Baltic Sea,Reuters,https://www.reuters.com/world/europe/estonian-navy-detains-boards-russia-bound-oil-tanker-baltic-sea-2025-04-11/&ved=2ahUKEwjOuLDx7NeMAxUKgVYBHZpSKzcQxfQBegQIAxAC&usg=AOvVaw36XNPb5fQ0zafikJEbhAKs,"The Estonian navy detained and boarded a Russia-bound oil tanker on an EU sanctions list on Friday, accusing it of sailing illegally without a valid country...",2017
2 days ago,"Argentina soy, once parched, now has too much rain",Reuters,https://www.reuters.com/sustainability/land-use-biodiversity/argentina-soy-once-parched-now-has-too-much-rain-2025-04-11/&ved=2ahUKEwjOuLDx7NeMAxUKgVYBHZpSKzcQxfQBegQIAhAC&usg=AOvVaw2s_ib3ltbu6adPnRBifOIU,"Drenched Argentine fields due to heavy rains in the country's farm heartland are raising fears of soybean losses and delayed sales of the 2024/25 crop,...",2017
2 days ago,Argentina and the IMF: a troubled history,Reuters,https://www.reuters.com/world/americas/argentina-imf-troubled-history-2025-04-12/&ved=2ahUKEwjOuLDx7NeMAxUKgVYBHZpSKzcQxfQBegQICRAC&usg=AOvVaw0xeBQbgfbizBzHR-W3wk4S,"Argentina is already the IMF's largest debtor, by far, and the recipient of the most IMF bailouts in history since it joined in September 1956.",2017
2 days ago,"Magnitude 5.95 earthquake strikes Papua New Guinea's New Britain region, GFZ says",Reuters,https://www.reuters.com/business/environment/magnitude-595-earthquake-strikes-papua-new-guineas-new-britain-region-gfz-says-2025-04-12/&ved=2ahUKEwjOuLDx7NeMAxUKgVYBHZpSKzcQxfQBegQIARAC&usg=AOvVaw1nWHKG0bJgIby-NdNwhcC6,,2017
3 days ago,Relief for Spain's feed makers as EU delays tariff on US corn,Reuters,https://www.reuters.com/markets/commodities/relief-spains-feed-makers-eu-delays-tariff-us-corn-2025-04-10/&ved=2ahUKEwiG04Lz7NeMAxXEsVYBHQjDEpU4ChDF9AF6BAgHEAI&usg=AOvVaw0bBCW1XJ61d96xXfLJv9LC,"A delay to EU tariffs against U.S. goods has brought respite for Spain's livestock feed sector that has heavily bought U.S. corn this season,...",2017
3 days ago,US consumer inflation eases ahead of tariffs,Reuters,https://www.reuters.com/markets/us/us-consumer-prices-unexpectedly-fall-march-2025-04-10/&ved=2ahUKEwiG04Lz7NeMAxXEsVYBHQjDEpU4ChDF9AF6BAgDEAI&usg=AOvVaw36OxuMrmHOOKfD2S_ZD5i-,The first monthly decline in prices in nearly five years also suggested softening demand amid recession fears and led markets to anticipate Fed could cut...,2017
3 days ago,Argentine workers launch widespread 24-hour strike against Milei's austerity measures,Reuters,https://www.reuters.com/sustainability/sustainable-finance-reporting/argentine-workers-launch-widespread-24-hour-strike-against-mileis-austerity-2025-04-10/&ved=2ahUKEwiG04Lz7NeMAxXEsVYBHQjDEpU4ChDF9AF6BAgFEAI&usg=AOvVaw0XDkU6Y16ZCmwsL0kb3OJ_,"Argentina's largest workers' unions kicked off a massive 24-hour strike on Thursday, bringing trains, planes and ports to a halt as they protested against...",2017
3 days ago,"From Daikin to Samsung, companies fight Modi over e-waste policy",Reuters,https://www.reuters.com/world/india/daikin-samsung-companies-fight-modi-over-e-waste-policy-2025-04-11/&ved=2ahUKEwiG04Lz7NeMAxXEsVYBHQjDEpU4ChDF9AF6BAgEEAI&usg=AOvVaw2ys3CYURNpDP90Z61FRImW,India wants to tackle its mounting e-waste problem. Global electronics companies say the cost is too high.,2017
3 days ago,Take Five: Riders on the storm,Reuters,https://www.reuters.com/business/take-five/global-markets-themes-graphic-2025-04-11/&ved=2ahUKEwiG04Lz7NeMAxXEsVYBHQjDEpU4ChDF9AF6BAgGEAI&usg=AOvVaw1nbdeVQvJSCX8BW_YO0x-J,"The global trade war might have been reduced to a battle between Beijing and Washington for now, but a bruising week for markets has left policymakers at...",2017
3 days ago,"ECB ready to deploy its instruments to maintain financial stability, Lagarde says",Reuters,https://www.reuters.com/business/finance/ecb-ready-deploy-its-instruments-maintain-financial-stability-lagarde-says-2025-04-11/&ved=2ahUKEwiG04Lz7NeMAxXEsVYBHQjDEpU4ChDF9AF6BAgJEAI&usg=AOvVaw2HjrzDwXSHDuMen4uVoHh4,The European Central Bank is ready to deploy its instruments to maintain financial stability and has a solid track record in devising new tools when...,2017
3 days ago,CBOT corn rally more than justified by US supply cuts,Reuters,https://www.reuters.com/markets/commodities/cbot-corn-rally-more-than-justified-by-us-supply-cuts-braun-2025-04-10/&ved=2ahUKEwiG04Lz7NeMAxXEsVYBHQjDEpU4ChDF9AF6BAgKEAI&usg=AOvVaw0wJwEi4BNmKueBPIpEpPRy,"Chicago corn futures have shot nearly 5% higher so far this week despite gratuitous geopolitical uncertainties, especially when it comes to the United...",2017
3 days ago,Mercedes to end engagement in small vans segment,Reuters,https://www.reuters.com/business/autos-transportation/mercedes-discontinue-citan-t-class-models-automobilwoche-reports-2025-04-11/&ved=2ahUKEwiG04Lz7NeMAxXEsVYBHQjDEpU4ChDF9AF6BAgIEAI&usg=AOvVaw0fwG4TQy1i0RtIKlABG5Ao,"Mercedes-Benz said on Friday it is shifting focus towards midsize and large vans and ending engagement in the smaller category, after the Automobilwoche...",2017
3 days ago,"Thailand will cut tariffs on US corn imports, minister says",Reuters,https://www.reuters.com/markets/commodities/thailand-will-cut-tariffs-us-corn-imports-minister-says-2025-04-11/&ved=2ahUKEwiVgqLy7NeMAxWDrVYBHUdZAjMQxfQBegQIBxAC&usg=AOvVaw32Hu8jVA7cgc0e57P-VLLN,"Thailand will cut tariffs on imports of corn from the United States, but volumes still need to be finalised, the finance minister said on Friday.",2017
3 days ago,"Thailand will cut tariffs on US corn imports, minister says",Reuters,https://www.reuters.com/markets/commodities/thailand-will-cut-tariffs-us-corn-imports-minister-says-2025-04-11/&ved=2ahUKEwjOuLDx7NeMAxUKgVYBHZpSKzcQxfQBegQICBAC&usg=AOvVaw2EG6C9Huo97LTIDAyElFgy,"Thailand will cut tariffs on imports of corn from the United States, but volumes still need to be finalised, the finance minister said on Friday.",2017
4 days ago,"Rhine shipping costs in Germany rise as river level falls, but rain forecast",Reuters,https://www.reuters.com/business/autos-transportation/rhine-shipping-costs-germany-rise-river-level-falls-rain-forecast-2025-04-10/&ved=2ahUKEwiG04Lz7NeMAxXEsVYBHQjDEpU4ChDF9AF6BAgCEAI&usg=AOvVaw1t3LSoO0xXCC04PRIx5lT2,"Freight shipping costs on the Rhine river in Germany surged this week as water levels fell further, compelling vessels to sail less than half full,...",2017
4 days ago,"Chilean miner Codelco logging strong Q2 demand from China, chairman says",Reuters,https://www.reuters.com/markets/commodities/chilean-miner-codelco-logging-strong-q2-demand-china-chairman-says-2025-04-10/&ved=2ahUKEwiG04Lz7NeMAxXEsVYBHQjDEpU4ChDF9AF6BAgBEAI&usg=AOvVaw1VRY-dNT2IgDlSvRfRfEOt,"Chilean copper giant Codelco is seeing strong demand for the red metal from China in the second quarter, the firm's chairman told Reuters on Thursday.",2017
1 hour ago,"Argentine peso slides after FX controls eased, bonds jump",Reuters,https://www.reuters.com/markets/currencies/wall-st-expects-argentina-market-boost-imf-deal-big-shift-fx-controls-2025-04-14/&ved=2ahUKEwiVgqLy7NeMAxWDrVYBHUdZAjMQxfQBegQIBhAC&usg=AOvVaw1vNBK6xSg2RwrubIsiwyVH,The Argentine peso slid around 9% on Monday morning while bonds gained after Buenos Aires sealed a $20 billion loan program with the International Monetary...,2017
1 hour ago,"Argentine peso slides after FX controls eased, bonds jump",Reuters,https://www.reuters.com/markets/currencies/wall-st-expects-argentina-market-boost-imf-deal-big-shift-fx-controls-2025-04-14/&ved=2ahUKEwjOuLDx7NeMAxUKgVYBHZpSKzcQxfQBegQIBhAC&usg=AOvVaw2tNah0vwgepaV2K7TMB3-f,The Argentine peso slid around 9% on Monday morning while bonds gained after Buenos Aires sealed a $20 billion loan program with the International Monetary...,2017
3 hours ago,"‘No lettuce, no Big Mac’: why Beth Hart is steering McDonald’s towards regenerative agriculture",Reuters,https://www.reuters.com/sustainability/land-use-biodiversity/no-lettuce-no-big-mac-why-beth-hart-is-steering-mcdonalds-towards-regenerative-2025-04-14/&ved=2ahUKEwiVgqLy7NeMAxWDrVYBHUdZAjMQxfQBegQIChAC&usg=AOvVaw1_YJhgHy4_UxhIFKXRmrcf,"In August 2020, when McDonald's announced an initiative with farmers in Nebraska to improve soil health, techniques like cover cropping and reduced tillage...",2017
3 hours ago,"‘No lettuce, no Big Mac’: why Beth Hart is steering McDonald’s towards regenerative agriculture",Reuters,https://www.reuters.com/sustainability/land-use-biodiversity/no-lettuce-no-big-mac-why-beth-hart-is-steering-mcdonalds-towards-regenerative-2025-04-14/&ved=2ahUKEwjOuLDx7NeMAxUKgVYBHZpSKzcQxfQBegQIChAC&usg=AOvVaw3J4vQZmt4UVcqcjobBMvSL,"In August 2020, when McDonald's announced an initiative with farmers in Nebraska to improve soil health, techniques like cover cropping and reduced tillage...",2017
4 hours ago,Patient corn bulls emerge victorious post tariff onslaught,Reuters,https://www.reuters.com/markets/commodities/patient-corn-bulls-emerge-victorious-post-tariff-onslaught-braun-2025-04-13/&ved=2ahUKEwiVgqLy7NeMAxWDrVYBHUdZAjMQxfQBegQIBBAC&usg=AOvVaw1wtdw_X9LQPw7L1AUI9GQl,"After building immensely bullish bets, speculators in late February rode out Chicago corn's worst downturn in over a year as the United States prepared to...",2017
4 hours ago,Patient corn bulls emerge victorious post tariff onslaught,Reuters,https://www.reuters.com/markets/commodities/patient-corn-bulls-emerge-victorious-post-tariff-onslaught-braun-2025-04-13/&ved=2ahUKEwjOuLDx7NeMAxUKgVYBHZpSKzcQxfQBegQIBxAC&usg=AOvVaw2ygnDyn3a8yCA7MutBh3Tm,"After building immensely bullish bets, speculators in late February rode out Chicago corn's worst downturn in over a year as the United States prepared to...",2017
5 hours ago,Holcim spin-off of North American business planned for June,Reuters,https://www.reuters.com/business/holcim-spin-off-north-american-business-planned-june-2025-04-14/&ved=2ahUKEwiVgqLy7NeMAxWDrVYBHUdZAjMQxfQBegQIARAC&usg=AOvVaw3jVUfrvD1vrd_02yv3N6Le,"The planned spin-off of Holcim's North American business should take place in June, subject to the approval of shareholders at its May 14 annual general...",2017
5 hours ago,Holcim spin-off of North American business planned for June,Reuters,https://www.reuters.com/business/holcim-spin-off-north-american-business-planned-june-2025-04-14/&ved=2ahUKEwjOuLDx7NeMAxUKgVYBHZpSKzcQxfQBegQIBRAC&usg=AOvVaw2JEYA880Uyf892Lb3MbOB3,"The planned spin-off of Holcim's North American business should take place in June, subject to the approval of shareholders at its May 14 annual general...",2017
9 hours ago,Thailand says to discuss tariffs with United States on April 21,Reuters,https://www.reuters.com/markets/asia/thailand-says-discuss-tariffs-with-united-states-april-21-2025-04-14/&ved=2ahUKEwiVgqLy7NeMAxWDrVYBHUdZAjMQxfQBegQIAxAC&usg=AOvVaw1jo9KC6t5X5KJLpk43FumL,Thailand's finance and commerce ministers will lead a delegation to the United States to meet Trump administration officials and push for relief from...,2017
9 hours ago,Thailand says to discuss tariffs with United States on April 21,Reuters,https://www.reuters.com/markets/asia/thailand-says-discuss-tariffs-with-united-states-april-21-2025-04-14/&ved=2ahUKEwjOuLDx7NeMAxUKgVYBHZpSKzcQxfQBegQIBBAC&usg=AOvVaw1yDhR-08SzTZw9AK7FVRAB,Thailand's finance and commerce ministers will lead a delegation to the United States to meet Trump administration officials and push for relief from...,2017
2 days ago,Estonian navy detains Russia-bound oil tanker in Baltic Sea,Reuters,https://www.reuters.com/world/europe/estonian-navy-detains-boards-russia-bound-oil-tanker-baltic-sea-2025-04-11/&ved=2ahUKEwiVgqLy7NeMAxWDrVYBHUdZAjMQxfQBegQIBRAC&usg=AOvVaw11HtvkenK4AVn4FVfVaZfV,"The Estonian navy detained and boarded a Russia-bound oil tanker on an EU sanctions list on Friday, accusing it of sailing illegally without a valid country...",2017
2 days ago,"Argentina soy, once parched, now has too much rain",Reuters,https://www.reuters.com/sustainability/land-use-biodiversity/argentina-soy-once-parched-now-has-too-much-rain-2025-04-11/&ved=2ahUKEwiVgqLy7NeMAxWDrVYBHUdZAjMQxfQBegQIAhAC&usg=AOvVaw1FeUzMxAxpS3XX-EEfJ5am,"Drenched Argentine fields due to heavy rains in the country's farm heartland are raising fears of soybean losses and delayed sales of the 2024/25 crop,...",2017
2 days ago,Argentina and the IMF: a troubled history,Reuters,https://www.reuters.com/world/americas/argentina-imf-troubled-history-2025-04-12/&ved=2ahUKEwiVgqLy7NeMAxWDrVYBHUdZAjMQxfQBegQICRAC&usg=AOvVaw2KJq3kqtvli4ylr7pXalo4,"Argentina is already the IMF's largest debtor, by far, and the recipient of the most IMF bailouts in history since it joined in September 1956.",2017
2 days ago,"Magnitude 5.95 earthquake strikes Papua New Guinea's New Britain region, GFZ says",Reuters,https://www.reuters.com/business/environment/magnitude-595-earthquake-strikes-papua-new-guineas-new-britain-region-gfz-says-2025-04-12/&ved=2ahUKEwiVgqLy7NeMAxWDrVYBHUdZAjMQxfQBegQICBAC&usg=AOvVaw2QTZtV8Gt8mFdScD6akBSp,,2017
2 days ago,Estonian navy detains Russia-bound oil tanker in Baltic Sea,Reuters,https://www.reuters.com/world/europe/estonian-navy-detains-boards-russia-bound-oil-tanker-baltic-sea-2025-04-11/&ved=2ahUKEwjOuLDx7NeMAxUKgVYBHZpSKzcQxfQBegQIAxAC&usg=AOvVaw36XNPb5fQ0zafikJEbhAKs,"The Estonian navy detained and boarded a Russia-bound oil tanker on an EU sanctions list on Friday, accusing it of sailing illegally without a valid country...",2017
2 days ago,"Argentina soy, once parched, now has too much rain",Reuters,https://www.reuters.com/sustainability/land-use-biodiversity/argentina-soy-once-parched-now-has-too-much-rain-2025-04-11/&ved=2ahUKEwjOuLDx7NeMAxUKgVYBHZpSKzcQxfQBegQIAhAC&usg=AOvVaw2s_ib3ltbu6adPnRBifOIU,"Drenched Argentine fields due to heavy rains in the country's farm heartland are raising fears of soybean losses and delayed sales of the 2024/25 crop,...",2017
2 days ago,Argentina and the IMF: a troubled history,Reuters,https://www.reuters.com/world/americas/argentina-imf-troubled-history-2025-04-12/&ved=2ahUKEwjOuLDx7NeMAxUKgVYBHZpSKzcQxfQBegQICRAC&usg=AOvVaw0xeBQbgfbizBzHR-W3wk4S,"Argentina is already the IMF's largest debtor, by far, and the recipient of the most IMF bailouts in history since it joined in September 1956.",2017
2 days ago,"Magnitude 5.95 earthquake strikes Papua New Guinea's New Britain region, GFZ says",Reuters,https://www.reuters.com/business/environment/magnitude-595-earthquake-strikes-papua-new-guineas-new-britain-region-gfz-says-2025-04-12/&ved=2ahUKEwjOuLDx7NeMAxUKgVYBHZpSKzcQxfQBegQIARAC&usg=AOvVaw1nWHKG0bJgIby-NdNwhcC6,,2017
3 days ago,Relief for Spain's feed makers as EU delays tariff on US corn,Reuters,https://www.reuters.com/markets/commodities/relief-spains-feed-makers-eu-delays-tariff-us-corn-2025-04-10/&ved=2ahUKEwiG04Lz7NeMAxXEsVYBHQjDEpU4ChDF9AF6BAgHEAI&usg=AOvVaw0bBCW1XJ61d96xXfLJv9LC,"A delay to EU tariffs against U.S. goods has brought respite for Spain's livestock feed sector that has heavily bought U.S. corn this season,...",2017
3 days ago,US consumer inflation eases ahead of tariffs,Reuters,https://www.reuters.com/markets/us/us-consumer-prices-unexpectedly-fall-march-2025-04-10/&ved=2ahUKEwiG04Lz7NeMAxXEsVYBHQjDEpU4ChDF9AF6BAgDEAI&usg=AOvVaw36OxuMrmHOOKfD2S_ZD5i-,The first monthly decline in prices in nearly five years also suggested softening demand amid recession fears and led markets to anticipate Fed could cut...,2017
3 days ago,Argentine workers launch widespread 24-hour strike against Milei's austerity measures,Reuters,https://www.reuters.com/sustainability/sustainable-finance-reporting/argentine-workers-launch-widespread-24-hour-strike-against-mileis-austerity-2025-04-10/&ved=2ahUKEwiG04Lz7NeMAxXEsVYBHQjDEpU4ChDF9AF6BAgFEAI&usg=AOvVaw0XDkU6Y16ZCmwsL0kb3OJ_,"Argentina's largest workers' unions kicked off a massive 24-hour strike on Thursday, bringing trains, planes and ports to a halt as they protested against...",2017
3 days ago,"From Daikin to Samsung, companies fight Modi over e-waste policy",Reuters,https://www.reuters.com/world/india/daikin-samsung-companies-fight-modi-over-e-waste-policy-2025-04-11/&ved=2ahUKEwiG04Lz7NeMAxXEsVYBHQjDEpU4ChDF9AF6BAgEEAI&usg=AOvVaw2ys3CYURNpDP90Z61FRImW,India wants to tackle its mounting e-waste problem. Global electronics companies say the cost is too high.,2017
3 days ago,Take Five: Riders on the storm,Reuters,https://www.reuters.com/business/take-five/global-markets-themes-graphic-2025-04-11/&ved=2ahUKEwiG04Lz7NeMAxXEsVYBHQjDEpU4ChDF9AF6BAgGEAI&usg=AOvVaw1nbdeVQvJSCX8BW_YO0x-J,"The global trade war might have been reduced to a battle between Beijing and Washington for now, but a bruising week for markets has left policymakers at...",2017
3 days ago,"ECB ready to deploy its instruments to maintain financial stability, Lagarde says",Reuters,https://www.reuters.com/business/finance/ecb-ready-deploy-its-instruments-maintain-financial-stability-lagarde-says-2025-04-11/&ved=2ahUKEwiG04Lz7NeMAxXEsVYBHQjDEpU4ChDF9AF6BAgJEAI&usg=AOvVaw2HjrzDwXSHDuMen4uVoHh4,The European Central Bank is ready to deploy its instruments to maintain financial stability and has a solid track record in devising new tools when...,2017
3 days ago,CBOT corn rally more than justified by US supply cuts,Reuters,https://www.reuters.com/markets/commodities/cbot-corn-rally-more-than-justified-by-us-supply-cuts-braun-2025-04-10/&ved=2ahUKEwiG04Lz7NeMAxXEsVYBHQjDEpU4ChDF9AF6BAgKEAI&usg=AOvVaw0wJwEi4BNmKueBPIpEpPRy,"Chicago corn futures have shot nearly 5% higher so far this week despite gratuitous geopolitical uncertainties, especially when it comes to the United...",2017
3 days ago,Mercedes to end engagement in small vans segment,Reuters,https://www.reuters.com/business/autos-transportation/mercedes-discontinue-citan-t-class-models-automobilwoche-reports-2025-04-11/&ved=2ahUKEwiG04Lz7NeMAxXEsVYBHQjDEpU4ChDF9AF6BAgIEAI&usg=AOvVaw0fwG4TQy1i0RtIKlABG5Ao,"Mercedes-Benz said on Friday it is shifting focus towards midsize and large vans and ending engagement in the smaller category, after the Automobilwoche...",2017
3 days ago,"Thailand will cut tariffs on US corn imports, minister says",Reuters,https://www.reuters.com/markets/commodities/thailand-will-cut-tariffs-us-corn-imports-minister-says-2025-04-11/&ved=2ahUKEwiVgqLy7NeMAxWDrVYBHUdZAjMQxfQBegQIBxAC&usg=AOvVaw32Hu8jVA7cgc0e57P-VLLN,"Thailand will cut tariffs on imports of corn from the United States, but volumes still need to be finalised, the finance minister said on Friday.",2017
3 days ago,"Thailand will cut tariffs on US corn imports, minister says",Reuters,https://www.reuters.com/markets/commodities/thailand-will-cut-tariffs-us-corn-imports-minister-says-2025-04-11/&ved=2ahUKEwjOuLDx7NeMAxUKgVYBHZpSKzcQxfQBegQICBAC&usg=AOvVaw2EG6C9Huo97LTIDAyElFgy,"Thailand will cut tariffs on imports of corn from the United States, but volumes still need to be finalised, the finance minister said on Friday.",2017
4 days ago,"Rhine shipping costs in Germany rise as river level falls, but rain forecast",Reuters,https://www.reuters.com/business/autos-transportation/rhine-shipping-costs-germany-rise-river-level-falls-rain-forecast-2025-04-10/&ved=2ahUKEwiG04Lz7NeMAxXEsVYBHQjDEpU4ChDF9AF6BAgCEAI&usg=AOvVaw1t3LSoO0xXCC04PRIx5lT2,"Freight shipping costs on the Rhine river in Germany surged this week as water levels fell further, compelling vessels to sail less than half full,...",2017
4 days ago,"Chilean miner Codelco logging strong Q2 demand from China, chairman says",Reuters,https://www.reuters.com/markets/commodities/chilean-miner-codelco-logging-strong-q2-demand-china-chairman-says-2025-04-10/&ved=2ahUKEwiG04Lz7NeMAxXEsVYBHQjDEpU4ChDF9AF6BAgBEAI&usg=AOvVaw1VRY-dNT2IgDlSvRfRfEOt,"Chilean copper giant Codelco is seeing strong demand for the red metal from China in the second quarter, the firm's chairman told Reuters on Thursday.",2017
1 hour ago,"Argentine peso slides after FX controls eased, bonds jump",Reuters,https://www.reuters.com/markets/currencies/wall-st-expects-argentina-market-boost-imf-deal-big-shift-fx-controls-2025-04-14/&ved=2ahUKEwi8-6b07NeMAxV_k1YBHYq5MQQQxfQBegQICRAC&usg=AOvVaw0j-mPc8p4MCAOitGwXO_1p,The Argentine peso slid around 9% on Monday morning while bonds gained after Buenos Aires sealed a $20 billion loan program with the International Monetary...,2018
1 hour ago,"Argentine peso slides after FX controls eased, bonds jump",Reuters,https://www.reuters.com/markets/currencies/wall-st-expects-argentina-market-boost-imf-deal-big-shift-fx-controls-2025-04-14/&ved=2ahUKEwi8-6b07NeMAxV_k1YBHYq5MQQQxfQBegQICRAC&usg=AOvVaw0j-mPc8p4MCAOitGwXO_1p,The Argentine peso slid around 9% on Monday morning while bonds gained after Buenos Aires sealed a $20 billion loan program with the International Monetary...,2018
3 hours ago,"‘No lettuce, no Big Mac’: why Beth Hart is steering McDonald’s towards regenerative agriculture",Reuters,https://www.reuters.com/sustainability/land-use-biodiversity/no-lettuce-no-big-mac-why-beth-hart-is-steering-mcdonalds-towards-regenerative-2025-04-14/&ved=2ahUKEwi8-6b07NeMAxV_k1YBHYq5MQQQxfQBegQIChAC&usg=AOvVaw31xZ0r_NolGsZlNK2SZllV,"In August 2020, when McDonald's announced an initiative with farmers in Nebraska to improve soil health, techniques like cover cropping and reduced tillage...",2018
3 hours ago,"‘No lettuce, no Big Mac’: why Beth Hart is steering McDonald’s towards regenerative agriculture",Reuters,https://www.reuters.com/sustainability/land-use-biodiversity/no-lettuce-no-big-mac-why-beth-hart-is-steering-mcdonalds-towards-regenerative-2025-04-14/&ved=2ahUKEwi8-6b07NeMAxV_k1YBHYq5MQQQxfQBegQIChAC&usg=AOvVaw31xZ0r_NolGsZlNK2SZllV,"In August 2020, when McDonald's announced an initiative with farmers in Nebraska to improve soil health, techniques like cover cropping and reduced tillage...",2018
4 hours ago,Patient corn bulls emerge victorious post tariff onslaught,Reuters,https://www.reuters.com/markets/commodities/patient-corn-bulls-emerge-victorious-post-tariff-onslaught-braun-2025-04-13/&ved=2ahUKEwi8-6b07NeMAxV_k1YBHYq5MQQQxfQBegQIARAC&usg=AOvVaw3UFOsq2J57Ka5YDfDu7mQi,"After building immensely bullish bets, speculators in late February rode out Chicago corn's worst downturn in over a year as the United States prepared to...",2018
4 hours ago,Patient corn bulls emerge victorious post tariff onslaught,Reuters,https://www.reuters.com/markets/commodities/patient-corn-bulls-emerge-victorious-post-tariff-onslaught-braun-2025-04-13/&ved=2ahUKEwi8-6b07NeMAxV_k1YBHYq5MQQQxfQBegQIARAC&usg=AOvVaw3UFOsq2J57Ka5YDfDu7mQi,"After building immensely bullish bets, speculators in late February rode out Chicago corn's worst downturn in over a year as the United States prepared to...",2018
5 hours ago,Holcim spin-off of North American business planned for June,Reuters,https://www.reuters.com/business/holcim-spin-off-north-american-business-planned-june-2025-04-14/&ved=2ahUKEwi8-6b07NeMAxV_k1YBHYq5MQQQxfQBegQICBAC&usg=AOvVaw1HILsUrMmPVs99_S6CeX4T,"The planned spin-off of Holcim's North American business should take place in June, subject to the approval of shareholders at its May 14 annual general...",2018
5 hours ago,Holcim spin-off of North American business planned for June,Reuters,https://www.reuters.com/business/holcim-spin-off-north-american-business-planned-june-2025-04-14/&ved=2ahUKEwi8-6b07NeMAxV_k1YBHYq5MQQQxfQBegQICBAC&usg=AOvVaw1HILsUrMmPVs99_S6CeX4T,"The planned spin-off of Holcim's North American business should take place in June, subject to the approval of shareholders at its May 14 annual general...",2018
9 hours ago,Thailand says to discuss tariffs with United States on April 21,Reuters,https://www.reuters.com/markets/asia/thailand-says-discuss-tariffs-with-united-states-april-21-2025-04-14/&ved=2ahUKEwi8-6b07NeMAxV_k1YBHYq5MQQQxfQBegQIBRAC&usg=AOvVaw25bj2LEQSOQ11CKDcnenUX,Thailand's finance and commerce ministers will lead a delegation to the United States to meet Trump administration officials and push for relief from...,2018
9 hours ago,Thailand says to discuss tariffs with United States on April 21,Reuters,https://www.reuters.com/markets/asia/thailand-says-discuss-tariffs-with-united-states-april-21-2025-04-14/&ved=2ahUKEwi8-6b07NeMAxV_k1YBHYq5MQQQxfQBegQIBRAC&usg=AOvVaw25bj2LEQSOQ11CKDcnenUX,Thailand's finance and commerce ministers will lead a delegation to the United States to meet Trump administration officials and push for relief from...,2018
2 days ago,Estonian navy detains Russia-bound oil tanker in Baltic Sea,Reuters,https://www.reuters.com/world/europe/estonian-navy-detains-boards-russia-bound-oil-tanker-baltic-sea-2025-04-11/&ved=2ahUKEwi8-6b07NeMAxV_k1YBHYq5MQQQxfQBegQIAhAC&usg=AOvVaw0V6j8N72v5Yjuk4sRTPLpp,"The Estonian navy detained and boarded a Russia-bound oil tanker on an EU sanctions list on Friday, accusing it of sailing illegally without a valid country...",2018
2 days ago,Estonian navy detains Russia-bound oil tanker in Baltic Sea,Reuters,https://www.reuters.com/world/europe/estonian-navy-detains-boards-russia-bound-oil-tanker-baltic-sea-2025-04-11/&ved=2ahUKEwi8-6b07NeMAxV_k1YBHYq5MQQQxfQBegQIAhAC&usg=AOvVaw0V6j8N72v5Yjuk4sRTPLpp,"The Estonian navy detained and boarded a Russia-bound oil tanker on an EU sanctions list on Friday, accusing it of sailing illegally without a valid country...",2018
2 days ago,"Argentina soy, once parched, now has too much rain",Reuters,https://www.reuters.com/sustainability/land-use-biodiversity/argentina-soy-once-parched-now-has-too-much-rain-2025-04-11/&ved=2ahUKEwi8-6b07NeMAxV_k1YBHYq5MQQQxfQBegQIBBAC&usg=AOvVaw21v7UfhSuYZxKFX4dNd7jH,"Drenched Argentine fields due to heavy rains in the country's farm heartland are raising fears of soybean losses and delayed sales of the 2024/25 crop,...",2018
2 days ago,"Argentina soy, once parched, now has too much rain",Reuters,https://www.reuters.com/sustainability/land-use-biodiversity/argentina-soy-once-parched-now-has-too-much-rain-2025-04-11/&ved=2ahUKEwi8-6b07NeMAxV_k1YBHYq5MQQQxfQBegQIBBAC&usg=AOvVaw21v7UfhSuYZxKFX4dNd7jH,"Drenched Argentine fields due to heavy rains in the country's farm heartland are raising fears of soybean losses and delayed sales of the 2024/25 crop,...",2018
2 days ago,Argentina and the IMF: a troubled history,Reuters,https://www.reuters.com/world/americas/argentina-imf-troubled-history-2025-04-12/&ved=2ahUKEwi8-6b07NeMAxV_k1YBHYq5MQQQxfQBegQIBxAC&usg=AOvVaw369uzqICqVGWOAZqHpjH3M,"Argentina is already the IMF's largest debtor, by far, and the recipient of the most IMF bailouts in history since it joined in September 1956.",2018
2 days ago,Argentina and the IMF: a troubled history,Reuters,https://www.reuters.com/world/americas/argentina-imf-troubled-history-2025-04-12/&ved=2ahUKEwi8-6b07NeMAxV_k1YBHYq5MQQQxfQBegQIBxAC&usg=AOvVaw369uzqICqVGWOAZqHpjH3M,"Argentina is already the IMF's largest debtor, by far, and the recipient of the most IMF bailouts in history since it joined in September 1956.",2018
2 days ago,"Magnitude 5.95 earthquake strikes Papua New Guinea's New Britain region, GFZ says",Reuters,https://www.reuters.com/business/environment/magnitude-595-earthquake-strikes-papua-new-guineas-new-britain-region-gfz-says-2025-04-12/&ved=2ahUKEwi8-6b07NeMAxV_k1YBHYq5MQQQxfQBegQIBhAC&usg=AOvVaw1LBdw2bHyuflLhOD0MEci6,,2018
2 days ago,"Magnitude 5.95 earthquake strikes Papua New Guinea's New Britain region, GFZ says",Reuters,https://www.reuters.com/business/environment/magnitude-595-earthquake-strikes-papua-new-guineas-new-britain-region-gfz-says-2025-04-12/&ved=2ahUKEwi8-6b07NeMAxV_k1YBHYq5MQQQxfQBegQIBhAC&usg=AOvVaw1LBdw2bHyuflLhOD0MEci6,,2018
3 days ago,"Thailand will cut tariffs on US corn imports, minister says",Reuters,https://www.reuters.com/markets/commodities/thailand-will-cut-tariffs-us-corn-imports-minister-says-2025-04-11/&ved=2ahUKEwi8-6b07NeMAxV_k1YBHYq5MQQQxfQBegQIAxAC&usg=AOvVaw22F8lHJx2vi0nCUJq0AEyZ,"Thailand will cut tariffs on imports of corn from the United States, but volumes still need to be finalised, the finance minister said on Friday.",2018
3 days ago,"Thailand will cut tariffs on US corn imports, minister says",Reuters,https://www.reuters.com/markets/commodities/thailand-will-cut-tariffs-us-corn-imports-minister-says-2025-04-11/&ved=2ahUKEwi8-6b07NeMAxV_k1YBHYq5MQQQxfQBegQIAxAC&usg=AOvVaw22F8lHJx2vi0nCUJq0AEyZ,"Thailand will cut tariffs on imports of corn from the United States, but volumes still need to be finalised, the finance minister said on Friday.",2018
1 hour ago,"Argentine peso slides after FX controls eased, bonds jump",Reuters,https://www.reuters.com/markets/currencies/wall-st-expects-argentina-market-boost-imf-deal-big-shift-fx-controls-2025-04-14/&ved=2ahUKEwi8-6b07NeMAxV_k1YBHYq5MQQQxfQBegQICRAC&usg=AOvVaw0j-mPc8p4MCAOitGwXO_1p,The Argentine peso slid around 9% on Monday morning while bonds gained after Buenos Aires sealed a $20 billion loan program with the International Monetary...,2018
1 hour ago,"Argentine peso slides after FX controls eased, bonds jump",Reuters,https://www.reuters.com/markets/currencies/wall-st-expects-argentina-market-boost-imf-deal-big-shift-fx-controls-2025-04-14/&ved=2ahUKEwi8-6b07NeMAxV_k1YBHYq5MQQQxfQBegQICRAC&usg=AOvVaw0j-mPc8p4MCAOitGwXO_1p,The Argentine peso slid around 9% on Monday morning while bonds gained after Buenos Aires sealed a $20 billion loan program with the International Monetary...,2018
3 hours ago,"‘No lettuce, no Big Mac’: why Beth Hart is steering McDonald’s towards regenerative agriculture",Reuters,https://www.reuters.com/sustainability/land-use-biodiversity/no-lettuce-no-big-mac-why-beth-hart-is-steering-mcdonalds-towards-regenerative-2025-04-14/&ved=2ahUKEwi8-6b07NeMAxV_k1YBHYq5MQQQxfQBegQIChAC&usg=AOvVaw31xZ0r_NolGsZlNK2SZllV,"In August 2020, when McDonald's announced an initiative with farmers in Nebraska to improve soil health, techniques like cover cropping and reduced tillage...",2018
3 hours ago,"‘No lettuce, no Big Mac’: why Beth Hart is steering McDonald’s towards regenerative agriculture",Reuters,https://www.reuters.com/sustainability/land-use-biodiversity/no-lettuce-no-big-mac-why-beth-hart-is-steering-mcdonalds-towards-regenerative-2025-04-14/&ved=2ahUKEwi8-6b07NeMAxV_k1YBHYq5MQQQxfQBegQIChAC&usg=AOvVaw31xZ0r_NolGsZlNK2SZllV,"In August 2020, when McDonald's announced an initiative with farmers in Nebraska to improve soil health, techniques like cover cropping and reduced tillage...",2018
4 hours ago,Patient corn bulls emerge victorious post tariff onslaught,Reuters,https://www.reuters.com/markets/commodities/patient-corn-bulls-emerge-victorious-post-tariff-onslaught-braun-2025-04-13/&ved=2ahUKEwi8-6b07NeMAxV_k1YBHYq5MQQQxfQBegQIARAC&usg=AOvVaw3UFOsq2J57Ka5YDfDu7mQi,"After building immensely bullish bets, speculators in late February rode out Chicago corn's worst downturn in over a year as the United States prepared to...",2018
4 hours ago,Patient corn bulls emerge victorious post tariff onslaught,Reuters,https://www.reuters.com/markets/commodities/patient-corn-bulls-emerge-victorious-post-tariff-onslaught-braun-2025-04-13/&ved=2ahUKEwi8-6b07NeMAxV_k1YBHYq5MQQQxfQBegQIARAC&usg=AOvVaw3UFOsq2J57Ka5YDfDu7mQi,"After building immensely bullish bets, speculators in late February rode out Chicago corn's worst downturn in over a year as the United States prepared to...",2018
5 hours ago,Holcim spin-off of North American business planned for June,Reuters,https://www.reuters.com/business/holcim-spin-off-north-american-business-planned-june-2025-04-14/&ved=2ahUKEwi8-6b07NeMAxV_k1YBHYq5MQQQxfQBegQICBAC&usg=AOvVaw1HILsUrMmPVs99_S6CeX4T,"The planned spin-off of Holcim's North American business should take place in June, subject to the approval of shareholders at its May 14 annual general...",2018
5 hours ago,Holcim spin-off of North American business planned for June,Reuters,https://www.reuters.com/business/holcim-spin-off-north-american-business-planned-june-2025-04-14/&ved=2ahUKEwi8-6b07NeMAxV_k1YBHYq5MQQQxfQBegQICBAC&usg=AOvVaw1HILsUrMmPVs99_S6CeX4T,"The planned spin-off of Holcim's North American business should take place in June, subject to the approval of shareholders at its May 14 annual general...",2018
9 hours ago,Thailand says to discuss tariffs with United States on April 21,Reuters,https://www.reuters.com/markets/asia/thailand-says-discuss-tariffs-with-united-states-april-21-2025-04-14/&ved=2ahUKEwi8-6b07NeMAxV_k1YBHYq5MQQQxfQBegQIBRAC&usg=AOvVaw25bj2LEQSOQ11CKDcnenUX,Thailand's finance and commerce ministers will lead a delegation to the United States to meet Trump administration officials and push for relief from...,2018
9 hours ago,Thailand says to discuss tariffs with United States on April 21,Reuters,https://www.reuters.com/markets/asia/thailand-says-discuss-tariffs-with-united-states-april-21-2025-04-14/&ved=2ahUKEwi8-6b07NeMAxV_k1YBHYq5MQQQxfQBegQIBRAC&usg=AOvVaw25bj2LEQSOQ11CKDcnenUX,Thailand's finance and commerce ministers will lead a delegation to the United States to meet Trump administration officials and push for relief from...,2018
2 days ago,Estonian navy detains Russia-bound oil tanker in Baltic Sea,Reuters,https://www.reuters.com/world/europe/estonian-navy-detains-boards-russia-bound-oil-tanker-baltic-sea-2025-04-11/&ved=2ahUKEwi8-6b07NeMAxV_k1YBHYq5MQQQxfQBegQIAhAC&usg=AOvVaw0V6j8N72v5Yjuk4sRTPLpp,"The Estonian navy detained and boarded a Russia-bound oil tanker on an EU sanctions list on Friday, accusing it of sailing illegally without a valid country...",2018
2 days ago,Estonian navy detains Russia-bound oil tanker in Baltic Sea,Reuters,https://www.reuters.com/world/europe/estonian-navy-detains-boards-russia-bound-oil-tanker-baltic-sea-2025-04-11/&ved=2ahUKEwi8-6b07NeMAxV_k1YBHYq5MQQQxfQBegQIAhAC&usg=AOvVaw0V6j8N72v5Yjuk4sRTPLpp,"The Estonian navy detained and boarded a Russia-bound oil tanker on an EU sanctions list on Friday, accusing it of sailing illegally without a valid country...",2018
2 days ago,"Argentina soy, once parched, now has too much rain",Reuters,https://www.reuters.com/sustainability/land-use-biodiversity/argentina-soy-once-parched-now-has-too-much-rain-2025-04-11/&ved=2ahUKEwi8-6b07NeMAxV_k1YBHYq5MQQQxfQBegQIBBAC&usg=AOvVaw21v7UfhSuYZxKFX4dNd7jH,"Drenched Argentine fields due to heavy rains in the country's farm heartland are raising fears of soybean losses and delayed sales of the 2024/25 crop,...",2018
2 days ago,"Argentina soy, once parched, now has too much rain",Reuters,https://www.reuters.com/sustainability/land-use-biodiversity/argentina-soy-once-parched-now-has-too-much-rain-2025-04-11/&ved=2ahUKEwi8-6b07NeMAxV_k1YBHYq5MQQQxfQBegQIBBAC&usg=AOvVaw21v7UfhSuYZxKFX4dNd7jH,"Drenched Argentine fields due to heavy rains in the country's farm heartland are raising fears of soybean losses and delayed sales of the 2024/25 crop,...",2018
2 days ago,Argentina and the IMF: a troubled history,Reuters,https://www.reuters.com/world/americas/argentina-imf-troubled-history-2025-04-12/&ved=2ahUKEwi8-6b07NeMAxV_k1YBHYq5MQQQxfQBegQIBxAC&usg=AOvVaw369uzqICqVGWOAZqHpjH3M,"Argentina is already the IMF's largest debtor, by far, and the recipient of the most IMF bailouts in history since it joined in September 1956.",2018
2 days ago,Argentina and the IMF: a troubled history,Reuters,https://www.reuters.com/world/americas/argentina-imf-troubled-history-2025-04-12/&ved=2ahUKEwi8-6b07NeMAxV_k1YBHYq5MQQQxfQBegQIBxAC&usg=AOvVaw369uzqICqVGWOAZqHpjH3M,"Argentina is already the IMF's largest debtor, by far, and the recipient of the most IMF bailouts in history since it joined in September 1956.",2018
2 days ago,"Magnitude 5.95 earthquake strikes Papua New Guinea's New Britain region, GFZ says",Reuters,https://www.reuters.com/business/environment/magnitude-595-earthquake-strikes-papua-new-guineas-new-britain-region-gfz-says-2025-04-12/&ved=2ahUKEwi8-6b07NeMAxV_k1YBHYq5MQQQxfQBegQIBhAC&usg=AOvVaw1LBdw2bHyuflLhOD0MEci6,,2018
2 days ago,"Magnitude 5.95 earthquake strikes Papua New Guinea's New Britain region, GFZ says",Reuters,https://www.reuters.com/business/environment/magnitude-595-earthquake-strikes-papua-new-guineas-new-britain-region-gfz-says-2025-04-12/&ved=2ahUKEwi8-6b07NeMAxV_k1YBHYq5MQQQxfQBegQIBhAC&usg=AOvVaw1LBdw2bHyuflLhOD0MEci6,,2018
3 days ago,"Thailand will cut tariffs on US corn imports, minister says",Reuters,https://www.reuters.com/markets/commodities/thailand-will-cut-tariffs-us-corn-imports-minister-says-2025-04-11/&ved=2ahUKEwi8-6b07NeMAxV_k1YBHYq5MQQQxfQBegQIAxAC&usg=AOvVaw22F8lHJx2vi0nCUJq0AEyZ,"Thailand will cut tariffs on imports of corn from the United States, but volumes still need to be finalised, the finance minister said on Friday.",2018
3 days ago,"Thailand will cut tariffs on US corn imports, minister says",Reuters,https://www.reuters.com/markets/commodities/thailand-will-cut-tariffs-us-corn-imports-minister-says-2025-04-11/&ved=2ahUKEwi8-6b07NeMAxV_k1YBHYq5MQQQxfQBegQIAxAC&usg=AOvVaw22F8lHJx2vi0nCUJq0AEyZ,"Thailand will cut tariffs on imports of corn from the United States, but volumes still need to be finalised, the finance minister said on Friday.",2018
