Date,Title,Media,Link,Snippet,Year
0 hours ago,"China to keep building coal plants through 2027, state planner says",Reuters,https://www.reuters.com/sustainability/climate-energy/china-keep-building-coal-plants-through-2027-state-planner-says-2025-04-14/&ved=2ahUKEwiq5vq2sdmMAxUPXUEAHaO1Pbc4ChDF9AF6BAgGEAI&usg=AOvVaw3CuP775SPpF2K-fbyV_KNP,"China plans to keep building coal-fired power plants through 2027 in regions where they are needed to meet peak power demand or stabilise the grid,...",2018
0 hours ago,Top US power sector CEOs pull down $115 million in performance pay,Reuters,https://www.reuters.com/business/energy/top-us-power-sector-ceos-pull-down-115-million-performance-pay-2025-04-14/&ved=2ahUKEwiGg8-2sdmMAxXrUkEAHbyxCZoQxfQBegQIBxAC&usg=AOvVaw3ygt7qYcv8bj53s_rbF3as,CEOs of the 10 largest U.S. utilities earned more than $115 million combined in a recent three-year period as demand for electricity from their power plants...,2018
0 hours ago,Trump administration cancels $3 billion climate-friendly farming program,Reuters,https://www.reuters.com/world/us/trump-administration-cancels-3-billion-climate-friendly-farming-program-2025-04-14/&ved=2ahUKEwiGg8-2sdmMAxXrUkEAHbyxCZoQxfQBegQIBBAC&usg=AOvVaw3EFy6o6xW-cQ6p3l6NaaCo,The U.S. Department of Agriculture on Monday said it had canceled a $3 billion program for climate-smart farming projects after a review found it did not...,2018
0 minutes ago,"UK wages increase by 5.9% in the three months to February, ONS says",Reuters,https://www.reuters.com/world/uk/uk-wages-increase-by-59-three-months-february-ons-says-2025-04-15/&ved=2ahUKEwiGg8-2sdmMAxXrUkEAHbyxCZoQxfQBegQIAxAC&usg=AOvVaw3LBpIhwFX-bubEahyDCXJw,"British average weekly earnings, excluding bonuses, rose by 5.9% in the three months to February compared with the same period a year earlier,...",2018
0 hours ago,Top US power sector CEOs pull down $115 million in performance pay,Reuters,https://www.reuters.com/business/energy/top-us-power-sector-ceos-pull-down-115-million-performance-pay-2025-04-14/&ved=2ahUKEwjkyKW1sdmMAxVcRUEAHTecN1sQxfQBegQIAhAC&usg=AOvVaw2ve4UfM5G2YK1E2JqOnD6R,CEOs of the 10 largest U.S. utilities earned more than $115 million combined in a recent three-year period as demand for electricity from their power plants...,2018
0 hours ago,Trump administration cancels $3 billion climate-friendly farming program,Reuters,https://www.reuters.com/world/us/trump-administration-cancels-3-billion-climate-friendly-farming-program-2025-04-14/&ved=2ahUKEwjkyKW1sdmMAxVcRUEAHTecN1sQxfQBegQIBRAC&usg=AOvVaw0JgpZRGunuZ5Cd5iX27TGa,The U.S. Department of Agriculture on Monday said it had canceled a $3 billion program for climate-smart farming projects after a review found it did not...,2018
0 minutes ago,"UK wages increase by 5.9% in the three months to February, ONS says",Reuters,https://www.reuters.com/world/uk/uk-wages-increase-by-59-three-months-february-ons-says-2025-04-15/&ved=2ahUKEwjkyKW1sdmMAxVcRUEAHTecN1sQxfQBegQIAxAC&usg=AOvVaw0qt-1tnigsc5ZTxfe4jq9q,"British average weekly earnings, excluding bonuses, rose by 5.9% in the three months to February compared with the same period a year earlier,...",2018
2 hours ago,UK's Wood Group shares rise after enhanced bid from Dubai's Sidara,Reuters,https://www.reuters.com/business/energy/uks-wood-group-gets-conditional-bid-sidara-with-591-million-cash-injection-2025-04-14/&ved=2ahUKEwiq5vq2sdmMAxUPXUEAHaO1Pbc4ChDF9AF6BAgHEAI&usg=AOvVaw1R7GhTL8LnKyaE3PA4vXSJ,,2018
2 hours ago,Argentina farmers focus on harvest over sales despite currency boost,Reuters,https://www.reuters.com/markets/commodities/argentina-farmers-focus-harvest-over-sales-despite-currency-boost-2025-04-14/&ved=2ahUKEwiq5vq2sdmMAxUPXUEAHaO1Pbc4ChDF9AF6BAgBEAI&usg=AOvVaw17AEVl5ArG3tX4j9s7wiqU,"Argentina's grain industry welcomed an exchange-rate overhaul on Monday, though the new measures will likely not translate into immediate sales as the...",2018
2 hours ago,Annual mass pillow fight takes place in Toronto,Reuters,https://www.reuters.com/video/&ved=2ahUKEwiq5vq2sdmMAxUPXUEAHaO1Pbc4ChDF9AF6BAgKEAI&usg=AOvVaw3P0e-dyd7MqzemsN58jSH1,Reuters news in video: footage captured by award winning Reuters journalists from around the globe.,2018
2 hours ago,"Magnitude 5.2 earthquake strikes interior of San Diego County in California, USGS says",Reuters,https://www.reuters.com/business/environment/magnitude-51-earthquake-strikes-san-diego-country-estates-california-usgs-says-2025-04-14/&ved=2ahUKEwiq5vq2sdmMAxUPXUEAHaO1Pbc4ChDF9AF6BAgDEAI&usg=AOvVaw3kyg5jJmjPtjSBVTnmQj74,"An earthquake measuring 5.2 magnitude struck the interior of San Diego County in California on Monday, the U.S. Geological Survey said.",2018
3 hours ago,Beer maker Molson Coors CEO Gavin Hattersley to retire,Reuters,https://www.reuters.com/business/retail-consumer/beer-maker-molson-coors-ceo-gavin-hattersley-retire-2025-04-14/&ved=2ahUKEwiq5vq2sdmMAxUPXUEAHaO1Pbc4ChDF9AF6BAgJEAI&usg=AOvVaw1VneDP0QgGUp6-03vG6vXi,,2018
4 hours ago,"Europe had most widespread floods for more than a decade in 2024, scientists say",Reuters,https://www.reuters.com/sustainability/cop/europe-had-most-widespread-floods-more-than-decade-2024-scientists-say-2025-04-15/&ved=2ahUKEwiGg8-2sdmMAxXrUkEAHbyxCZoQxfQBegQIChAC&usg=AOvVaw1UVvoR6xNwZJ44rXW-vYHC,"Europe faced its most widespread flooding last year since 2013, with 30% of the continent's river network hit by significant floods, scientists said on...",2018
4 hours ago,"Europe had most widespread floods for more than a decade in 2024, scientists say",Reuters,https://www.reuters.com/sustainability/cop/europe-had-most-widespread-floods-more-than-decade-2024-scientists-say-2025-04-15/&ved=2ahUKEwjkyKW1sdmMAxVcRUEAHTecN1sQxfQBegQIChAC&usg=AOvVaw1Gj9Y-7YU21EyhXxqY7ygx,"Europe faced its most widespread flooding last year since 2013, with 30% of the continent's river network hit by significant floods, scientists said on...",2018
7 hours ago,Chipmaker Qorvo appoints two industry veterans to board,Reuters,https://www.reuters.com/technology/chipmaker-qorvo-appoints-two-industry-veterans-board-2025-04-14/&ved=2ahUKEwiq5vq2sdmMAxUPXUEAHaO1Pbc4ChDF9AF6BAgIEAI&usg=AOvVaw2aFnGi9TRtFqO8mhdKXXoo,,2018
7 hours ago,FAA says it's investigating reported engine issue on Delta flight,Reuters,https://www.reuters.com/business/aerospace-defense/faa-says-its-investigating-reported-engine-issue-delta-flight-2025-04-14/&ved=2ahUKEwiGg8-2sdmMAxXrUkEAHbyxCZoQxfQBegQIBRAC&usg=AOvVaw1psBIJQueh2XPZrlf3NE4k,The Federal Aviation Administration said it is investigating after a Delta airline crew reported an engine issue on a Boeing 737-900 flight on Monday.,2018
7 hours ago,"'All of them were dead,' says paramedic recalling Sumy attack",Reuters,https://www.reuters.com/video/watch/idRW668714042025RP1/&ved=2ahUKEwiGg8-2sdmMAxXrUkEAHbyxCZoQxfQBegQIARAC&usg=AOvVaw1i_ZOoocnKF53Zof7JjCck,"Ukrainian paramedic Artem Selianyn recounts ""walking over dead bodies"" as he tended to the wounded when two Russian missiles slammed the northeastern city...",2018
7 hours ago,"T. Rowe Price Investment Management to back Starboard in Autodesk proxy fight, source says",Reuters,https://www.reuters.com/business/t-rowe-price-investment-management-back-starboard-autodesk-proxy-fight-source-2025-04-14/&ved=2ahUKEwiGg8-2sdmMAxXrUkEAHbyxCZoQxfQBegQICBAC&usg=AOvVaw1Y_rAd_9RiAWl9KUHuJm25,"T. Rowe Price Investment Management, one of Autodesk's biggest investors, plans to vote for activist investor Starboard Value's director nominees in a...",2018
7 hours ago,Fuel News | Today's Latest Stories,Reuters,https://www.reuters.com/business/energy/fuel/&ved=2ahUKEwiGg8-2sdmMAxXrUkEAHbyxCZoQxfQBegQIBhAC&usg=AOvVaw3QdWCzZ-5l9UQXyGvOyU0-,,2018
7 hours ago,FAA says it's investigating reported engine issue on Delta flight,Reuters,https://www.reuters.com/business/aerospace-defense/faa-says-its-investigating-reported-engine-issue-delta-flight-2025-04-14/&ved=2ahUKEwjkyKW1sdmMAxVcRUEAHTecN1sQxfQBegQIBBAC&usg=AOvVaw1N7GBFBq5MEnXOSoCynr2W,The Federal Aviation Administration said it is investigating after a Delta airline crew reported an engine issue on a Boeing 737-900 flight on Monday.,2018
7 hours ago,"'All of them were dead,' says paramedic recalling Sumy attack",Reuters,https://www.reuters.com/video/watch/idRW668714042025RP1/&ved=2ahUKEwjkyKW1sdmMAxVcRUEAHTecN1sQxfQBegQICBAC&usg=AOvVaw0-sK03xZSeaNP8WrAMdsoK,"Ukrainian paramedic Artem Selianyn recounts ""walking over dead bodies"" as he tended to the wounded when two Russian missiles slammed the northeastern city...",2018
7 hours ago,"T. Rowe Price Investment Management to back Starboard in Autodesk proxy fight, source says",Reuters,https://www.reuters.com/business/t-rowe-price-investment-management-back-starboard-autodesk-proxy-fight-source-2025-04-14/&ved=2ahUKEwjkyKW1sdmMAxVcRUEAHTecN1sQxfQBegQIARAC&usg=AOvVaw2OXGSEEH4V42CIesx9c40c,"T. Rowe Price Investment Management, one of Autodesk's biggest investors, plans to vote for activist investor Starboard Value's director nominees in a...",2018
7 hours ago,Fuel News | Today's Latest Stories,Reuters,https://www.reuters.com/business/energy/fuel/&ved=2ahUKEwjkyKW1sdmMAxVcRUEAHTecN1sQxfQBegQIBhAC&usg=AOvVaw2_M9VlUMIsOp45rjTnb9bT,,2018
8 hours ago,"Germany struggles to get consumers to spend, not save",Reuters,https://www.reuters.com/markets/europe/economy-stalls-germany-struggles-get-consumers-spending-2025-04-14/&ved=2ahUKEwiq5vq2sdmMAxUPXUEAHaO1Pbc4ChDF9AF6BAgCEAI&usg=AOvVaw33Lbo0webr_mkZoso_WQGq,"With global trade deeply uncertain and a tariff war causing havoc on financial markets, Germany's next government is hoping to unleash domestic consumption...",2018
8 hours ago,"‘No lettuce, no Big Mac’: why Beth Hart is steering McDonald’s towards regenerative agriculture",Reuters,https://www.reuters.com/sustainability/land-use-biodiversity/no-lettuce-no-big-mac-why-beth-hart-is-steering-mcdonalds-towards-regenerative-2025-04-14/&ved=2ahUKEwiq5vq2sdmMAxUPXUEAHaO1Pbc4ChDF9AF6BAgEEAI&usg=AOvVaw0G5YdwLeu_4Rr9p7UXy31r,"In August 2020, when McDonald's announced an initiative with farmers in Nebraska to improve soil health, techniques like cover cropping and reduced tillage...",2018
8 hours ago,"ADM halting domestic trading in China, cutting jobs in Shanghai",Reuters,https://www.reuters.com/markets/commodities/adm-halting-domestic-trading-china-cutting-jobs-shanghai-2025-04-14/&ved=2ahUKEwiGg8-2sdmMAxXrUkEAHbyxCZoQxfQBegQICRAC&usg=AOvVaw2CSR0LcQ1qRH6ECHc2k9YV,Global grain merchant Archer-Daniels-Midland has begun shutting down domestic trading operations in China and laying off staff within its largest business...,2018
8 hours ago,"ADM halting domestic trading in China, cutting jobs in Shanghai",Reuters,https://www.reuters.com/markets/commodities/adm-halting-domestic-trading-china-cutting-jobs-shanghai-2025-04-14/&ved=2ahUKEwjkyKW1sdmMAxVcRUEAHTecN1sQxfQBegQICRAC&usg=AOvVaw2VLX_wVh8jS9nJCNz2IQOP,Global grain merchant Archer-Daniels-Midland has begun shutting down domestic trading operations in China and laying off staff within its largest business...,2018
9 hours ago,Patient corn bulls emerge victorious post tariff onslaught,Reuters,https://www.reuters.com/markets/commodities/patient-corn-bulls-emerge-victorious-post-tariff-onslaught-braun-2025-04-13/&ved=2ahUKEwiq5vq2sdmMAxUPXUEAHaO1Pbc4ChDF9AF6BAgFEAI&usg=AOvVaw0X6dgx6vcw7uPmB-qMbyGm,"After building immensely bullish bets, speculators in late February rode out Chicago corn's worst downturn in over a year as the United States prepared to...",2018
9 hours ago,"Argentina peso tumbles as Wall St cheers FX controls easing, IMF deal",Reuters,https://www.reuters.com/markets/currencies/wall-st-expects-argentina-market-boost-imf-deal-big-shift-fx-controls-2025-04-14/&ved=2ahUKEwiGg8-2sdmMAxXrUkEAHbyxCZoQxfQBegQIAhAC&usg=AOvVaw2PnNGUc24_ZILZRHIxNT_3,Argentina's peso slid 10% on Monday to near 1200 per dollar after the country undid large parts of its currency and capital controls at the end of last week...,2018
9 hours ago,"Argentina peso tumbles as Wall St cheers FX controls easing, IMF deal",Reuters,https://www.reuters.com/markets/currencies/wall-st-expects-argentina-market-boost-imf-deal-big-shift-fx-controls-2025-04-14/&ved=2ahUKEwjkyKW1sdmMAxVcRUEAHTecN1sQxfQBegQIBxAC&usg=AOvVaw1E9Fx0-DSYGk7IcksM1tya,Argentina's peso slid 10% on Monday to near 1200 per dollar after the country undid large parts of its currency and capital controls at the end of last week...,2018
0 hours ago,"China to keep building coal plants through 2027, state planner says",Reuters,https://www.reuters.com/sustainability/climate-energy/china-keep-building-coal-plants-through-2027-state-planner-says-2025-04-14/&ved=2ahUKEwiq5vq2sdmMAxUPXUEAHaO1Pbc4ChDF9AF6BAgGEAI&usg=AOvVaw3CuP775SPpF2K-fbyV_KNP,"China plans to keep building coal-fired power plants through 2027 in regions where they are needed to meet peak power demand or stabilise the grid,...",2018
0 hours ago,Top US power sector CEOs pull down $115 million in performance pay,Reuters,https://www.reuters.com/business/energy/top-us-power-sector-ceos-pull-down-115-million-performance-pay-2025-04-14/&ved=2ahUKEwiGg8-2sdmMAxXrUkEAHbyxCZoQxfQBegQIBxAC&usg=AOvVaw3ygt7qYcv8bj53s_rbF3as,CEOs of the 10 largest U.S. utilities earned more than $115 million combined in a recent three-year period as demand for electricity from their power plants...,2018
0 hours ago,Trump administration cancels $3 billion climate-friendly farming program,Reuters,https://www.reuters.com/world/us/trump-administration-cancels-3-billion-climate-friendly-farming-program-2025-04-14/&ved=2ahUKEwiGg8-2sdmMAxXrUkEAHbyxCZoQxfQBegQIBBAC&usg=AOvVaw3EFy6o6xW-cQ6p3l6NaaCo,The U.S. Department of Agriculture on Monday said it had canceled a $3 billion program for climate-smart farming projects after a review found it did not...,2018
0 minutes ago,"UK wages increase by 5.9% in the three months to February, ONS says",Reuters,https://www.reuters.com/world/uk/uk-wages-increase-by-59-three-months-february-ons-says-2025-04-15/&ved=2ahUKEwiGg8-2sdmMAxXrUkEAHbyxCZoQxfQBegQIAxAC&usg=AOvVaw3LBpIhwFX-bubEahyDCXJw,"British average weekly earnings, excluding bonuses, rose by 5.9% in the three months to February compared with the same period a year earlier,...",2018
0 hours ago,Top US power sector CEOs pull down $115 million in performance pay,Reuters,https://www.reuters.com/business/energy/top-us-power-sector-ceos-pull-down-115-million-performance-pay-2025-04-14/&ved=2ahUKEwjkyKW1sdmMAxVcRUEAHTecN1sQxfQBegQIAhAC&usg=AOvVaw2ve4UfM5G2YK1E2JqOnD6R,CEOs of the 10 largest U.S. utilities earned more than $115 million combined in a recent three-year period as demand for electricity from their power plants...,2018
0 hours ago,Trump administration cancels $3 billion climate-friendly farming program,Reuters,https://www.reuters.com/world/us/trump-administration-cancels-3-billion-climate-friendly-farming-program-2025-04-14/&ved=2ahUKEwjkyKW1sdmMAxVcRUEAHTecN1sQxfQBegQIBRAC&usg=AOvVaw0JgpZRGunuZ5Cd5iX27TGa,The U.S. Department of Agriculture on Monday said it had canceled a $3 billion program for climate-smart farming projects after a review found it did not...,2018
0 minutes ago,"UK wages increase by 5.9% in the three months to February, ONS says",Reuters,https://www.reuters.com/world/uk/uk-wages-increase-by-59-three-months-february-ons-says-2025-04-15/&ved=2ahUKEwjkyKW1sdmMAxVcRUEAHTecN1sQxfQBegQIAxAC&usg=AOvVaw0qt-1tnigsc5ZTxfe4jq9q,"British average weekly earnings, excluding bonuses, rose by 5.9% in the three months to February compared with the same period a year earlier,...",2018
2 hours ago,UK's Wood Group shares rise after enhanced bid from Dubai's Sidara,Reuters,https://www.reuters.com/business/energy/uks-wood-group-gets-conditional-bid-sidara-with-591-million-cash-injection-2025-04-14/&ved=2ahUKEwiq5vq2sdmMAxUPXUEAHaO1Pbc4ChDF9AF6BAgHEAI&usg=AOvVaw1R7GhTL8LnKyaE3PA4vXSJ,,2018
2 hours ago,Argentina farmers focus on harvest over sales despite currency boost,Reuters,https://www.reuters.com/markets/commodities/argentina-farmers-focus-harvest-over-sales-despite-currency-boost-2025-04-14/&ved=2ahUKEwiq5vq2sdmMAxUPXUEAHaO1Pbc4ChDF9AF6BAgBEAI&usg=AOvVaw17AEVl5ArG3tX4j9s7wiqU,"Argentina's grain industry welcomed an exchange-rate overhaul on Monday, though the new measures will likely not translate into immediate sales as the...",2018
2 hours ago,Annual mass pillow fight takes place in Toronto,Reuters,https://www.reuters.com/video/&ved=2ahUKEwiq5vq2sdmMAxUPXUEAHaO1Pbc4ChDF9AF6BAgKEAI&usg=AOvVaw3P0e-dyd7MqzemsN58jSH1,Reuters news in video: footage captured by award winning Reuters journalists from around the globe.,2018
2 hours ago,"Magnitude 5.2 earthquake strikes interior of San Diego County in California, USGS says",Reuters,https://www.reuters.com/business/environment/magnitude-51-earthquake-strikes-san-diego-country-estates-california-usgs-says-2025-04-14/&ved=2ahUKEwiq5vq2sdmMAxUPXUEAHaO1Pbc4ChDF9AF6BAgDEAI&usg=AOvVaw3kyg5jJmjPtjSBVTnmQj74,"An earthquake measuring 5.2 magnitude struck the interior of San Diego County in California on Monday, the U.S. Geological Survey said.",2018
3 hours ago,Beer maker Molson Coors CEO Gavin Hattersley to retire,Reuters,https://www.reuters.com/business/retail-consumer/beer-maker-molson-coors-ceo-gavin-hattersley-retire-2025-04-14/&ved=2ahUKEwiq5vq2sdmMAxUPXUEAHaO1Pbc4ChDF9AF6BAgJEAI&usg=AOvVaw1VneDP0QgGUp6-03vG6vXi,,2018
4 hours ago,"Europe had most widespread floods for more than a decade in 2024, scientists say",Reuters,https://www.reuters.com/sustainability/cop/europe-had-most-widespread-floods-more-than-decade-2024-scientists-say-2025-04-15/&ved=2ahUKEwiGg8-2sdmMAxXrUkEAHbyxCZoQxfQBegQIChAC&usg=AOvVaw1UVvoR6xNwZJ44rXW-vYHC,"Europe faced its most widespread flooding last year since 2013, with 30% of the continent's river network hit by significant floods, scientists said on...",2018
4 hours ago,"Europe had most widespread floods for more than a decade in 2024, scientists say",Reuters,https://www.reuters.com/sustainability/cop/europe-had-most-widespread-floods-more-than-decade-2024-scientists-say-2025-04-15/&ved=2ahUKEwjkyKW1sdmMAxVcRUEAHTecN1sQxfQBegQIChAC&usg=AOvVaw1Gj9Y-7YU21EyhXxqY7ygx,"Europe faced its most widespread flooding last year since 2013, with 30% of the continent's river network hit by significant floods, scientists said on...",2018
7 hours ago,Chipmaker Qorvo appoints two industry veterans to board,Reuters,https://www.reuters.com/technology/chipmaker-qorvo-appoints-two-industry-veterans-board-2025-04-14/&ved=2ahUKEwiq5vq2sdmMAxUPXUEAHaO1Pbc4ChDF9AF6BAgIEAI&usg=AOvVaw2aFnGi9TRtFqO8mhdKXXoo,,2018
7 hours ago,FAA says it's investigating reported engine issue on Delta flight,Reuters,https://www.reuters.com/business/aerospace-defense/faa-says-its-investigating-reported-engine-issue-delta-flight-2025-04-14/&ved=2ahUKEwiGg8-2sdmMAxXrUkEAHbyxCZoQxfQBegQIBRAC&usg=AOvVaw1psBIJQueh2XPZrlf3NE4k,The Federal Aviation Administration said it is investigating after a Delta airline crew reported an engine issue on a Boeing 737-900 flight on Monday.,2018
7 hours ago,"'All of them were dead,' says paramedic recalling Sumy attack",Reuters,https://www.reuters.com/video/watch/idRW668714042025RP1/&ved=2ahUKEwiGg8-2sdmMAxXrUkEAHbyxCZoQxfQBegQIARAC&usg=AOvVaw1i_ZOoocnKF53Zof7JjCck,"Ukrainian paramedic Artem Selianyn recounts ""walking over dead bodies"" as he tended to the wounded when two Russian missiles slammed the northeastern city...",2018
7 hours ago,"T. Rowe Price Investment Management to back Starboard in Autodesk proxy fight, source says",Reuters,https://www.reuters.com/business/t-rowe-price-investment-management-back-starboard-autodesk-proxy-fight-source-2025-04-14/&ved=2ahUKEwiGg8-2sdmMAxXrUkEAHbyxCZoQxfQBegQICBAC&usg=AOvVaw1Y_rAd_9RiAWl9KUHuJm25,"T. Rowe Price Investment Management, one of Autodesk's biggest investors, plans to vote for activist investor Starboard Value's director nominees in a...",2018
7 hours ago,Fuel News | Today's Latest Stories,Reuters,https://www.reuters.com/business/energy/fuel/&ved=2ahUKEwiGg8-2sdmMAxXrUkEAHbyxCZoQxfQBegQIBhAC&usg=AOvVaw3QdWCzZ-5l9UQXyGvOyU0-,,2018
7 hours ago,FAA says it's investigating reported engine issue on Delta flight,Reuters,https://www.reuters.com/business/aerospace-defense/faa-says-its-investigating-reported-engine-issue-delta-flight-2025-04-14/&ved=2ahUKEwjkyKW1sdmMAxVcRUEAHTecN1sQxfQBegQIBBAC&usg=AOvVaw1N7GBFBq5MEnXOSoCynr2W,The Federal Aviation Administration said it is investigating after a Delta airline crew reported an engine issue on a Boeing 737-900 flight on Monday.,2018
7 hours ago,"'All of them were dead,' says paramedic recalling Sumy attack",Reuters,https://www.reuters.com/video/watch/idRW668714042025RP1/&ved=2ahUKEwjkyKW1sdmMAxVcRUEAHTecN1sQxfQBegQICBAC&usg=AOvVaw0-sK03xZSeaNP8WrAMdsoK,"Ukrainian paramedic Artem Selianyn recounts ""walking over dead bodies"" as he tended to the wounded when two Russian missiles slammed the northeastern city...",2018
7 hours ago,"T. Rowe Price Investment Management to back Starboard in Autodesk proxy fight, source says",Reuters,https://www.reuters.com/business/t-rowe-price-investment-management-back-starboard-autodesk-proxy-fight-source-2025-04-14/&ved=2ahUKEwjkyKW1sdmMAxVcRUEAHTecN1sQxfQBegQIARAC&usg=AOvVaw2OXGSEEH4V42CIesx9c40c,"T. Rowe Price Investment Management, one of Autodesk's biggest investors, plans to vote for activist investor Starboard Value's director nominees in a...",2018
7 hours ago,Fuel News | Today's Latest Stories,Reuters,https://www.reuters.com/business/energy/fuel/&ved=2ahUKEwjkyKW1sdmMAxVcRUEAHTecN1sQxfQBegQIBhAC&usg=AOvVaw2_M9VlUMIsOp45rjTnb9bT,,2018
8 hours ago,"Germany struggles to get consumers to spend, not save",Reuters,https://www.reuters.com/markets/europe/economy-stalls-germany-struggles-get-consumers-spending-2025-04-14/&ved=2ahUKEwiq5vq2sdmMAxUPXUEAHaO1Pbc4ChDF9AF6BAgCEAI&usg=AOvVaw33Lbo0webr_mkZoso_WQGq,"With global trade deeply uncertain and a tariff war causing havoc on financial markets, Germany's next government is hoping to unleash domestic consumption...",2018
8 hours ago,"‘No lettuce, no Big Mac’: why Beth Hart is steering McDonald’s towards regenerative agriculture",Reuters,https://www.reuters.com/sustainability/land-use-biodiversity/no-lettuce-no-big-mac-why-beth-hart-is-steering-mcdonalds-towards-regenerative-2025-04-14/&ved=2ahUKEwiq5vq2sdmMAxUPXUEAHaO1Pbc4ChDF9AF6BAgEEAI&usg=AOvVaw0G5YdwLeu_4Rr9p7UXy31r,"In August 2020, when McDonald's announced an initiative with farmers in Nebraska to improve soil health, techniques like cover cropping and reduced tillage...",2018
8 hours ago,"ADM halting domestic trading in China, cutting jobs in Shanghai",Reuters,https://www.reuters.com/markets/commodities/adm-halting-domestic-trading-china-cutting-jobs-shanghai-2025-04-14/&ved=2ahUKEwiGg8-2sdmMAxXrUkEAHbyxCZoQxfQBegQICRAC&usg=AOvVaw2CSR0LcQ1qRH6ECHc2k9YV,Global grain merchant Archer-Daniels-Midland has begun shutting down domestic trading operations in China and laying off staff within its largest business...,2018
8 hours ago,"ADM halting domestic trading in China, cutting jobs in Shanghai",Reuters,https://www.reuters.com/markets/commodities/adm-halting-domestic-trading-china-cutting-jobs-shanghai-2025-04-14/&ved=2ahUKEwjkyKW1sdmMAxVcRUEAHTecN1sQxfQBegQICRAC&usg=AOvVaw2VLX_wVh8jS9nJCNz2IQOP,Global grain merchant Archer-Daniels-Midland has begun shutting down domestic trading operations in China and laying off staff within its largest business...,2018
9 hours ago,Patient corn bulls emerge victorious post tariff onslaught,Reuters,https://www.reuters.com/markets/commodities/patient-corn-bulls-emerge-victorious-post-tariff-onslaught-braun-2025-04-13/&ved=2ahUKEwiq5vq2sdmMAxUPXUEAHaO1Pbc4ChDF9AF6BAgFEAI&usg=AOvVaw0X6dgx6vcw7uPmB-qMbyGm,"After building immensely bullish bets, speculators in late February rode out Chicago corn's worst downturn in over a year as the United States prepared to...",2018
9 hours ago,"Argentina peso tumbles as Wall St cheers FX controls easing, IMF deal",Reuters,https://www.reuters.com/markets/currencies/wall-st-expects-argentina-market-boost-imf-deal-big-shift-fx-controls-2025-04-14/&ved=2ahUKEwiGg8-2sdmMAxXrUkEAHbyxCZoQxfQBegQIAhAC&usg=AOvVaw2PnNGUc24_ZILZRHIxNT_3,Argentina's peso slid 10% on Monday to near 1200 per dollar after the country undid large parts of its currency and capital controls at the end of last week...,2018
9 hours ago,"Argentina peso tumbles as Wall St cheers FX controls easing, IMF deal",Reuters,https://www.reuters.com/markets/currencies/wall-st-expects-argentina-market-boost-imf-deal-big-shift-fx-controls-2025-04-14/&ved=2ahUKEwjkyKW1sdmMAxVcRUEAHTecN1sQxfQBegQIBxAC&usg=AOvVaw1E9Fx0-DSYGk7IcksM1tya,Argentina's peso slid 10% on Monday to near 1200 per dollar after the country undid large parts of its currency and capital controls at the end of last week...,2018
0 hours ago,"China to keep building coal plants through 2027, state planner says",Reuters,https://www.reuters.com/sustainability/climate-energy/china-keep-building-coal-plants-through-2027-state-planner-says-2025-04-14/&ved=2ahUKEwiKg-K4sdmMAxXNSUEAHZ_TJ1A4ChDF9AF6BAgDEAI&usg=AOvVaw33UM7A0GKmwXPkKPPNQdCn,"China plans to keep building coal-fired power plants through 2027 in regions where they are needed to meet peak power demand or stabilise the grid,...",2019
0 hours ago,Top US power sector CEOs pull down $115 million in performance pay,Reuters,https://www.reuters.com/business/energy/top-us-power-sector-ceos-pull-down-115-million-performance-pay-2025-04-14/&ved=2ahUKEwiMlbO4sdmMAxXKYEEAHZdVFE0QxfQBegQIAxAC&usg=AOvVaw1uuXIVXFEyQclLUsQm91_k,CEOs of the 10 largest U.S. utilities earned more than $115 million combined in a recent three-year period as demand for electricity from their power plants...,2019
0 hours ago,Trump administration cancels $3 billion climate-friendly farming program,Reuters,https://www.reuters.com/world/us/trump-administration-cancels-3-billion-climate-friendly-farming-program-2025-04-14/&ved=2ahUKEwiMlbO4sdmMAxXKYEEAHZdVFE0QxfQBegQIAhAC&usg=AOvVaw1rSToOOH24fbSO1c61B0ji,The U.S. Department of Agriculture on Monday said it had canceled a $3 billion program for climate-smart farming projects after a review found it did not...,2019
0 minutes ago,"UK wages increase by 5.9% in the three months to February, ONS says",Reuters,https://www.reuters.com/world/uk/uk-wages-increase-by-59-three-months-february-ons-says-2025-04-15/&ved=2ahUKEwiMlbO4sdmMAxXKYEEAHZdVFE0QxfQBegQIBxAC&usg=AOvVaw1E-S86CLseDMSBW9M6tI-g,"British average weekly earnings, excluding bonuses, rose by 5.9% in the three months to February compared with the same period a year earlier,...",2019
0 hours ago,Top US power sector CEOs pull down $115 million in performance pay,Reuters,https://www.reuters.com/business/energy/top-us-power-sector-ceos-pull-down-115-million-performance-pay-2025-04-14/&ved=2ahUKEwiEl4O4sdmMAxUXU0EAHZx5Od0QxfQBegQIBxAC&usg=AOvVaw2d_svZIrENzinqGTwW4UYl,CEOs of the 10 largest U.S. utilities earned more than $115 million combined in a recent three-year period as demand for electricity from their power plants...,2019
0 hours ago,Trump administration cancels $3 billion climate-friendly farming program,Reuters,https://www.reuters.com/world/us/trump-administration-cancels-3-billion-climate-friendly-farming-program-2025-04-14/&ved=2ahUKEwiEl4O4sdmMAxUXU0EAHZx5Od0QxfQBegQIARAC&usg=AOvVaw3qOZg6xds3vhKm8zsx0SC2,The U.S. Department of Agriculture on Monday said it had canceled a $3 billion program for climate-smart farming projects after a review found it did not...,2019
0 minutes ago,"UK wages increase by 5.9% in the three months to February, ONS says",Reuters,https://www.reuters.com/world/uk/uk-wages-increase-by-59-three-months-february-ons-says-2025-04-15/&ved=2ahUKEwiEl4O4sdmMAxUXU0EAHZx5Od0QxfQBegQIAxAC&usg=AOvVaw3woYAGs85X5bL6fBg6UphR,"British average weekly earnings, excluding bonuses, rose by 5.9% in the three months to February compared with the same period a year earlier,...",2019
2 hours ago,UK's Wood Group shares rise after enhanced bid from Dubai's Sidara,Reuters,https://www.reuters.com/business/energy/uks-wood-group-gets-conditional-bid-sidara-with-591-million-cash-injection-2025-04-14/&ved=2ahUKEwiKg-K4sdmMAxXNSUEAHZ_TJ1A4ChDF9AF6BAgBEAI&usg=AOvVaw0Kl6heAEbSZ1-nhJ5fMRoB,,2019
2 hours ago,Argentina farmers focus on harvest over sales despite currency boost,Reuters,https://www.reuters.com/markets/commodities/argentina-farmers-focus-harvest-over-sales-despite-currency-boost-2025-04-14/&ved=2ahUKEwiKg-K4sdmMAxXNSUEAHZ_TJ1A4ChDF9AF6BAgIEAI&usg=AOvVaw2jO_C-vkdivJKVQIizaIQd,"Argentina's grain industry welcomed an exchange-rate overhaul on Monday, though the new measures will likely not translate into immediate sales as the...",2019
2 hours ago,Annual mass pillow fight takes place in Toronto,Reuters,https://www.reuters.com/video/&ved=2ahUKEwiKg-K4sdmMAxXNSUEAHZ_TJ1A4ChDF9AF6BAgKEAI&usg=AOvVaw356IL3EZyGWcp1aurznADE,Reuters news in video: footage captured by award winning Reuters journalists from around the globe.,2019
2 hours ago,"Magnitude 5.2 earthquake strikes interior of San Diego County in California, USGS says",Reuters,https://www.reuters.com/business/environment/magnitude-51-earthquake-strikes-san-diego-country-estates-california-usgs-says-2025-04-14/&ved=2ahUKEwiKg-K4sdmMAxXNSUEAHZ_TJ1A4ChDF9AF6BAgHEAI&usg=AOvVaw2Kn1tFRzaR85uS-lUv39E8,"An earthquake measuring 5.2 magnitude struck the interior of San Diego County in California on Monday, the U.S. Geological Survey said.",2019
3 hours ago,Beer maker Molson Coors CEO Gavin Hattersley to retire,Reuters,https://www.reuters.com/business/retail-consumer/beer-maker-molson-coors-ceo-gavin-hattersley-retire-2025-04-14/&ved=2ahUKEwiKg-K4sdmMAxXNSUEAHZ_TJ1A4ChDF9AF6BAgEEAI&usg=AOvVaw0BXZbhh5hWmkEjTgK9mv8G,,2019
4 hours ago,"Europe had most widespread floods for more than a decade in 2024, scientists say",Reuters,https://www.reuters.com/sustainability/cop/europe-had-most-widespread-floods-more-than-decade-2024-scientists-say-2025-04-15/&ved=2ahUKEwiMlbO4sdmMAxXKYEEAHZdVFE0QxfQBegQIChAC&usg=AOvVaw1JHMJ4Z16eOgbhYh-h0w3i,"Europe faced its most widespread flooding last year since 2013, with 30% of the continent's river network hit by significant floods, scientists said on...",2019
4 hours ago,"Europe had most widespread floods for more than a decade in 2024, scientists say",Reuters,https://www.reuters.com/sustainability/cop/europe-had-most-widespread-floods-more-than-decade-2024-scientists-say-2025-04-15/&ved=2ahUKEwiEl4O4sdmMAxUXU0EAHZx5Od0QxfQBegQIChAC&usg=AOvVaw27rHLj4EmQcBEUDg0QXx5A,"Europe faced its most widespread flooding last year since 2013, with 30% of the continent's river network hit by significant floods, scientists said on...",2019
7 hours ago,Chipmaker Qorvo appoints two industry veterans to board,Reuters,https://www.reuters.com/technology/chipmaker-qorvo-appoints-two-industry-veterans-board-2025-04-14/&ved=2ahUKEwiKg-K4sdmMAxXNSUEAHZ_TJ1A4ChDF9AF6BAgFEAI&usg=AOvVaw1wXu7vk55lFvHaaPMfBElx,,2019
7 hours ago,FAA says it's investigating reported engine issue on Delta flight,Reuters,https://www.reuters.com/business/aerospace-defense/faa-says-its-investigating-reported-engine-issue-delta-flight-2025-04-14/&ved=2ahUKEwiMlbO4sdmMAxXKYEEAHZdVFE0QxfQBegQIBhAC&usg=AOvVaw38EI_CeFFvyHZek0edfi3J,The Federal Aviation Administration said it is investigating after a Delta airline crew reported an engine issue on a Boeing 737-900 flight on Monday.,2019
7 hours ago,"'All of them were dead,' says paramedic recalling Sumy attack",Reuters,https://www.reuters.com/video/watch/idRW668714042025RP1/&ved=2ahUKEwiMlbO4sdmMAxXKYEEAHZdVFE0QxfQBegQIBRAC&usg=AOvVaw2xfmQChFZHfpSRAMmqr543,"Ukrainian paramedic Artem Selianyn recounts ""walking over dead bodies"" as he tended to the wounded when two Russian missiles slammed the northeastern city...",2019
7 hours ago,"T. Rowe Price Investment Management to back Starboard in Autodesk proxy fight, source says",Reuters,https://www.reuters.com/business/t-rowe-price-investment-management-back-starboard-autodesk-proxy-fight-source-2025-04-14/&ved=2ahUKEwiMlbO4sdmMAxXKYEEAHZdVFE0QxfQBegQIBBAC&usg=AOvVaw3uRlNAw6kD9eTWvvCU9DyM,"T. Rowe Price Investment Management, one of Autodesk's biggest investors, plans to vote for activist investor Starboard Value's director nominees in a...",2019
7 hours ago,Fuel News | Today's Latest Stories,Reuters,https://www.reuters.com/business/energy/fuel/&ved=2ahUKEwiMlbO4sdmMAxXKYEEAHZdVFE0QxfQBegQICBAC&usg=AOvVaw2cJvQ8tQpq7-zDmbLibocM,,2019
7 hours ago,FAA says it's investigating reported engine issue on Delta flight,Reuters,https://www.reuters.com/business/aerospace-defense/faa-says-its-investigating-reported-engine-issue-delta-flight-2025-04-14/&ved=2ahUKEwiEl4O4sdmMAxUXU0EAHZx5Od0QxfQBegQIBRAC&usg=AOvVaw1CoztUdoyNjVvicBhvotFB,The Federal Aviation Administration said it is investigating after a Delta airline crew reported an engine issue on a Boeing 737-900 flight on Monday.,2019
7 hours ago,"'All of them were dead,' says paramedic recalling Sumy attack",Reuters,https://www.reuters.com/video/watch/idRW668714042025RP1/&ved=2ahUKEwiEl4O4sdmMAxUXU0EAHZx5Od0QxfQBegQICBAC&usg=AOvVaw3SOowT_WCLB8qVlsguXMLt,"Ukrainian paramedic Artem Selianyn recounts ""walking over dead bodies"" as he tended to the wounded when two Russian missiles slammed the northeastern city...",2019
7 hours ago,"T. Rowe Price Investment Management to back Starboard in Autodesk proxy fight, source says",Reuters,https://www.reuters.com/business/t-rowe-price-investment-management-back-starboard-autodesk-proxy-fight-source-2025-04-14/&ved=2ahUKEwiEl4O4sdmMAxUXU0EAHZx5Od0QxfQBegQIBBAC&usg=AOvVaw2lC-lty66ouAocIUIG6YDq,"T. Rowe Price Investment Management, one of Autodesk's biggest investors, plans to vote for activist investor Starboard Value's director nominees in a...",2019
7 hours ago,Fuel News | Today's Latest Stories,Reuters,https://www.reuters.com/business/energy/fuel/&ved=2ahUKEwiEl4O4sdmMAxUXU0EAHZx5Od0QxfQBegQICRAC&usg=AOvVaw0J1_sN3rNIgOeQZV9yBeH2,,2019
8 hours ago,"Germany struggles to get consumers to spend, not save",Reuters,https://www.reuters.com/markets/europe/economy-stalls-germany-struggles-get-consumers-spending-2025-04-14/&ved=2ahUKEwiKg-K4sdmMAxXNSUEAHZ_TJ1A4ChDF9AF6BAgJEAI&usg=AOvVaw2dGWVnuUhe-SoTLdmHIugG,"With global trade deeply uncertain and a tariff war causing havoc on financial markets, Germany's next government is hoping to unleash domestic consumption...",2019
8 hours ago,"‘No lettuce, no Big Mac’: why Beth Hart is steering McDonald’s towards regenerative agriculture",Reuters,https://www.reuters.com/sustainability/land-use-biodiversity/no-lettuce-no-big-mac-why-beth-hart-is-steering-mcdonalds-towards-regenerative-2025-04-14/&ved=2ahUKEwiKg-K4sdmMAxXNSUEAHZ_TJ1A4ChDF9AF6BAgGEAI&usg=AOvVaw3b-0td214L0q9ufckObP9w,"In August 2020, when McDonald's announced an initiative with farmers in Nebraska to improve soil health, techniques like cover cropping and reduced tillage...",2019
8 hours ago,"ADM halting domestic trading in China, cutting jobs in Shanghai",Reuters,https://www.reuters.com/markets/commodities/adm-halting-domestic-trading-china-cutting-jobs-shanghai-2025-04-14/&ved=2ahUKEwiMlbO4sdmMAxXKYEEAHZdVFE0QxfQBegQICRAC&usg=AOvVaw35gwsInJ6KP_L5F3yn4kTP,Global grain merchant Archer-Daniels-Midland has begun shutting down domestic trading operations in China and laying off staff within its largest business...,2019
8 hours ago,"ADM halting domestic trading in China, cutting jobs in Shanghai",Reuters,https://www.reuters.com/markets/commodities/adm-halting-domestic-trading-china-cutting-jobs-shanghai-2025-04-14/&ved=2ahUKEwiEl4O4sdmMAxUXU0EAHZx5Od0QxfQBegQIAhAC&usg=AOvVaw1uV3tIaa7R4vNbShok5g5T,Global grain merchant Archer-Daniels-Midland has begun shutting down domestic trading operations in China and laying off staff within its largest business...,2019
9 hours ago,Patient corn bulls emerge victorious post tariff onslaught,Reuters,https://www.reuters.com/markets/commodities/patient-corn-bulls-emerge-victorious-post-tariff-onslaught-braun-2025-04-13/&ved=2ahUKEwiKg-K4sdmMAxXNSUEAHZ_TJ1A4ChDF9AF6BAgCEAI&usg=AOvVaw1U-dZC8I4dl7ed_24ATlv3,"After building immensely bullish bets, speculators in late February rode out Chicago corn's worst downturn in over a year as the United States prepared to...",2019
9 hours ago,"Argentina peso tumbles as Wall St cheers FX controls easing, IMF deal",Reuters,https://www.reuters.com/markets/currencies/wall-st-expects-argentina-market-boost-imf-deal-big-shift-fx-controls-2025-04-14/&ved=2ahUKEwiMlbO4sdmMAxXKYEEAHZdVFE0QxfQBegQIARAC&usg=AOvVaw0Nv56id0uLvtyOO9C_Eumh,Argentina's peso slid 10% on Monday to near 1200 per dollar after the country undid large parts of its currency and capital controls at the end of last week...,2019
9 hours ago,"Argentina peso tumbles as Wall St cheers FX controls easing, IMF deal",Reuters,https://www.reuters.com/markets/currencies/wall-st-expects-argentina-market-boost-imf-deal-big-shift-fx-controls-2025-04-14/&ved=2ahUKEwiEl4O4sdmMAxUXU0EAHZx5Od0QxfQBegQIBhAC&usg=AOvVaw3MvGsca_QWmXm_Wt2TNd9v,Argentina's peso slid 10% on Monday to near 1200 per dollar after the country undid large parts of its currency and capital controls at the end of last week...,2019
0 hours ago,"China to keep building coal plants through 2027, state planner says",Reuters,https://www.reuters.com/sustainability/climate-energy/china-keep-building-coal-plants-through-2027-state-planner-says-2025-04-14/&ved=2ahUKEwiKg-K4sdmMAxXNSUEAHZ_TJ1A4ChDF9AF6BAgDEAI&usg=AOvVaw33UM7A0GKmwXPkKPPNQdCn,"China plans to keep building coal-fired power plants through 2027 in regions where they are needed to meet peak power demand or stabilise the grid,...",2019
0 hours ago,Top US power sector CEOs pull down $115 million in performance pay,Reuters,https://www.reuters.com/business/energy/top-us-power-sector-ceos-pull-down-115-million-performance-pay-2025-04-14/&ved=2ahUKEwiMlbO4sdmMAxXKYEEAHZdVFE0QxfQBegQIAxAC&usg=AOvVaw1uuXIVXFEyQclLUsQm91_k,CEOs of the 10 largest U.S. utilities earned more than $115 million combined in a recent three-year period as demand for electricity from their power plants...,2019
0 hours ago,Trump administration cancels $3 billion climate-friendly farming program,Reuters,https://www.reuters.com/world/us/trump-administration-cancels-3-billion-climate-friendly-farming-program-2025-04-14/&ved=2ahUKEwiMlbO4sdmMAxXKYEEAHZdVFE0QxfQBegQIAhAC&usg=AOvVaw1rSToOOH24fbSO1c61B0ji,The U.S. Department of Agriculture on Monday said it had canceled a $3 billion program for climate-smart farming projects after a review found it did not...,2019
0 minutes ago,"UK wages increase by 5.9% in the three months to February, ONS says",Reuters,https://www.reuters.com/world/uk/uk-wages-increase-by-59-three-months-february-ons-says-2025-04-15/&ved=2ahUKEwiMlbO4sdmMAxXKYEEAHZdVFE0QxfQBegQIBxAC&usg=AOvVaw1E-S86CLseDMSBW9M6tI-g,"British average weekly earnings, excluding bonuses, rose by 5.9% in the three months to February compared with the same period a year earlier,...",2019
0 hours ago,Top US power sector CEOs pull down $115 million in performance pay,Reuters,https://www.reuters.com/business/energy/top-us-power-sector-ceos-pull-down-115-million-performance-pay-2025-04-14/&ved=2ahUKEwiEl4O4sdmMAxUXU0EAHZx5Od0QxfQBegQIBxAC&usg=AOvVaw2d_svZIrENzinqGTwW4UYl,CEOs of the 10 largest U.S. utilities earned more than $115 million combined in a recent three-year period as demand for electricity from their power plants...,2019
0 hours ago,Trump administration cancels $3 billion climate-friendly farming program,Reuters,https://www.reuters.com/world/us/trump-administration-cancels-3-billion-climate-friendly-farming-program-2025-04-14/&ved=2ahUKEwiEl4O4sdmMAxUXU0EAHZx5Od0QxfQBegQIARAC&usg=AOvVaw3qOZg6xds3vhKm8zsx0SC2,The U.S. Department of Agriculture on Monday said it had canceled a $3 billion program for climate-smart farming projects after a review found it did not...,2019
0 minutes ago,"UK wages increase by 5.9% in the three months to February, ONS says",Reuters,https://www.reuters.com/world/uk/uk-wages-increase-by-59-three-months-february-ons-says-2025-04-15/&ved=2ahUKEwiEl4O4sdmMAxUXU0EAHZx5Od0QxfQBegQIAxAC&usg=AOvVaw3woYAGs85X5bL6fBg6UphR,"British average weekly earnings, excluding bonuses, rose by 5.9% in the three months to February compared with the same period a year earlier,...",2019
2 hours ago,UK's Wood Group shares rise after enhanced bid from Dubai's Sidara,Reuters,https://www.reuters.com/business/energy/uks-wood-group-gets-conditional-bid-sidara-with-591-million-cash-injection-2025-04-14/&ved=2ahUKEwiKg-K4sdmMAxXNSUEAHZ_TJ1A4ChDF9AF6BAgBEAI&usg=AOvVaw0Kl6heAEbSZ1-nhJ5fMRoB,,2019
2 hours ago,Argentina farmers focus on harvest over sales despite currency boost,Reuters,https://www.reuters.com/markets/commodities/argentina-farmers-focus-harvest-over-sales-despite-currency-boost-2025-04-14/&ved=2ahUKEwiKg-K4sdmMAxXNSUEAHZ_TJ1A4ChDF9AF6BAgIEAI&usg=AOvVaw2jO_C-vkdivJKVQIizaIQd,"Argentina's grain industry welcomed an exchange-rate overhaul on Monday, though the new measures will likely not translate into immediate sales as the...",2019
2 hours ago,Annual mass pillow fight takes place in Toronto,Reuters,https://www.reuters.com/video/&ved=2ahUKEwiKg-K4sdmMAxXNSUEAHZ_TJ1A4ChDF9AF6BAgKEAI&usg=AOvVaw356IL3EZyGWcp1aurznADE,Reuters news in video: footage captured by award winning Reuters journalists from around the globe.,2019
2 hours ago,"Magnitude 5.2 earthquake strikes interior of San Diego County in California, USGS says",Reuters,https://www.reuters.com/business/environment/magnitude-51-earthquake-strikes-san-diego-country-estates-california-usgs-says-2025-04-14/&ved=2ahUKEwiKg-K4sdmMAxXNSUEAHZ_TJ1A4ChDF9AF6BAgHEAI&usg=AOvVaw2Kn1tFRzaR85uS-lUv39E8,"An earthquake measuring 5.2 magnitude struck the interior of San Diego County in California on Monday, the U.S. Geological Survey said.",2019
3 hours ago,Beer maker Molson Coors CEO Gavin Hattersley to retire,Reuters,https://www.reuters.com/business/retail-consumer/beer-maker-molson-coors-ceo-gavin-hattersley-retire-2025-04-14/&ved=2ahUKEwiKg-K4sdmMAxXNSUEAHZ_TJ1A4ChDF9AF6BAgEEAI&usg=AOvVaw0BXZbhh5hWmkEjTgK9mv8G,,2019
4 hours ago,"Europe had most widespread floods for more than a decade in 2024, scientists say",Reuters,https://www.reuters.com/sustainability/cop/europe-had-most-widespread-floods-more-than-decade-2024-scientists-say-2025-04-15/&ved=2ahUKEwiMlbO4sdmMAxXKYEEAHZdVFE0QxfQBegQIChAC&usg=AOvVaw1JHMJ4Z16eOgbhYh-h0w3i,"Europe faced its most widespread flooding last year since 2013, with 30% of the continent's river network hit by significant floods, scientists said on...",2019
4 hours ago,"Europe had most widespread floods for more than a decade in 2024, scientists say",Reuters,https://www.reuters.com/sustainability/cop/europe-had-most-widespread-floods-more-than-decade-2024-scientists-say-2025-04-15/&ved=2ahUKEwiEl4O4sdmMAxUXU0EAHZx5Od0QxfQBegQIChAC&usg=AOvVaw27rHLj4EmQcBEUDg0QXx5A,"Europe faced its most widespread flooding last year since 2013, with 30% of the continent's river network hit by significant floods, scientists said on...",2019
7 hours ago,Chipmaker Qorvo appoints two industry veterans to board,Reuters,https://www.reuters.com/technology/chipmaker-qorvo-appoints-two-industry-veterans-board-2025-04-14/&ved=2ahUKEwiKg-K4sdmMAxXNSUEAHZ_TJ1A4ChDF9AF6BAgFEAI&usg=AOvVaw1wXu7vk55lFvHaaPMfBElx,,2019
7 hours ago,FAA says it's investigating reported engine issue on Delta flight,Reuters,https://www.reuters.com/business/aerospace-defense/faa-says-its-investigating-reported-engine-issue-delta-flight-2025-04-14/&ved=2ahUKEwiMlbO4sdmMAxXKYEEAHZdVFE0QxfQBegQIBhAC&usg=AOvVaw38EI_CeFFvyHZek0edfi3J,The Federal Aviation Administration said it is investigating after a Delta airline crew reported an engine issue on a Boeing 737-900 flight on Monday.,2019
7 hours ago,"'All of them were dead,' says paramedic recalling Sumy attack",Reuters,https://www.reuters.com/video/watch/idRW668714042025RP1/&ved=2ahUKEwiMlbO4sdmMAxXKYEEAHZdVFE0QxfQBegQIBRAC&usg=AOvVaw2xfmQChFZHfpSRAMmqr543,"Ukrainian paramedic Artem Selianyn recounts ""walking over dead bodies"" as he tended to the wounded when two Russian missiles slammed the northeastern city...",2019
7 hours ago,"T. Rowe Price Investment Management to back Starboard in Autodesk proxy fight, source says",Reuters,https://www.reuters.com/business/t-rowe-price-investment-management-back-starboard-autodesk-proxy-fight-source-2025-04-14/&ved=2ahUKEwiMlbO4sdmMAxXKYEEAHZdVFE0QxfQBegQIBBAC&usg=AOvVaw3uRlNAw6kD9eTWvvCU9DyM,"T. Rowe Price Investment Management, one of Autodesk's biggest investors, plans to vote for activist investor Starboard Value's director nominees in a...",2019
7 hours ago,Fuel News | Today's Latest Stories,Reuters,https://www.reuters.com/business/energy/fuel/&ved=2ahUKEwiMlbO4sdmMAxXKYEEAHZdVFE0QxfQBegQICBAC&usg=AOvVaw2cJvQ8tQpq7-zDmbLibocM,,2019
7 hours ago,FAA says it's investigating reported engine issue on Delta flight,Reuters,https://www.reuters.com/business/aerospace-defense/faa-says-its-investigating-reported-engine-issue-delta-flight-2025-04-14/&ved=2ahUKEwiEl4O4sdmMAxUXU0EAHZx5Od0QxfQBegQIBRAC&usg=AOvVaw1CoztUdoyNjVvicBhvotFB,The Federal Aviation Administration said it is investigating after a Delta airline crew reported an engine issue on a Boeing 737-900 flight on Monday.,2019
7 hours ago,"'All of them were dead,' says paramedic recalling Sumy attack",Reuters,https://www.reuters.com/video/watch/idRW668714042025RP1/&ved=2ahUKEwiEl4O4sdmMAxUXU0EAHZx5Od0QxfQBegQICBAC&usg=AOvVaw3SOowT_WCLB8qVlsguXMLt,"Ukrainian paramedic Artem Selianyn recounts ""walking over dead bodies"" as he tended to the wounded when two Russian missiles slammed the northeastern city...",2019
7 hours ago,"T. Rowe Price Investment Management to back Starboard in Autodesk proxy fight, source says",Reuters,https://www.reuters.com/business/t-rowe-price-investment-management-back-starboard-autodesk-proxy-fight-source-2025-04-14/&ved=2ahUKEwiEl4O4sdmMAxUXU0EAHZx5Od0QxfQBegQIBBAC&usg=AOvVaw2lC-lty66ouAocIUIG6YDq,"T. Rowe Price Investment Management, one of Autodesk's biggest investors, plans to vote for activist investor Starboard Value's director nominees in a...",2019
7 hours ago,Fuel News | Today's Latest Stories,Reuters,https://www.reuters.com/business/energy/fuel/&ved=2ahUKEwiEl4O4sdmMAxUXU0EAHZx5Od0QxfQBegQICRAC&usg=AOvVaw0J1_sN3rNIgOeQZV9yBeH2,,2019
8 hours ago,"Germany struggles to get consumers to spend, not save",Reuters,https://www.reuters.com/markets/europe/economy-stalls-germany-struggles-get-consumers-spending-2025-04-14/&ved=2ahUKEwiKg-K4sdmMAxXNSUEAHZ_TJ1A4ChDF9AF6BAgJEAI&usg=AOvVaw2dGWVnuUhe-SoTLdmHIugG,"With global trade deeply uncertain and a tariff war causing havoc on financial markets, Germany's next government is hoping to unleash domestic consumption...",2019
8 hours ago,"‘No lettuce, no Big Mac’: why Beth Hart is steering McDonald’s towards regenerative agriculture",Reuters,https://www.reuters.com/sustainability/land-use-biodiversity/no-lettuce-no-big-mac-why-beth-hart-is-steering-mcdonalds-towards-regenerative-2025-04-14/&ved=2ahUKEwiKg-K4sdmMAxXNSUEAHZ_TJ1A4ChDF9AF6BAgGEAI&usg=AOvVaw3b-0td214L0q9ufckObP9w,"In August 2020, when McDonald's announced an initiative with farmers in Nebraska to improve soil health, techniques like cover cropping and reduced tillage...",2019
8 hours ago,"ADM halting domestic trading in China, cutting jobs in Shanghai",Reuters,https://www.reuters.com/markets/commodities/adm-halting-domestic-trading-china-cutting-jobs-shanghai-2025-04-14/&ved=2ahUKEwiMlbO4sdmMAxXKYEEAHZdVFE0QxfQBegQICRAC&usg=AOvVaw35gwsInJ6KP_L5F3yn4kTP,Global grain merchant Archer-Daniels-Midland has begun shutting down domestic trading operations in China and laying off staff within its largest business...,2019
8 hours ago,"ADM halting domestic trading in China, cutting jobs in Shanghai",Reuters,https://www.reuters.com/markets/commodities/adm-halting-domestic-trading-china-cutting-jobs-shanghai-2025-04-14/&ved=2ahUKEwiEl4O4sdmMAxUXU0EAHZx5Od0QxfQBegQIAhAC&usg=AOvVaw1uV3tIaa7R4vNbShok5g5T,Global grain merchant Archer-Daniels-Midland has begun shutting down domestic trading operations in China and laying off staff within its largest business...,2019
9 hours ago,Patient corn bulls emerge victorious post tariff onslaught,Reuters,https://www.reuters.com/markets/commodities/patient-corn-bulls-emerge-victorious-post-tariff-onslaught-braun-2025-04-13/&ved=2ahUKEwiKg-K4sdmMAxXNSUEAHZ_TJ1A4ChDF9AF6BAgCEAI&usg=AOvVaw1U-dZC8I4dl7ed_24ATlv3,"After building immensely bullish bets, speculators in late February rode out Chicago corn's worst downturn in over a year as the United States prepared to...",2019
9 hours ago,"Argentina peso tumbles as Wall St cheers FX controls easing, IMF deal",Reuters,https://www.reuters.com/markets/currencies/wall-st-expects-argentina-market-boost-imf-deal-big-shift-fx-controls-2025-04-14/&ved=2ahUKEwiMlbO4sdmMAxXKYEEAHZdVFE0QxfQBegQIARAC&usg=AOvVaw0Nv56id0uLvtyOO9C_Eumh,Argentina's peso slid 10% on Monday to near 1200 per dollar after the country undid large parts of its currency and capital controls at the end of last week...,2019
9 hours ago,"Argentina peso tumbles as Wall St cheers FX controls easing, IMF deal",Reuters,https://www.reuters.com/markets/currencies/wall-st-expects-argentina-market-boost-imf-deal-big-shift-fx-controls-2025-04-14/&ved=2ahUKEwiEl4O4sdmMAxUXU0EAHZx5Od0QxfQBegQIBhAC&usg=AOvVaw3MvGsca_QWmXm_Wt2TNd9v,Argentina's peso slid 10% on Monday to near 1200 per dollar after the country undid large parts of its currency and capital controls at the end of last week...,2019
0 hours ago,"China to keep building coal plants through 2027, state planner says",Reuters,https://www.reuters.com/sustainability/climate-energy/china-keep-building-coal-plants-through-2027-state-planner-says-2025-04-14/&ved=2ahUKEwiaw9C6sdmMAxXMT0EAHfktFro4ChDF9AF6BAgDEAI&usg=AOvVaw0b69LQQr-7RQAiUenPfqeF,"China plans to keep building coal-fired power plants through 2027 in regions where they are needed to meet peak power demand or stabilise the grid,...",2020
0 hours ago,Top US power sector CEOs pull down $115 million in performance pay,Reuters,https://www.reuters.com/business/energy/top-us-power-sector-ceos-pull-down-115-million-performance-pay-2025-04-14/&ved=2ahUKEwjcqZ66sdmMAxWqYEEAHVooOgcQxfQBegQIBBAC&usg=AOvVaw2tqJL0wSm2jqD518Axn1nD,CEOs of the 10 largest U.S. utilities earned more than $115 million combined in a recent three-year period as demand for electricity from their power plants...,2020
0 hours ago,Trump administration cancels $3 billion climate-friendly farming program,Reuters,https://www.reuters.com/world/us/trump-administration-cancels-3-billion-climate-friendly-farming-program-2025-04-14/&ved=2ahUKEwjcqZ66sdmMAxWqYEEAHVooOgcQxfQBegQICBAC&usg=AOvVaw2dkiLn6VHgPzbb8kP6NtT_,The U.S. Department of Agriculture on Monday said it had canceled a $3 billion program for climate-smart farming projects after a review found it did not...,2020
0 minutes ago,"UK wages increase by 5.9% in the three months to February, ONS says",Reuters,https://www.reuters.com/world/uk/uk-wages-increase-by-59-three-months-february-ons-says-2025-04-15/&ved=2ahUKEwjcqZ66sdmMAxWqYEEAHVooOgcQxfQBegQIBhAC&usg=AOvVaw2iie_d0MFsYBlHEJ2EnjdS,"British average weekly earnings, excluding bonuses, rose by 5.9% in the three months to February compared with the same period a year earlier,...",2020
0 hours ago,Top US power sector CEOs pull down $115 million in performance pay,Reuters,https://www.reuters.com/business/energy/top-us-power-sector-ceos-pull-down-115-million-performance-pay-2025-04-14/&ved=2ahUKEwjG0-y5sdmMAxXcQ0EAHaJLAaQQxfQBegQIAhAC&usg=AOvVaw2yLqHIBgI0jfiqv7kBfs3y,CEOs of the 10 largest U.S. utilities earned more than $115 million combined in a recent three-year period as demand for electricity from their power plants...,2020
0 hours ago,Trump administration cancels $3 billion climate-friendly farming program,Reuters,https://www.reuters.com/world/us/trump-administration-cancels-3-billion-climate-friendly-farming-program-2025-04-14/&ved=2ahUKEwjG0-y5sdmMAxXcQ0EAHaJLAaQQxfQBegQIBhAC&usg=AOvVaw2DIj_-I9Ln5rN3MqwQI3Iv,The U.S. Department of Agriculture on Monday said it had canceled a $3 billion program for climate-smart farming projects after a review found it did not...,2020
0 minutes ago,"UK wages increase by 5.9% in the three months to February, ONS says",Reuters,https://www.reuters.com/world/uk/uk-wages-increase-by-59-three-months-february-ons-says-2025-04-15/&ved=2ahUKEwjG0-y5sdmMAxXcQ0EAHaJLAaQQxfQBegQIBxAC&usg=AOvVaw2gboILTZdZo2Pyfazg0dsd,"British average weekly earnings, excluding bonuses, rose by 5.9% in the three months to February compared with the same period a year earlier,...",2020
2 hours ago,UK's Wood Group shares rise after enhanced bid from Dubai's Sidara,Reuters,https://www.reuters.com/business/energy/uks-wood-group-gets-conditional-bid-sidara-with-591-million-cash-injection-2025-04-14/&ved=2ahUKEwiaw9C6sdmMAxXMT0EAHfktFro4ChDF9AF6BAgIEAI&usg=AOvVaw3DF5cBO2H8ph57OYFD4vHl,,2020
2 hours ago,Argentina farmers focus on harvest over sales despite currency boost,Reuters,https://www.reuters.com/markets/commodities/argentina-farmers-focus-harvest-over-sales-despite-currency-boost-2025-04-14/&ved=2ahUKEwiaw9C6sdmMAxXMT0EAHfktFro4ChDF9AF6BAgJEAI&usg=AOvVaw3MCjSPLUtOuyhmKksfdNYS,"Argentina's grain industry welcomed an exchange-rate overhaul on Monday, though the new measures will likely not translate into immediate sales as the...",2020
2 hours ago,Annual mass pillow fight takes place in Toronto,Reuters,https://www.reuters.com/video/&ved=2ahUKEwiaw9C6sdmMAxXMT0EAHfktFro4ChDF9AF6BAgKEAI&usg=AOvVaw0KgmOcChVnfPLJIbYZjDW0,Reuters news in video: footage captured by award winning Reuters journalists from around the globe.,2020
2 hours ago,"Magnitude 5.2 earthquake strikes interior of San Diego County in California, USGS says",Reuters,https://www.reuters.com/business/environment/magnitude-51-earthquake-strikes-san-diego-country-estates-california-usgs-says-2025-04-14/&ved=2ahUKEwiaw9C6sdmMAxXMT0EAHfktFro4ChDF9AF6BAgBEAI&usg=AOvVaw1JP4E_k4sc1om5hCnNE-X4,"An earthquake measuring 5.2 magnitude struck the interior of San Diego County in California on Monday, the U.S. Geological Survey said.",2020
3 hours ago,Beer maker Molson Coors CEO Gavin Hattersley to retire,Reuters,https://www.reuters.com/business/retail-consumer/beer-maker-molson-coors-ceo-gavin-hattersley-retire-2025-04-14/&ved=2ahUKEwiaw9C6sdmMAxXMT0EAHfktFro4ChDF9AF6BAgHEAI&usg=AOvVaw3JhP_SdC8mZOj-sG0iDfCN,,2020
4 hours ago,"Europe had most widespread floods for more than a decade in 2024, scientists say",Reuters,https://www.reuters.com/sustainability/cop/europe-had-most-widespread-floods-more-than-decade-2024-scientists-say-2025-04-15/&ved=2ahUKEwjcqZ66sdmMAxWqYEEAHVooOgcQxfQBegQIChAC&usg=AOvVaw3YyUj7IX1oxNmkb46USRNg,"Europe faced its most widespread flooding last year since 2013, with 30% of the continent's river network hit by significant floods, scientists said on...",2020
4 hours ago,"Europe had most widespread floods for more than a decade in 2024, scientists say",Reuters,https://www.reuters.com/sustainability/cop/europe-had-most-widespread-floods-more-than-decade-2024-scientists-say-2025-04-15/&ved=2ahUKEwjG0-y5sdmMAxXcQ0EAHaJLAaQQxfQBegQIChAC&usg=AOvVaw0rh30eoNMTquEOBGmVelWG,"Europe faced its most widespread flooding last year since 2013, with 30% of the continent's river network hit by significant floods, scientists said on...",2020
7 hours ago,Chipmaker Qorvo appoints two industry veterans to board,Reuters,https://www.reuters.com/technology/chipmaker-qorvo-appoints-two-industry-veterans-board-2025-04-14/&ved=2ahUKEwiaw9C6sdmMAxXMT0EAHfktFro4ChDF9AF6BAgEEAI&usg=AOvVaw11OcdYIDsE0sTxeiwDEJ2Y,,2020
7 hours ago,FAA says it's investigating reported engine issue on Delta flight,Reuters,https://www.reuters.com/business/aerospace-defense/faa-says-its-investigating-reported-engine-issue-delta-flight-2025-04-14/&ved=2ahUKEwjcqZ66sdmMAxWqYEEAHVooOgcQxfQBegQIAxAC&usg=AOvVaw3JjaO1WpuKW-tzLWmBzooq,The Federal Aviation Administration said it is investigating after a Delta airline crew reported an engine issue on a Boeing 737-900 flight on Monday.,2020
7 hours ago,"'All of them were dead,' says paramedic recalling Sumy attack",Reuters,https://www.reuters.com/video/watch/idRW668714042025RP1/&ved=2ahUKEwjcqZ66sdmMAxWqYEEAHVooOgcQxfQBegQICRAC&usg=AOvVaw3hKvMQdKXR9pN9-ij0zqBH,"Ukrainian paramedic Artem Selianyn recounts ""walking over dead bodies"" as he tended to the wounded when two Russian missiles slammed the northeastern city...",2020
7 hours ago,"T. Rowe Price Investment Management to back Starboard in Autodesk proxy fight, source says",Reuters,https://www.reuters.com/business/t-rowe-price-investment-management-back-starboard-autodesk-proxy-fight-source-2025-04-14/&ved=2ahUKEwjcqZ66sdmMAxWqYEEAHVooOgcQxfQBegQIBRAC&usg=AOvVaw2OnF7ktqxCn57gSh-qtZmK,"T. Rowe Price Investment Management, one of Autodesk's biggest investors, plans to vote for activist investor Starboard Value's director nominees in a...",2020
7 hours ago,Fuel News | Today's Latest Stories,Reuters,https://www.reuters.com/business/energy/fuel/&ved=2ahUKEwjcqZ66sdmMAxWqYEEAHVooOgcQxfQBegQIARAC&usg=AOvVaw2WRtMgpCHQrygl5KNQgtBP,,2020
7 hours ago,FAA says it's investigating reported engine issue on Delta flight,Reuters,https://www.reuters.com/business/aerospace-defense/faa-says-its-investigating-reported-engine-issue-delta-flight-2025-04-14/&ved=2ahUKEwjG0-y5sdmMAxXcQ0EAHaJLAaQQxfQBegQIBBAC&usg=AOvVaw1b_3dIyKX0qS3XexxxTxVm,The Federal Aviation Administration said it is investigating after a Delta airline crew reported an engine issue on a Boeing 737-900 flight on Monday.,2020
7 hours ago,"'All of them were dead,' says paramedic recalling Sumy attack",Reuters,https://www.reuters.com/video/watch/idRW668714042025RP1/&ved=2ahUKEwjG0-y5sdmMAxXcQ0EAHaJLAaQQxfQBegQIAxAC&usg=AOvVaw2eWZnZHP7XgIiE9FND9zE7,"Ukrainian paramedic Artem Selianyn recounts ""walking over dead bodies"" as he tended to the wounded when two Russian missiles slammed the northeastern city...",2020
7 hours ago,"T. Rowe Price Investment Management to back Starboard in Autodesk proxy fight, source says",Reuters,https://www.reuters.com/business/t-rowe-price-investment-management-back-starboard-autodesk-proxy-fight-source-2025-04-14/&ved=2ahUKEwjG0-y5sdmMAxXcQ0EAHaJLAaQQxfQBegQICRAC&usg=AOvVaw0EcyJarT-dBMoAQVBXdLRz,"T. Rowe Price Investment Management, one of Autodesk's biggest investors, plans to vote for activist investor Starboard Value's director nominees in a...",2020
7 hours ago,Fuel News | Today's Latest Stories,Reuters,https://www.reuters.com/business/energy/fuel/&ved=2ahUKEwjG0-y5sdmMAxXcQ0EAHaJLAaQQxfQBegQICBAC&usg=AOvVaw3uo77dkAMrVadpSoRaWwgb,,2020
8 hours ago,"Germany struggles to get consumers to spend, not save",Reuters,https://www.reuters.com/markets/europe/economy-stalls-germany-struggles-get-consumers-spending-2025-04-14/&ved=2ahUKEwiaw9C6sdmMAxXMT0EAHfktFro4ChDF9AF6BAgCEAI&usg=AOvVaw19WiO1B5g3xriGiqjzZmaY,"With global trade deeply uncertain and a tariff war causing havoc on financial markets, Germany's next government is hoping to unleash domestic consumption...",2020
8 hours ago,"‘No lettuce, no Big Mac’: why Beth Hart is steering McDonald’s towards regenerative agriculture",Reuters,https://www.reuters.com/sustainability/land-use-biodiversity/no-lettuce-no-big-mac-why-beth-hart-is-steering-mcdonalds-towards-regenerative-2025-04-14/&ved=2ahUKEwiaw9C6sdmMAxXMT0EAHfktFro4ChDF9AF6BAgGEAI&usg=AOvVaw2i5Hvnh5_ffyAnOowzNALS,"In August 2020, when McDonald's announced an initiative with farmers in Nebraska to improve soil health, techniques like cover cropping and reduced tillage...",2020
8 hours ago,"ADM halting domestic trading in China, cutting jobs in Shanghai",Reuters,https://www.reuters.com/markets/commodities/adm-halting-domestic-trading-china-cutting-jobs-shanghai-2025-04-14/&ved=2ahUKEwjcqZ66sdmMAxWqYEEAHVooOgcQxfQBegQIAhAC&usg=AOvVaw3HRXL9GBNhtgE0zxUtNvEF,Global grain merchant Archer-Daniels-Midland has begun shutting down domestic trading operations in China and laying off staff within its largest business...,2020
8 hours ago,"ADM halting domestic trading in China, cutting jobs in Shanghai",Reuters,https://www.reuters.com/markets/commodities/adm-halting-domestic-trading-china-cutting-jobs-shanghai-2025-04-14/&ved=2ahUKEwjG0-y5sdmMAxXcQ0EAHaJLAaQQxfQBegQIBRAC&usg=AOvVaw3qmpzmSYIfYeAoo3-IWuau,Global grain merchant Archer-Daniels-Midland has begun shutting down domestic trading operations in China and laying off staff within its largest business...,2020
9 hours ago,Patient corn bulls emerge victorious post tariff onslaught,Reuters,https://www.reuters.com/markets/commodities/patient-corn-bulls-emerge-victorious-post-tariff-onslaught-braun-2025-04-13/&ved=2ahUKEwiaw9C6sdmMAxXMT0EAHfktFro4ChDF9AF6BAgFEAI&usg=AOvVaw0sBQT1wZsEIulvJS_-AvJO,"After building immensely bullish bets, speculators in late February rode out Chicago corn's worst downturn in over a year as the United States prepared to...",2020
9 hours ago,"Argentina peso tumbles as Wall St cheers FX controls easing, IMF deal",Reuters,https://www.reuters.com/markets/currencies/wall-st-expects-argentina-market-boost-imf-deal-big-shift-fx-controls-2025-04-14/&ved=2ahUKEwjcqZ66sdmMAxWqYEEAHVooOgcQxfQBegQIBxAC&usg=AOvVaw3D8zhcD87f-uprtztEaScx,Argentina's peso slid 10% on Monday to near 1200 per dollar after the country undid large parts of its currency and capital controls at the end of last week...,2020
9 hours ago,"Argentina peso tumbles as Wall St cheers FX controls easing, IMF deal",Reuters,https://www.reuters.com/markets/currencies/wall-st-expects-argentina-market-boost-imf-deal-big-shift-fx-controls-2025-04-14/&ved=2ahUKEwjG0-y5sdmMAxXcQ0EAHaJLAaQQxfQBegQIARAC&usg=AOvVaw3_S_ptXX2PRhjWlYSQGLws,Argentina's peso slid 10% on Monday to near 1200 per dollar after the country undid large parts of its currency and capital controls at the end of last week...,2020
0 hours ago,"China to keep building coal plants through 2027, state planner says",Reuters,https://www.reuters.com/sustainability/climate-energy/china-keep-building-coal-plants-through-2027-state-planner-says-2025-04-14/&ved=2ahUKEwiaw9C6sdmMAxXMT0EAHfktFro4ChDF9AF6BAgDEAI&usg=AOvVaw0b69LQQr-7RQAiUenPfqeF,"China plans to keep building coal-fired power plants through 2027 in regions where they are needed to meet peak power demand or stabilise the grid,...",2020
0 hours ago,Top US power sector CEOs pull down $115 million in performance pay,Reuters,https://www.reuters.com/business/energy/top-us-power-sector-ceos-pull-down-115-million-performance-pay-2025-04-14/&ved=2ahUKEwjcqZ66sdmMAxWqYEEAHVooOgcQxfQBegQIBBAC&usg=AOvVaw2tqJL0wSm2jqD518Axn1nD,CEOs of the 10 largest U.S. utilities earned more than $115 million combined in a recent three-year period as demand for electricity from their power plants...,2020
0 hours ago,Trump administration cancels $3 billion climate-friendly farming program,Reuters,https://www.reuters.com/world/us/trump-administration-cancels-3-billion-climate-friendly-farming-program-2025-04-14/&ved=2ahUKEwjcqZ66sdmMAxWqYEEAHVooOgcQxfQBegQICBAC&usg=AOvVaw2dkiLn6VHgPzbb8kP6NtT_,The U.S. Department of Agriculture on Monday said it had canceled a $3 billion program for climate-smart farming projects after a review found it did not...,2020
0 minutes ago,"UK wages increase by 5.9% in the three months to February, ONS says",Reuters,https://www.reuters.com/world/uk/uk-wages-increase-by-59-three-months-february-ons-says-2025-04-15/&ved=2ahUKEwjcqZ66sdmMAxWqYEEAHVooOgcQxfQBegQIBhAC&usg=AOvVaw2iie_d0MFsYBlHEJ2EnjdS,"British average weekly earnings, excluding bonuses, rose by 5.9% in the three months to February compared with the same period a year earlier,...",2020
0 hours ago,Top US power sector CEOs pull down $115 million in performance pay,Reuters,https://www.reuters.com/business/energy/top-us-power-sector-ceos-pull-down-115-million-performance-pay-2025-04-14/&ved=2ahUKEwjG0-y5sdmMAxXcQ0EAHaJLAaQQxfQBegQIAhAC&usg=AOvVaw2yLqHIBgI0jfiqv7kBfs3y,CEOs of the 10 largest U.S. utilities earned more than $115 million combined in a recent three-year period as demand for electricity from their power plants...,2020
0 hours ago,Trump administration cancels $3 billion climate-friendly farming program,Reuters,https://www.reuters.com/world/us/trump-administration-cancels-3-billion-climate-friendly-farming-program-2025-04-14/&ved=2ahUKEwjG0-y5sdmMAxXcQ0EAHaJLAaQQxfQBegQIBhAC&usg=AOvVaw2DIj_-I9Ln5rN3MqwQI3Iv,The U.S. Department of Agriculture on Monday said it had canceled a $3 billion program for climate-smart farming projects after a review found it did not...,2020
0 minutes ago,"UK wages increase by 5.9% in the three months to February, ONS says",Reuters,https://www.reuters.com/world/uk/uk-wages-increase-by-59-three-months-february-ons-says-2025-04-15/&ved=2ahUKEwjG0-y5sdmMAxXcQ0EAHaJLAaQQxfQBegQIBxAC&usg=AOvVaw2gboILTZdZo2Pyfazg0dsd,"British average weekly earnings, excluding bonuses, rose by 5.9% in the three months to February compared with the same period a year earlier,...",2020
2 hours ago,UK's Wood Group shares rise after enhanced bid from Dubai's Sidara,Reuters,https://www.reuters.com/business/energy/uks-wood-group-gets-conditional-bid-sidara-with-591-million-cash-injection-2025-04-14/&ved=2ahUKEwiaw9C6sdmMAxXMT0EAHfktFro4ChDF9AF6BAgIEAI&usg=AOvVaw3DF5cBO2H8ph57OYFD4vHl,,2020
2 hours ago,Argentina farmers focus on harvest over sales despite currency boost,Reuters,https://www.reuters.com/markets/commodities/argentina-farmers-focus-harvest-over-sales-despite-currency-boost-2025-04-14/&ved=2ahUKEwiaw9C6sdmMAxXMT0EAHfktFro4ChDF9AF6BAgJEAI&usg=AOvVaw3MCjSPLUtOuyhmKksfdNYS,"Argentina's grain industry welcomed an exchange-rate overhaul on Monday, though the new measures will likely not translate into immediate sales as the...",2020
2 hours ago,Annual mass pillow fight takes place in Toronto,Reuters,https://www.reuters.com/video/&ved=2ahUKEwiaw9C6sdmMAxXMT0EAHfktFro4ChDF9AF6BAgKEAI&usg=AOvVaw0KgmOcChVnfPLJIbYZjDW0,Reuters news in video: footage captured by award winning Reuters journalists from around the globe.,2020
2 hours ago,"Magnitude 5.2 earthquake strikes interior of San Diego County in California, USGS says",Reuters,https://www.reuters.com/business/environment/magnitude-51-earthquake-strikes-san-diego-country-estates-california-usgs-says-2025-04-14/&ved=2ahUKEwiaw9C6sdmMAxXMT0EAHfktFro4ChDF9AF6BAgBEAI&usg=AOvVaw1JP4E_k4sc1om5hCnNE-X4,"An earthquake measuring 5.2 magnitude struck the interior of San Diego County in California on Monday, the U.S. Geological Survey said.",2020
3 hours ago,Beer maker Molson Coors CEO Gavin Hattersley to retire,Reuters,https://www.reuters.com/business/retail-consumer/beer-maker-molson-coors-ceo-gavin-hattersley-retire-2025-04-14/&ved=2ahUKEwiaw9C6sdmMAxXMT0EAHfktFro4ChDF9AF6BAgHEAI&usg=AOvVaw3JhP_SdC8mZOj-sG0iDfCN,,2020
4 hours ago,"Europe had most widespread floods for more than a decade in 2024, scientists say",Reuters,https://www.reuters.com/sustainability/cop/europe-had-most-widespread-floods-more-than-decade-2024-scientists-say-2025-04-15/&ved=2ahUKEwjcqZ66sdmMAxWqYEEAHVooOgcQxfQBegQIChAC&usg=AOvVaw3YyUj7IX1oxNmkb46USRNg,"Europe faced its most widespread flooding last year since 2013, with 30% of the continent's river network hit by significant floods, scientists said on...",2020
4 hours ago,"Europe had most widespread floods for more than a decade in 2024, scientists say",Reuters,https://www.reuters.com/sustainability/cop/europe-had-most-widespread-floods-more-than-decade-2024-scientists-say-2025-04-15/&ved=2ahUKEwjG0-y5sdmMAxXcQ0EAHaJLAaQQxfQBegQIChAC&usg=AOvVaw0rh30eoNMTquEOBGmVelWG,"Europe faced its most widespread flooding last year since 2013, with 30% of the continent's river network hit by significant floods, scientists said on...",2020
7 hours ago,Chipmaker Qorvo appoints two industry veterans to board,Reuters,https://www.reuters.com/technology/chipmaker-qorvo-appoints-two-industry-veterans-board-2025-04-14/&ved=2ahUKEwiaw9C6sdmMAxXMT0EAHfktFro4ChDF9AF6BAgEEAI&usg=AOvVaw11OcdYIDsE0sTxeiwDEJ2Y,,2020
7 hours ago,FAA says it's investigating reported engine issue on Delta flight,Reuters,https://www.reuters.com/business/aerospace-defense/faa-says-its-investigating-reported-engine-issue-delta-flight-2025-04-14/&ved=2ahUKEwjcqZ66sdmMAxWqYEEAHVooOgcQxfQBegQIAxAC&usg=AOvVaw3JjaO1WpuKW-tzLWmBzooq,The Federal Aviation Administration said it is investigating after a Delta airline crew reported an engine issue on a Boeing 737-900 flight on Monday.,2020
7 hours ago,"'All of them were dead,' says paramedic recalling Sumy attack",Reuters,https://www.reuters.com/video/watch/idRW668714042025RP1/&ved=2ahUKEwjcqZ66sdmMAxWqYEEAHVooOgcQxfQBegQICRAC&usg=AOvVaw3hKvMQdKXR9pN9-ij0zqBH,"Ukrainian paramedic Artem Selianyn recounts ""walking over dead bodies"" as he tended to the wounded when two Russian missiles slammed the northeastern city...",2020
7 hours ago,"T. Rowe Price Investment Management to back Starboard in Autodesk proxy fight, source says",Reuters,https://www.reuters.com/business/t-rowe-price-investment-management-back-starboard-autodesk-proxy-fight-source-2025-04-14/&ved=2ahUKEwjcqZ66sdmMAxWqYEEAHVooOgcQxfQBegQIBRAC&usg=AOvVaw2OnF7ktqxCn57gSh-qtZmK,"T. Rowe Price Investment Management, one of Autodesk's biggest investors, plans to vote for activist investor Starboard Value's director nominees in a...",2020
7 hours ago,Fuel News | Today's Latest Stories,Reuters,https://www.reuters.com/business/energy/fuel/&ved=2ahUKEwjcqZ66sdmMAxWqYEEAHVooOgcQxfQBegQIARAC&usg=AOvVaw2WRtMgpCHQrygl5KNQgtBP,,2020
7 hours ago,FAA says it's investigating reported engine issue on Delta flight,Reuters,https://www.reuters.com/business/aerospace-defense/faa-says-its-investigating-reported-engine-issue-delta-flight-2025-04-14/&ved=2ahUKEwjG0-y5sdmMAxXcQ0EAHaJLAaQQxfQBegQIBBAC&usg=AOvVaw1b_3dIyKX0qS3XexxxTxVm,The Federal Aviation Administration said it is investigating after a Delta airline crew reported an engine issue on a Boeing 737-900 flight on Monday.,2020
7 hours ago,"'All of them were dead,' says paramedic recalling Sumy attack",Reuters,https://www.reuters.com/video/watch/idRW668714042025RP1/&ved=2ahUKEwjG0-y5sdmMAxXcQ0EAHaJLAaQQxfQBegQIAxAC&usg=AOvVaw2eWZnZHP7XgIiE9FND9zE7,"Ukrainian paramedic Artem Selianyn recounts ""walking over dead bodies"" as he tended to the wounded when two Russian missiles slammed the northeastern city...",2020
7 hours ago,"T. Rowe Price Investment Management to back Starboard in Autodesk proxy fight, source says",Reuters,https://www.reuters.com/business/t-rowe-price-investment-management-back-starboard-autodesk-proxy-fight-source-2025-04-14/&ved=2ahUKEwjG0-y5sdmMAxXcQ0EAHaJLAaQQxfQBegQICRAC&usg=AOvVaw0EcyJarT-dBMoAQVBXdLRz,"T. Rowe Price Investment Management, one of Autodesk's biggest investors, plans to vote for activist investor Starboard Value's director nominees in a...",2020
7 hours ago,Fuel News | Today's Latest Stories,Reuters,https://www.reuters.com/business/energy/fuel/&ved=2ahUKEwjG0-y5sdmMAxXcQ0EAHaJLAaQQxfQBegQICBAC&usg=AOvVaw3uo77dkAMrVadpSoRaWwgb,,2020
8 hours ago,"Germany struggles to get consumers to spend, not save",Reuters,https://www.reuters.com/markets/europe/economy-stalls-germany-struggles-get-consumers-spending-2025-04-14/&ved=2ahUKEwiaw9C6sdmMAxXMT0EAHfktFro4ChDF9AF6BAgCEAI&usg=AOvVaw19WiO1B5g3xriGiqjzZmaY,"With global trade deeply uncertain and a tariff war causing havoc on financial markets, Germany's next government is hoping to unleash domestic consumption...",2020
8 hours ago,"‘No lettuce, no Big Mac’: why Beth Hart is steering McDonald’s towards regenerative agriculture",Reuters,https://www.reuters.com/sustainability/land-use-biodiversity/no-lettuce-no-big-mac-why-beth-hart-is-steering-mcdonalds-towards-regenerative-2025-04-14/&ved=2ahUKEwiaw9C6sdmMAxXMT0EAHfktFro4ChDF9AF6BAgGEAI&usg=AOvVaw2i5Hvnh5_ffyAnOowzNALS,"In August 2020, when McDonald's announced an initiative with farmers in Nebraska to improve soil health, techniques like cover cropping and reduced tillage...",2020
8 hours ago,"ADM halting domestic trading in China, cutting jobs in Shanghai",Reuters,https://www.reuters.com/markets/commodities/adm-halting-domestic-trading-china-cutting-jobs-shanghai-2025-04-14/&ved=2ahUKEwjcqZ66sdmMAxWqYEEAHVooOgcQxfQBegQIAhAC&usg=AOvVaw3HRXL9GBNhtgE0zxUtNvEF,Global grain merchant Archer-Daniels-Midland has begun shutting down domestic trading operations in China and laying off staff within its largest business...,2020
8 hours ago,"ADM halting domestic trading in China, cutting jobs in Shanghai",Reuters,https://www.reuters.com/markets/commodities/adm-halting-domestic-trading-china-cutting-jobs-shanghai-2025-04-14/&ved=2ahUKEwjG0-y5sdmMAxXcQ0EAHaJLAaQQxfQBegQIBRAC&usg=AOvVaw3qmpzmSYIfYeAoo3-IWuau,Global grain merchant Archer-Daniels-Midland has begun shutting down domestic trading operations in China and laying off staff within its largest business...,2020
9 hours ago,Patient corn bulls emerge victorious post tariff onslaught,Reuters,https://www.reuters.com/markets/commodities/patient-corn-bulls-emerge-victorious-post-tariff-onslaught-braun-2025-04-13/&ved=2ahUKEwiaw9C6sdmMAxXMT0EAHfktFro4ChDF9AF6BAgFEAI&usg=AOvVaw0sBQT1wZsEIulvJS_-AvJO,"After building immensely bullish bets, speculators in late February rode out Chicago corn's worst downturn in over a year as the United States prepared to...",2020
9 hours ago,"Argentina peso tumbles as Wall St cheers FX controls easing, IMF deal",Reuters,https://www.reuters.com/markets/currencies/wall-st-expects-argentina-market-boost-imf-deal-big-shift-fx-controls-2025-04-14/&ved=2ahUKEwjcqZ66sdmMAxWqYEEAHVooOgcQxfQBegQIBxAC&usg=AOvVaw3D8zhcD87f-uprtztEaScx,Argentina's peso slid 10% on Monday to near 1200 per dollar after the country undid large parts of its currency and capital controls at the end of last week...,2020
9 hours ago,"Argentina peso tumbles as Wall St cheers FX controls easing, IMF deal",Reuters,https://www.reuters.com/markets/currencies/wall-st-expects-argentina-market-boost-imf-deal-big-shift-fx-controls-2025-04-14/&ved=2ahUKEwjG0-y5sdmMAxXcQ0EAHaJLAaQQxfQBegQIARAC&usg=AOvVaw3_S_ptXX2PRhjWlYSQGLws,Argentina's peso slid 10% on Monday to near 1200 per dollar after the country undid large parts of its currency and capital controls at the end of last week...,2020
0 hours ago,"China to keep building coal plants through 2027, state planner says",Reuters,https://www.reuters.com/sustainability/climate-energy/china-keep-building-coal-plants-through-2027-state-planner-says-2025-04-14/&ved=2ahUKEwi8oa-8sdmMAxVmTEEAHdNuLH44ChDF9AF6BAgGEAI&usg=AOvVaw3MtAWVRedQDQOTX3Q5TZpQ,"China plans to keep building coal-fired power plants through 2027 in regions where they are needed to meet peak power demand or stabilise the grid,...",2021
0 hours ago,Top US power sector CEOs pull down $115 million in performance pay,Reuters,https://www.reuters.com/business/energy/top-us-power-sector-ceos-pull-down-115-million-performance-pay-2025-04-14/&ved=2ahUKEwj-xoG8sdmMAxVdQEEAHbxzHM8QxfQBegQIAhAC&usg=AOvVaw1mt-fgnILeyHzpqF4483sA,CEOs of the 10 largest U.S. utilities earned more than $115 million combined in a recent three-year period as demand for electricity from their power plants...,2021
0 hours ago,Trump administration cancels $3 billion climate-friendly farming program,Reuters,https://www.reuters.com/world/us/trump-administration-cancels-3-billion-climate-friendly-farming-program-2025-04-14/&ved=2ahUKEwj-xoG8sdmMAxVdQEEAHbxzHM8QxfQBegQIAxAC&usg=AOvVaw1X7GZJ2q257rXE0v79ZG8l,The U.S. Department of Agriculture on Monday said it had canceled a $3 billion program for climate-smart farming projects after a review found it did not...,2021
0 minutes ago,"UK wages increase by 5.9% in the three months to February, ONS says",Reuters,https://www.reuters.com/world/uk/uk-wages-increase-by-59-three-months-february-ons-says-2025-04-15/&ved=2ahUKEwj-xoG8sdmMAxVdQEEAHbxzHM8QxfQBegQIBhAC&usg=AOvVaw1UJmWe9Qy38W5eGmCL5dVD,"British average weekly earnings, excluding bonuses, rose by 5.9% in the three months to February compared with the same period a year earlier,...",2021
0 hours ago,Top US power sector CEOs pull down $115 million in performance pay,Reuters,https://www.reuters.com/business/energy/top-us-power-sector-ceos-pull-down-115-million-performance-pay-2025-04-14/&ved=2ahUKEwjwida7sdmMAxXKXUEAHQGnEAkQxfQBegQICRAC&usg=AOvVaw3D27HlSTh_YdDS_VmbJ-4e,CEOs of the 10 largest U.S. utilities earned more than $115 million combined in a recent three-year period as demand for electricity from their power plants...,2021
0 hours ago,Trump administration cancels $3 billion climate-friendly farming program,Reuters,https://www.reuters.com/world/us/trump-administration-cancels-3-billion-climate-friendly-farming-program-2025-04-14/&ved=2ahUKEwjwida7sdmMAxXKXUEAHQGnEAkQxfQBegQIBRAC&usg=AOvVaw3uRr3HBgk-oqkSck9ghoCE,The U.S. Department of Agriculture on Monday said it had canceled a $3 billion program for climate-smart farming projects after a review found it did not...,2021
0 minutes ago,"UK wages increase by 5.9% in the three months to February, ONS says",Reuters,https://www.reuters.com/world/uk/uk-wages-increase-by-59-three-months-february-ons-says-2025-04-15/&ved=2ahUKEwjwida7sdmMAxXKXUEAHQGnEAkQxfQBegQIBxAC&usg=AOvVaw3vqNzDJk65qqFMBgzJkCTz,"British average weekly earnings, excluding bonuses, rose by 5.9% in the three months to February compared with the same period a year earlier,...",2021
2 hours ago,UK's Wood Group shares rise after enhanced bid from Dubai's Sidara,Reuters,https://www.reuters.com/business/energy/uks-wood-group-gets-conditional-bid-sidara-with-591-million-cash-injection-2025-04-14/&ved=2ahUKEwi8oa-8sdmMAxVmTEEAHdNuLH44ChDF9AF6BAgCEAI&usg=AOvVaw1SodEO45z28ApbowlKVznn,,2021
2 hours ago,Argentina farmers focus on harvest over sales despite currency boost,Reuters,https://www.reuters.com/markets/commodities/argentina-farmers-focus-harvest-over-sales-despite-currency-boost-2025-04-14/&ved=2ahUKEwi8oa-8sdmMAxVmTEEAHdNuLH44ChDF9AF6BAgFEAI&usg=AOvVaw3NnCZpuUBl4_KvXbAX_woF,"Argentina's grain industry welcomed an exchange-rate overhaul on Monday, though the new measures will likely not translate into immediate sales as the...",2021
2 hours ago,Annual mass pillow fight takes place in Toronto,Reuters,https://www.reuters.com/video/&ved=2ahUKEwi8oa-8sdmMAxVmTEEAHdNuLH44ChDF9AF6BAgKEAI&usg=AOvVaw2HmFD4RDH4XxqOpn18FIE4,Reuters news in video: footage captured by award winning Reuters journalists from around the globe.,2021
2 hours ago,"Magnitude 5.2 earthquake strikes interior of San Diego County in California, USGS says",Reuters,https://www.reuters.com/business/environment/magnitude-51-earthquake-strikes-san-diego-country-estates-california-usgs-says-2025-04-14/&ved=2ahUKEwi8oa-8sdmMAxVmTEEAHdNuLH44ChDF9AF6BAgBEAI&usg=AOvVaw2C47Tky6L6cpsHxg3mVQgI,"An earthquake measuring 5.2 magnitude struck the interior of San Diego County in California on Monday, the U.S. Geological Survey said.",2021
3 hours ago,Beer maker Molson Coors CEO Gavin Hattersley to retire,Reuters,https://www.reuters.com/business/retail-consumer/beer-maker-molson-coors-ceo-gavin-hattersley-retire-2025-04-14/&ved=2ahUKEwi8oa-8sdmMAxVmTEEAHdNuLH44ChDF9AF6BAgHEAI&usg=AOvVaw07Z_tDNTgRDAMnwiSh90ub,,2021
4 hours ago,"Europe had most widespread floods for more than a decade in 2024, scientists say",Reuters,https://www.reuters.com/sustainability/cop/europe-had-most-widespread-floods-more-than-decade-2024-scientists-say-2025-04-15/&ved=2ahUKEwj-xoG8sdmMAxVdQEEAHbxzHM8QxfQBegQIChAC&usg=AOvVaw1e4-7rKNOD3dPPOflfw31r,"Europe faced its most widespread flooding last year since 2013, with 30% of the continent's river network hit by significant floods, scientists said on...",2021
4 hours ago,"Europe had most widespread floods for more than a decade in 2024, scientists say",Reuters,https://www.reuters.com/sustainability/cop/europe-had-most-widespread-floods-more-than-decade-2024-scientists-say-2025-04-15/&ved=2ahUKEwjwida7sdmMAxXKXUEAHQGnEAkQxfQBegQIChAC&usg=AOvVaw16o5Vw44EQPBb-bL8MHRwq,"Europe faced its most widespread flooding last year since 2013, with 30% of the continent's river network hit by significant floods, scientists said on...",2021
7 hours ago,Chipmaker Qorvo appoints two industry veterans to board,Reuters,https://www.reuters.com/technology/chipmaker-qorvo-appoints-two-industry-veterans-board-2025-04-14/&ved=2ahUKEwi8oa-8sdmMAxVmTEEAHdNuLH44ChDF9AF6BAgIEAI&usg=AOvVaw0oba2-i39Hn-hwfpDuZVrb,,2021
7 hours ago,FAA says it's investigating reported engine issue on Delta flight,Reuters,https://www.reuters.com/business/aerospace-defense/faa-says-its-investigating-reported-engine-issue-delta-flight-2025-04-14/&ved=2ahUKEwj-xoG8sdmMAxVdQEEAHbxzHM8QxfQBegQIBxAC&usg=AOvVaw2RQoJqYHwrA6m3GMmVdlmR,The Federal Aviation Administration said it is investigating after a Delta airline crew reported an engine issue on a Boeing 737-900 flight on Monday.,2021
7 hours ago,"'All of them were dead,' says paramedic recalling Sumy attack",Reuters,https://www.reuters.com/video/watch/idRW668714042025RP1/&ved=2ahUKEwj-xoG8sdmMAxVdQEEAHbxzHM8QxfQBegQIBRAC&usg=AOvVaw3D0EAT4LpsH6UQs7zQT0bJ,"Ukrainian paramedic Artem Selianyn recounts ""walking over dead bodies"" as he tended to the wounded when two Russian missiles slammed the northeastern city...",2021
7 hours ago,"T. Rowe Price Investment Management to back Starboard in Autodesk proxy fight, source says",Reuters,https://www.reuters.com/business/t-rowe-price-investment-management-back-starboard-autodesk-proxy-fight-source-2025-04-14/&ved=2ahUKEwj-xoG8sdmMAxVdQEEAHbxzHM8QxfQBegQIARAC&usg=AOvVaw0ynKRcFZj5uaUTK1bvUDSR,"T. Rowe Price Investment Management, one of Autodesk's biggest investors, plans to vote for activist investor Starboard Value's director nominees in a...",2021
7 hours ago,Fuel News | Today's Latest Stories,Reuters,https://www.reuters.com/business/energy/fuel/&ved=2ahUKEwj-xoG8sdmMAxVdQEEAHbxzHM8QxfQBegQIBBAC&usg=AOvVaw00_X3KrqVRSa5vyNA2Hcp7,,2021
7 hours ago,FAA says it's investigating reported engine issue on Delta flight,Reuters,https://www.reuters.com/business/aerospace-defense/faa-says-its-investigating-reported-engine-issue-delta-flight-2025-04-14/&ved=2ahUKEwjwida7sdmMAxXKXUEAHQGnEAkQxfQBegQIBhAC&usg=AOvVaw2tvyht19S4_iIuwoN31hyr,The Federal Aviation Administration said it is investigating after a Delta airline crew reported an engine issue on a Boeing 737-900 flight on Monday.,2021
7 hours ago,"'All of them were dead,' says paramedic recalling Sumy attack",Reuters,https://www.reuters.com/video/watch/idRW668714042025RP1/&ved=2ahUKEwjwida7sdmMAxXKXUEAHQGnEAkQxfQBegQIAhAC&usg=AOvVaw2AScTAXsNhVft6zaod8BX5,"Ukrainian paramedic Artem Selianyn recounts ""walking over dead bodies"" as he tended to the wounded when two Russian missiles slammed the northeastern city...",2021
7 hours ago,"T. Rowe Price Investment Management to back Starboard in Autodesk proxy fight, source says",Reuters,https://www.reuters.com/business/t-rowe-price-investment-management-back-starboard-autodesk-proxy-fight-source-2025-04-14/&ved=2ahUKEwjwida7sdmMAxXKXUEAHQGnEAkQxfQBegQIBBAC&usg=AOvVaw2iLhYTmaKprlTOkwlKMN1i,"T. Rowe Price Investment Management, one of Autodesk's biggest investors, plans to vote for activist investor Starboard Value's director nominees in a...",2021
7 hours ago,Fuel News | Today's Latest Stories,Reuters,https://www.reuters.com/business/energy/fuel/&ved=2ahUKEwjwida7sdmMAxXKXUEAHQGnEAkQxfQBegQIARAC&usg=AOvVaw2Rpqur4PGHMnpcDgKmtKWq,,2021
8 hours ago,"Germany struggles to get consumers to spend, not save",Reuters,https://www.reuters.com/markets/europe/economy-stalls-germany-struggles-get-consumers-spending-2025-04-14/&ved=2ahUKEwi8oa-8sdmMAxVmTEEAHdNuLH44ChDF9AF6BAgDEAI&usg=AOvVaw3YDBEKtteF_NPz3PM5ttqF,"With global trade deeply uncertain and a tariff war causing havoc on financial markets, Germany's next government is hoping to unleash domestic consumption...",2021
8 hours ago,"‘No lettuce, no Big Mac’: why Beth Hart is steering McDonald’s towards regenerative agriculture",Reuters,https://www.reuters.com/sustainability/land-use-biodiversity/no-lettuce-no-big-mac-why-beth-hart-is-steering-mcdonalds-towards-regenerative-2025-04-14/&ved=2ahUKEwi8oa-8sdmMAxVmTEEAHdNuLH44ChDF9AF6BAgJEAI&usg=AOvVaw3D0fG9WlIxJGnGecphTnv7,"In August 2020, when McDonald's announced an initiative with farmers in Nebraska to improve soil health, techniques like cover cropping and reduced tillage...",2021
8 hours ago,"ADM halting domestic trading in China, cutting jobs in Shanghai",Reuters,https://www.reuters.com/markets/commodities/adm-halting-domestic-trading-china-cutting-jobs-shanghai-2025-04-14/&ved=2ahUKEwj-xoG8sdmMAxVdQEEAHbxzHM8QxfQBegQICRAC&usg=AOvVaw3MiVWUVqADR2nzrIahcuOs,Global grain merchant Archer-Daniels-Midland has begun shutting down domestic trading operations in China and laying off staff within its largest business...,2021
8 hours ago,"ADM halting domestic trading in China, cutting jobs in Shanghai",Reuters,https://www.reuters.com/markets/commodities/adm-halting-domestic-trading-china-cutting-jobs-shanghai-2025-04-14/&ved=2ahUKEwjwida7sdmMAxXKXUEAHQGnEAkQxfQBegQIAxAC&usg=AOvVaw34acrxg4d-CLTx16n5cox2,Global grain merchant Archer-Daniels-Midland has begun shutting down domestic trading operations in China and laying off staff within its largest business...,2021
9 hours ago,Patient corn bulls emerge victorious post tariff onslaught,Reuters,https://www.reuters.com/markets/commodities/patient-corn-bulls-emerge-victorious-post-tariff-onslaught-braun-2025-04-13/&ved=2ahUKEwi8oa-8sdmMAxVmTEEAHdNuLH44ChDF9AF6BAgEEAI&usg=AOvVaw2NtLb8v7pr9Mo6Q94hlUC8,"After building immensely bullish bets, speculators in late February rode out Chicago corn's worst downturn in over a year as the United States prepared to...",2021
9 hours ago,"Argentina peso tumbles as Wall St cheers FX controls easing, IMF deal",Reuters,https://www.reuters.com/markets/currencies/wall-st-expects-argentina-market-boost-imf-deal-big-shift-fx-controls-2025-04-14/&ved=2ahUKEwj-xoG8sdmMAxVdQEEAHbxzHM8QxfQBegQICBAC&usg=AOvVaw3yqCj1ojIvA5adngN1Ssos,Argentina's peso slid 10% on Monday to near 1200 per dollar after the country undid large parts of its currency and capital controls at the end of last week...,2021
9 hours ago,"Argentina peso tumbles as Wall St cheers FX controls easing, IMF deal",Reuters,https://www.reuters.com/markets/currencies/wall-st-expects-argentina-market-boost-imf-deal-big-shift-fx-controls-2025-04-14/&ved=2ahUKEwjwida7sdmMAxXKXUEAHQGnEAkQxfQBegQICBAC&usg=AOvVaw0mWEJXnkbVQ3Y1zdpWjPCM,Argentina's peso slid 10% on Monday to near 1200 per dollar after the country undid large parts of its currency and capital controls at the end of last week...,2021
0 hours ago,"China to keep building coal plants through 2027, state planner says",Reuters,https://www.reuters.com/sustainability/climate-energy/china-keep-building-coal-plants-through-2027-state-planner-says-2025-04-14/&ved=2ahUKEwi8oa-8sdmMAxVmTEEAHdNuLH44ChDF9AF6BAgGEAI&usg=AOvVaw3MtAWVRedQDQOTX3Q5TZpQ,"China plans to keep building coal-fired power plants through 2027 in regions where they are needed to meet peak power demand or stabilise the grid,...",2021
0 hours ago,Top US power sector CEOs pull down $115 million in performance pay,Reuters,https://www.reuters.com/business/energy/top-us-power-sector-ceos-pull-down-115-million-performance-pay-2025-04-14/&ved=2ahUKEwj-xoG8sdmMAxVdQEEAHbxzHM8QxfQBegQIAhAC&usg=AOvVaw1mt-fgnILeyHzpqF4483sA,CEOs of the 10 largest U.S. utilities earned more than $115 million combined in a recent three-year period as demand for electricity from their power plants...,2021
0 hours ago,Trump administration cancels $3 billion climate-friendly farming program,Reuters,https://www.reuters.com/world/us/trump-administration-cancels-3-billion-climate-friendly-farming-program-2025-04-14/&ved=2ahUKEwj-xoG8sdmMAxVdQEEAHbxzHM8QxfQBegQIAxAC&usg=AOvVaw1X7GZJ2q257rXE0v79ZG8l,The U.S. Department of Agriculture on Monday said it had canceled a $3 billion program for climate-smart farming projects after a review found it did not...,2021
0 minutes ago,"UK wages increase by 5.9% in the three months to February, ONS says",Reuters,https://www.reuters.com/world/uk/uk-wages-increase-by-59-three-months-february-ons-says-2025-04-15/&ved=2ahUKEwj-xoG8sdmMAxVdQEEAHbxzHM8QxfQBegQIBhAC&usg=AOvVaw1UJmWe9Qy38W5eGmCL5dVD,"British average weekly earnings, excluding bonuses, rose by 5.9% in the three months to February compared with the same period a year earlier,...",2021
0 hours ago,Top US power sector CEOs pull down $115 million in performance pay,Reuters,https://www.reuters.com/business/energy/top-us-power-sector-ceos-pull-down-115-million-performance-pay-2025-04-14/&ved=2ahUKEwjwida7sdmMAxXKXUEAHQGnEAkQxfQBegQICRAC&usg=AOvVaw3D27HlSTh_YdDS_VmbJ-4e,CEOs of the 10 largest U.S. utilities earned more than $115 million combined in a recent three-year period as demand for electricity from their power plants...,2021
0 hours ago,Trump administration cancels $3 billion climate-friendly farming program,Reuters,https://www.reuters.com/world/us/trump-administration-cancels-3-billion-climate-friendly-farming-program-2025-04-14/&ved=2ahUKEwjwida7sdmMAxXKXUEAHQGnEAkQxfQBegQIBRAC&usg=AOvVaw3uRr3HBgk-oqkSck9ghoCE,The U.S. Department of Agriculture on Monday said it had canceled a $3 billion program for climate-smart farming projects after a review found it did not...,2021
0 minutes ago,"UK wages increase by 5.9% in the three months to February, ONS says",Reuters,https://www.reuters.com/world/uk/uk-wages-increase-by-59-three-months-february-ons-says-2025-04-15/&ved=2ahUKEwjwida7sdmMAxXKXUEAHQGnEAkQxfQBegQIBxAC&usg=AOvVaw3vqNzDJk65qqFMBgzJkCTz,"British average weekly earnings, excluding bonuses, rose by 5.9% in the three months to February compared with the same period a year earlier,...",2021
2 hours ago,UK's Wood Group shares rise after enhanced bid from Dubai's Sidara,Reuters,https://www.reuters.com/business/energy/uks-wood-group-gets-conditional-bid-sidara-with-591-million-cash-injection-2025-04-14/&ved=2ahUKEwi8oa-8sdmMAxVmTEEAHdNuLH44ChDF9AF6BAgCEAI&usg=AOvVaw1SodEO45z28ApbowlKVznn,,2021
2 hours ago,Argentina farmers focus on harvest over sales despite currency boost,Reuters,https://www.reuters.com/markets/commodities/argentina-farmers-focus-harvest-over-sales-despite-currency-boost-2025-04-14/&ved=2ahUKEwi8oa-8sdmMAxVmTEEAHdNuLH44ChDF9AF6BAgFEAI&usg=AOvVaw3NnCZpuUBl4_KvXbAX_woF,"Argentina's grain industry welcomed an exchange-rate overhaul on Monday, though the new measures will likely not translate into immediate sales as the...",2021
2 hours ago,Annual mass pillow fight takes place in Toronto,Reuters,https://www.reuters.com/video/&ved=2ahUKEwi8oa-8sdmMAxVmTEEAHdNuLH44ChDF9AF6BAgKEAI&usg=AOvVaw2HmFD4RDH4XxqOpn18FIE4,Reuters news in video: footage captured by award winning Reuters journalists from around the globe.,2021
2 hours ago,"Magnitude 5.2 earthquake strikes interior of San Diego County in California, USGS says",Reuters,https://www.reuters.com/business/environment/magnitude-51-earthquake-strikes-san-diego-country-estates-california-usgs-says-2025-04-14/&ved=2ahUKEwi8oa-8sdmMAxVmTEEAHdNuLH44ChDF9AF6BAgBEAI&usg=AOvVaw2C47Tky6L6cpsHxg3mVQgI,"An earthquake measuring 5.2 magnitude struck the interior of San Diego County in California on Monday, the U.S. Geological Survey said.",2021
3 hours ago,Beer maker Molson Coors CEO Gavin Hattersley to retire,Reuters,https://www.reuters.com/business/retail-consumer/beer-maker-molson-coors-ceo-gavin-hattersley-retire-2025-04-14/&ved=2ahUKEwi8oa-8sdmMAxVmTEEAHdNuLH44ChDF9AF6BAgHEAI&usg=AOvVaw07Z_tDNTgRDAMnwiSh90ub,,2021
4 hours ago,"Europe had most widespread floods for more than a decade in 2024, scientists say",Reuters,https://www.reuters.com/sustainability/cop/europe-had-most-widespread-floods-more-than-decade-2024-scientists-say-2025-04-15/&ved=2ahUKEwj-xoG8sdmMAxVdQEEAHbxzHM8QxfQBegQIChAC&usg=AOvVaw1e4-7rKNOD3dPPOflfw31r,"Europe faced its most widespread flooding last year since 2013, with 30% of the continent's river network hit by significant floods, scientists said on...",2021
4 hours ago,"Europe had most widespread floods for more than a decade in 2024, scientists say",Reuters,https://www.reuters.com/sustainability/cop/europe-had-most-widespread-floods-more-than-decade-2024-scientists-say-2025-04-15/&ved=2ahUKEwjwida7sdmMAxXKXUEAHQGnEAkQxfQBegQIChAC&usg=AOvVaw16o5Vw44EQPBb-bL8MHRwq,"Europe faced its most widespread flooding last year since 2013, with 30% of the continent's river network hit by significant floods, scientists said on...",2021
7 hours ago,Chipmaker Qorvo appoints two industry veterans to board,Reuters,https://www.reuters.com/technology/chipmaker-qorvo-appoints-two-industry-veterans-board-2025-04-14/&ved=2ahUKEwi8oa-8sdmMAxVmTEEAHdNuLH44ChDF9AF6BAgIEAI&usg=AOvVaw0oba2-i39Hn-hwfpDuZVrb,,2021
7 hours ago,FAA says it's investigating reported engine issue on Delta flight,Reuters,https://www.reuters.com/business/aerospace-defense/faa-says-its-investigating-reported-engine-issue-delta-flight-2025-04-14/&ved=2ahUKEwj-xoG8sdmMAxVdQEEAHbxzHM8QxfQBegQIBxAC&usg=AOvVaw2RQoJqYHwrA6m3GMmVdlmR,The Federal Aviation Administration said it is investigating after a Delta airline crew reported an engine issue on a Boeing 737-900 flight on Monday.,2021
7 hours ago,"'All of them were dead,' says paramedic recalling Sumy attack",Reuters,https://www.reuters.com/video/watch/idRW668714042025RP1/&ved=2ahUKEwj-xoG8sdmMAxVdQEEAHbxzHM8QxfQBegQIBRAC&usg=AOvVaw3D0EAT4LpsH6UQs7zQT0bJ,"Ukrainian paramedic Artem Selianyn recounts ""walking over dead bodies"" as he tended to the wounded when two Russian missiles slammed the northeastern city...",2021
7 hours ago,"T. Rowe Price Investment Management to back Starboard in Autodesk proxy fight, source says",Reuters,https://www.reuters.com/business/t-rowe-price-investment-management-back-starboard-autodesk-proxy-fight-source-2025-04-14/&ved=2ahUKEwj-xoG8sdmMAxVdQEEAHbxzHM8QxfQBegQIARAC&usg=AOvVaw0ynKRcFZj5uaUTK1bvUDSR,"T. Rowe Price Investment Management, one of Autodesk's biggest investors, plans to vote for activist investor Starboard Value's director nominees in a...",2021
7 hours ago,Fuel News | Today's Latest Stories,Reuters,https://www.reuters.com/business/energy/fuel/&ved=2ahUKEwj-xoG8sdmMAxVdQEEAHbxzHM8QxfQBegQIBBAC&usg=AOvVaw00_X3KrqVRSa5vyNA2Hcp7,,2021
7 hours ago,FAA says it's investigating reported engine issue on Delta flight,Reuters,https://www.reuters.com/business/aerospace-defense/faa-says-its-investigating-reported-engine-issue-delta-flight-2025-04-14/&ved=2ahUKEwjwida7sdmMAxXKXUEAHQGnEAkQxfQBegQIBhAC&usg=AOvVaw2tvyht19S4_iIuwoN31hyr,The Federal Aviation Administration said it is investigating after a Delta airline crew reported an engine issue on a Boeing 737-900 flight on Monday.,2021
7 hours ago,"'All of them were dead,' says paramedic recalling Sumy attack",Reuters,https://www.reuters.com/video/watch/idRW668714042025RP1/&ved=2ahUKEwjwida7sdmMAxXKXUEAHQGnEAkQxfQBegQIAhAC&usg=AOvVaw2AScTAXsNhVft6zaod8BX5,"Ukrainian paramedic Artem Selianyn recounts ""walking over dead bodies"" as he tended to the wounded when two Russian missiles slammed the northeastern city...",2021
7 hours ago,"T. Rowe Price Investment Management to back Starboard in Autodesk proxy fight, source says",Reuters,https://www.reuters.com/business/t-rowe-price-investment-management-back-starboard-autodesk-proxy-fight-source-2025-04-14/&ved=2ahUKEwjwida7sdmMAxXKXUEAHQGnEAkQxfQBegQIBBAC&usg=AOvVaw2iLhYTmaKprlTOkwlKMN1i,"T. Rowe Price Investment Management, one of Autodesk's biggest investors, plans to vote for activist investor Starboard Value's director nominees in a...",2021
7 hours ago,Fuel News | Today's Latest Stories,Reuters,https://www.reuters.com/business/energy/fuel/&ved=2ahUKEwjwida7sdmMAxXKXUEAHQGnEAkQxfQBegQIARAC&usg=AOvVaw2Rpqur4PGHMnpcDgKmtKWq,,2021
8 hours ago,"Germany struggles to get consumers to spend, not save",Reuters,https://www.reuters.com/markets/europe/economy-stalls-germany-struggles-get-consumers-spending-2025-04-14/&ved=2ahUKEwi8oa-8sdmMAxVmTEEAHdNuLH44ChDF9AF6BAgDEAI&usg=AOvVaw3YDBEKtteF_NPz3PM5ttqF,"With global trade deeply uncertain and a tariff war causing havoc on financial markets, Germany's next government is hoping to unleash domestic consumption...",2021
8 hours ago,"‘No lettuce, no Big Mac’: why Beth Hart is steering McDonald’s towards regenerative agriculture",Reuters,https://www.reuters.com/sustainability/land-use-biodiversity/no-lettuce-no-big-mac-why-beth-hart-is-steering-mcdonalds-towards-regenerative-2025-04-14/&ved=2ahUKEwi8oa-8sdmMAxVmTEEAHdNuLH44ChDF9AF6BAgJEAI&usg=AOvVaw3D0fG9WlIxJGnGecphTnv7,"In August 2020, when McDonald's announced an initiative with farmers in Nebraska to improve soil health, techniques like cover cropping and reduced tillage...",2021
8 hours ago,"ADM halting domestic trading in China, cutting jobs in Shanghai",Reuters,https://www.reuters.com/markets/commodities/adm-halting-domestic-trading-china-cutting-jobs-shanghai-2025-04-14/&ved=2ahUKEwj-xoG8sdmMAxVdQEEAHbxzHM8QxfQBegQICRAC&usg=AOvVaw3MiVWUVqADR2nzrIahcuOs,Global grain merchant Archer-Daniels-Midland has begun shutting down domestic trading operations in China and laying off staff within its largest business...,2021
8 hours ago,"ADM halting domestic trading in China, cutting jobs in Shanghai",Reuters,https://www.reuters.com/markets/commodities/adm-halting-domestic-trading-china-cutting-jobs-shanghai-2025-04-14/&ved=2ahUKEwjwida7sdmMAxXKXUEAHQGnEAkQxfQBegQIAxAC&usg=AOvVaw34acrxg4d-CLTx16n5cox2,Global grain merchant Archer-Daniels-Midland has begun shutting down domestic trading operations in China and laying off staff within its largest business...,2021
9 hours ago,Patient corn bulls emerge victorious post tariff onslaught,Reuters,https://www.reuters.com/markets/commodities/patient-corn-bulls-emerge-victorious-post-tariff-onslaught-braun-2025-04-13/&ved=2ahUKEwi8oa-8sdmMAxVmTEEAHdNuLH44ChDF9AF6BAgEEAI&usg=AOvVaw2NtLb8v7pr9Mo6Q94hlUC8,"After building immensely bullish bets, speculators in late February rode out Chicago corn's worst downturn in over a year as the United States prepared to...",2021
9 hours ago,"Argentina peso tumbles as Wall St cheers FX controls easing, IMF deal",Reuters,https://www.reuters.com/markets/currencies/wall-st-expects-argentina-market-boost-imf-deal-big-shift-fx-controls-2025-04-14/&ved=2ahUKEwj-xoG8sdmMAxVdQEEAHbxzHM8QxfQBegQICBAC&usg=AOvVaw3yqCj1ojIvA5adngN1Ssos,Argentina's peso slid 10% on Monday to near 1200 per dollar after the country undid large parts of its currency and capital controls at the end of last week...,2021
9 hours ago,"Argentina peso tumbles as Wall St cheers FX controls easing, IMF deal",Reuters,https://www.reuters.com/markets/currencies/wall-st-expects-argentina-market-boost-imf-deal-big-shift-fx-controls-2025-04-14/&ved=2ahUKEwjwida7sdmMAxXKXUEAHQGnEAkQxfQBegQICBAC&usg=AOvVaw0mWEJXnkbVQ3Y1zdpWjPCM,Argentina's peso slid 10% on Monday to near 1200 per dollar after the country undid large parts of its currency and capital controls at the end of last week...,2021
0 hours ago,"China to keep building coal plants through 2027, state planner says",Reuters,https://www.reuters.com/sustainability/climate-energy/china-keep-building-coal-plants-through-2027-state-planner-says-2025-04-14/&ved=2ahUKEwjV05y-sdmMAxWFXUEAHRkmG-k4ChDF9AF6BAgHEAI&usg=AOvVaw1n5GFGkjA4CUncHOeYeSMD,"China plans to keep building coal-fired power plants through 2027 in regions where they are needed to meet peak power demand or stabilise the grid,...",2022
0 hours ago,Top US power sector CEOs pull down $115 million in performance pay,Reuters,https://www.reuters.com/business/energy/top-us-power-sector-ceos-pull-down-115-million-performance-pay-2025-04-14/&ved=2ahUKEwjL0-u9sdmMAxVLZ0EAHdkbAtcQxfQBegQICBAC&usg=AOvVaw0WpZumD3LqXPNv4b6V173P,CEOs of the 10 largest U.S. utilities earned more than $115 million combined in a recent three-year period as demand for electricity from their power plants...,2022
0 hours ago,Trump administration cancels $3 billion climate-friendly farming program,Reuters,https://www.reuters.com/world/us/trump-administration-cancels-3-billion-climate-friendly-farming-program-2025-04-14/&ved=2ahUKEwjL0-u9sdmMAxVLZ0EAHdkbAtcQxfQBegQIBBAC&usg=AOvVaw25SkxToDXbjXVgxsoOwLpL,The U.S. Department of Agriculture on Monday said it had canceled a $3 billion program for climate-smart farming projects after a review found it did not...,2022
0 minutes ago,"UK wages increase by 5.9% in the three months to February, ONS says",Reuters,https://www.reuters.com/world/uk/uk-wages-increase-by-59-three-months-february-ons-says-2025-04-15/&ved=2ahUKEwjL0-u9sdmMAxVLZ0EAHdkbAtcQxfQBegQIAxAC&usg=AOvVaw3pcVpBZR3WoMEBkpJaSiYz,"British average weekly earnings, excluding bonuses, rose by 5.9% in the three months to February compared with the same period a year earlier,...",2022
0 hours ago,Top US power sector CEOs pull down $115 million in performance pay,Reuters,https://www.reuters.com/business/energy/top-us-power-sector-ceos-pull-down-115-million-performance-pay-2025-04-14/&ved=2ahUKEwjp8by9sdmMAxVzSkEAHQ06AQwQxfQBegQIARAC&usg=AOvVaw2cvrQEr3pDntqK9C6Ka5Km,CEOs of the 10 largest U.S. utilities earned more than $115 million combined in a recent three-year period as demand for electricity from their power plants...,2022
0 hours ago,Trump administration cancels $3 billion climate-friendly farming program,Reuters,https://www.reuters.com/world/us/trump-administration-cancels-3-billion-climate-friendly-farming-program-2025-04-14/&ved=2ahUKEwjp8by9sdmMAxVzSkEAHQ06AQwQxfQBegQIAhAC&usg=AOvVaw2G3g6s-5hTdPGl0dPFYnvL,The U.S. Department of Agriculture on Monday said it had canceled a $3 billion program for climate-smart farming projects after a review found it did not...,2022
0 minutes ago,"UK wages increase by 5.9% in the three months to February, ONS says",Reuters,https://www.reuters.com/world/uk/uk-wages-increase-by-59-three-months-february-ons-says-2025-04-15/&ved=2ahUKEwjp8by9sdmMAxVzSkEAHQ06AQwQxfQBegQICBAC&usg=AOvVaw25E53YqjkBjF1_x4MFo2l5,"British average weekly earnings, excluding bonuses, rose by 5.9% in the three months to February compared with the same period a year earlier,...",2022
2 hours ago,UK's Wood Group shares rise after enhanced bid from Dubai's Sidara,Reuters,https://www.reuters.com/business/energy/uks-wood-group-gets-conditional-bid-sidara-with-591-million-cash-injection-2025-04-14/&ved=2ahUKEwjV05y-sdmMAxWFXUEAHRkmG-k4ChDF9AF6BAgGEAI&usg=AOvVaw25T3GCPR5nxW2_veX-sEPX,,2022
2 hours ago,Argentina farmers focus on harvest over sales despite currency boost,Reuters,https://www.reuters.com/markets/commodities/argentina-farmers-focus-harvest-over-sales-despite-currency-boost-2025-04-14/&ved=2ahUKEwjV05y-sdmMAxWFXUEAHRkmG-k4ChDF9AF6BAgIEAI&usg=AOvVaw0Yz5u-Tn0p9RxKrNYv8Cp6,"Argentina's grain industry welcomed an exchange-rate overhaul on Monday, though the new measures will likely not translate into immediate sales as the...",2022
2 hours ago,Annual mass pillow fight takes place in Toronto,Reuters,https://www.reuters.com/video/&ved=2ahUKEwjV05y-sdmMAxWFXUEAHRkmG-k4ChDF9AF6BAgKEAI&usg=AOvVaw2gBKp9Pr5leHNw1j5s7Dnp,Reuters news in video: footage captured by award winning Reuters journalists from around the globe.,2022
2 hours ago,"Magnitude 5.2 earthquake strikes interior of San Diego County in California, USGS says",Reuters,https://www.reuters.com/business/environment/magnitude-51-earthquake-strikes-san-diego-country-estates-california-usgs-says-2025-04-14/&ved=2ahUKEwjV05y-sdmMAxWFXUEAHRkmG-k4ChDF9AF6BAgEEAI&usg=AOvVaw2SrizaXYKvKPmzS_x3prMk,"An earthquake measuring 5.2 magnitude struck the interior of San Diego County in California on Monday, the U.S. Geological Survey said.",2022
3 hours ago,Beer maker Molson Coors CEO Gavin Hattersley to retire,Reuters,https://www.reuters.com/business/retail-consumer/beer-maker-molson-coors-ceo-gavin-hattersley-retire-2025-04-14/&ved=2ahUKEwjV05y-sdmMAxWFXUEAHRkmG-k4ChDF9AF6BAgJEAI&usg=AOvVaw1QKogNMzdzWbXFv2q3Tnts,,2022
4 hours ago,"Europe had most widespread floods for more than a decade in 2024, scientists say",Reuters,https://www.reuters.com/sustainability/cop/europe-had-most-widespread-floods-more-than-decade-2024-scientists-say-2025-04-15/&ved=2ahUKEwjL0-u9sdmMAxVLZ0EAHdkbAtcQxfQBegQIChAC&usg=AOvVaw0aWfYf-DKOB5SXBqYAecOR,"Europe faced its most widespread flooding last year since 2013, with 30% of the continent's river network hit by significant floods, scientists said on...",2022
4 hours ago,"Europe had most widespread floods for more than a decade in 2024, scientists say",Reuters,https://www.reuters.com/sustainability/cop/europe-had-most-widespread-floods-more-than-decade-2024-scientists-say-2025-04-15/&ved=2ahUKEwjp8by9sdmMAxVzSkEAHQ06AQwQxfQBegQIChAC&usg=AOvVaw24ZIWDlsQDJ8pUurWB1DqG,"Europe faced its most widespread flooding last year since 2013, with 30% of the continent's river network hit by significant floods, scientists said on...",2022
7 hours ago,Chipmaker Qorvo appoints two industry veterans to board,Reuters,https://www.reuters.com/technology/chipmaker-qorvo-appoints-two-industry-veterans-board-2025-04-14/&ved=2ahUKEwjV05y-sdmMAxWFXUEAHRkmG-k4ChDF9AF6BAgCEAI&usg=AOvVaw0UphQWpUivOvpxqSgOOEXG,,2022
7 hours ago,FAA says it's investigating reported engine issue on Delta flight,Reuters,https://www.reuters.com/business/aerospace-defense/faa-says-its-investigating-reported-engine-issue-delta-flight-2025-04-14/&ved=2ahUKEwjL0-u9sdmMAxVLZ0EAHdkbAtcQxfQBegQICRAC&usg=AOvVaw2B8WcM2JSp3CcDn3eUjjpL,The Federal Aviation Administration said it is investigating after a Delta airline crew reported an engine issue on a Boeing 737-900 flight on Monday.,2022
7 hours ago,"'All of them were dead,' says paramedic recalling Sumy attack",Reuters,https://www.reuters.com/video/watch/idRW668714042025RP1/&ved=2ahUKEwjL0-u9sdmMAxVLZ0EAHdkbAtcQxfQBegQIBhAC&usg=AOvVaw1oDKR6MtOkbTIJSPRZS5oL,"Ukrainian paramedic Artem Selianyn recounts ""walking over dead bodies"" as he tended to the wounded when two Russian missiles slammed the northeastern city...",2022
7 hours ago,"T. Rowe Price Investment Management to back Starboard in Autodesk proxy fight, source says",Reuters,https://www.reuters.com/business/t-rowe-price-investment-management-back-starboard-autodesk-proxy-fight-source-2025-04-14/&ved=2ahUKEwjL0-u9sdmMAxVLZ0EAHdkbAtcQxfQBegQIBRAC&usg=AOvVaw3Y7aqETzYbEJt22Qd9STP5,"T. Rowe Price Investment Management, one of Autodesk's biggest investors, plans to vote for activist investor Starboard Value's director nominees in a...",2022
7 hours ago,Fuel News | Today's Latest Stories,Reuters,https://www.reuters.com/business/energy/fuel/&ved=2ahUKEwjL0-u9sdmMAxVLZ0EAHdkbAtcQxfQBegQIBxAC&usg=AOvVaw1tUw3qkD_XVIqI8UFWGXwP,,2022
7 hours ago,FAA says it's investigating reported engine issue on Delta flight,Reuters,https://www.reuters.com/business/aerospace-defense/faa-says-its-investigating-reported-engine-issue-delta-flight-2025-04-14/&ved=2ahUKEwjp8by9sdmMAxVzSkEAHQ06AQwQxfQBegQICRAC&usg=AOvVaw1C9M6Das-mQ7mH_hrR88Xx,The Federal Aviation Administration said it is investigating after a Delta airline crew reported an engine issue on a Boeing 737-900 flight on Monday.,2022
7 hours ago,"'All of them were dead,' says paramedic recalling Sumy attack",Reuters,https://www.reuters.com/video/watch/idRW668714042025RP1/&ved=2ahUKEwjp8by9sdmMAxVzSkEAHQ06AQwQxfQBegQIBxAC&usg=AOvVaw3qV3trp1uw7QmDK653QYJX,"Ukrainian paramedic Artem Selianyn recounts ""walking over dead bodies"" as he tended to the wounded when two Russian missiles slammed the northeastern city...",2022
7 hours ago,"T. Rowe Price Investment Management to back Starboard in Autodesk proxy fight, source says",Reuters,https://www.reuters.com/business/t-rowe-price-investment-management-back-starboard-autodesk-proxy-fight-source-2025-04-14/&ved=2ahUKEwjp8by9sdmMAxVzSkEAHQ06AQwQxfQBegQIBhAC&usg=AOvVaw0S6YdGXrMT4_mvXBTYe4cc,"T. Rowe Price Investment Management, one of Autodesk's biggest investors, plans to vote for activist investor Starboard Value's director nominees in a...",2022
7 hours ago,Fuel News | Today's Latest Stories,Reuters,https://www.reuters.com/business/energy/fuel/&ved=2ahUKEwjp8by9sdmMAxVzSkEAHQ06AQwQxfQBegQIAxAC&usg=AOvVaw1aZGSJ7GcI1MGWZTT_VIKs,,2022
8 hours ago,"Germany struggles to get consumers to spend, not save",Reuters,https://www.reuters.com/markets/europe/economy-stalls-germany-struggles-get-consumers-spending-2025-04-14/&ved=2ahUKEwjV05y-sdmMAxWFXUEAHRkmG-k4ChDF9AF6BAgFEAI&usg=AOvVaw3Whx99vTyMwMkeNbKjFcO_,"With global trade deeply uncertain and a tariff war causing havoc on financial markets, Germany's next government is hoping to unleash domestic consumption...",2022
8 hours ago,"‘No lettuce, no Big Mac’: why Beth Hart is steering McDonald’s towards regenerative agriculture",Reuters,https://www.reuters.com/sustainability/land-use-biodiversity/no-lettuce-no-big-mac-why-beth-hart-is-steering-mcdonalds-towards-regenerative-2025-04-14/&ved=2ahUKEwjV05y-sdmMAxWFXUEAHRkmG-k4ChDF9AF6BAgBEAI&usg=AOvVaw3myf8YoIMnJ4nV4jz-pm_h,"In August 2020, when McDonald's announced an initiative with farmers in Nebraska to improve soil health, techniques like cover cropping and reduced tillage...",2022
8 hours ago,"ADM halting domestic trading in China, cutting jobs in Shanghai",Reuters,https://www.reuters.com/markets/commodities/adm-halting-domestic-trading-china-cutting-jobs-shanghai-2025-04-14/&ved=2ahUKEwjL0-u9sdmMAxVLZ0EAHdkbAtcQxfQBegQIARAC&usg=AOvVaw02BzcbK3YRL1nSUD2HOFCv,Global grain merchant Archer-Daniels-Midland has begun shutting down domestic trading operations in China and laying off staff within its largest business...,2022
8 hours ago,"ADM halting domestic trading in China, cutting jobs in Shanghai",Reuters,https://www.reuters.com/markets/commodities/adm-halting-domestic-trading-china-cutting-jobs-shanghai-2025-04-14/&ved=2ahUKEwjp8by9sdmMAxVzSkEAHQ06AQwQxfQBegQIBBAC&usg=AOvVaw1Vxm71lV9pvb1VkQ9GkUiU,Global grain merchant Archer-Daniels-Midland has begun shutting down domestic trading operations in China and laying off staff within its largest business...,2022
9 hours ago,Patient corn bulls emerge victorious post tariff onslaught,Reuters,https://www.reuters.com/markets/commodities/patient-corn-bulls-emerge-victorious-post-tariff-onslaught-braun-2025-04-13/&ved=2ahUKEwjV05y-sdmMAxWFXUEAHRkmG-k4ChDF9AF6BAgDEAI&usg=AOvVaw0uaetiaT_m3O7yODdqRj0G,"After building immensely bullish bets, speculators in late February rode out Chicago corn's worst downturn in over a year as the United States prepared to...",2022
9 hours ago,"Argentina peso tumbles as Wall St cheers FX controls easing, IMF deal",Reuters,https://www.reuters.com/markets/currencies/wall-st-expects-argentina-market-boost-imf-deal-big-shift-fx-controls-2025-04-14/&ved=2ahUKEwjL0-u9sdmMAxVLZ0EAHdkbAtcQxfQBegQIAhAC&usg=AOvVaw028q9gp4FYxve-YvtyXXXR,Argentina's peso slid 10% on Monday to near 1200 per dollar after the country undid large parts of its currency and capital controls at the end of last week...,2022
9 hours ago,"Argentina peso tumbles as Wall St cheers FX controls easing, IMF deal",Reuters,https://www.reuters.com/markets/currencies/wall-st-expects-argentina-market-boost-imf-deal-big-shift-fx-controls-2025-04-14/&ved=2ahUKEwjp8by9sdmMAxVzSkEAHQ06AQwQxfQBegQIBRAC&usg=AOvVaw1FsSyruh3o6YWA2ILwgZwn,Argentina's peso slid 10% on Monday to near 1200 per dollar after the country undid large parts of its currency and capital controls at the end of last week...,2022
0 hours ago,"China to keep building coal plants through 2027, state planner says",Reuters,https://www.reuters.com/sustainability/climate-energy/china-keep-building-coal-plants-through-2027-state-planner-says-2025-04-14/&ved=2ahUKEwjV05y-sdmMAxWFXUEAHRkmG-k4ChDF9AF6BAgHEAI&usg=AOvVaw1n5GFGkjA4CUncHOeYeSMD,"China plans to keep building coal-fired power plants through 2027 in regions where they are needed to meet peak power demand or stabilise the grid,...",2022
0 hours ago,Top US power sector CEOs pull down $115 million in performance pay,Reuters,https://www.reuters.com/business/energy/top-us-power-sector-ceos-pull-down-115-million-performance-pay-2025-04-14/&ved=2ahUKEwjL0-u9sdmMAxVLZ0EAHdkbAtcQxfQBegQICBAC&usg=AOvVaw0WpZumD3LqXPNv4b6V173P,CEOs of the 10 largest U.S. utilities earned more than $115 million combined in a recent three-year period as demand for electricity from their power plants...,2022
0 hours ago,Trump administration cancels $3 billion climate-friendly farming program,Reuters,https://www.reuters.com/world/us/trump-administration-cancels-3-billion-climate-friendly-farming-program-2025-04-14/&ved=2ahUKEwjL0-u9sdmMAxVLZ0EAHdkbAtcQxfQBegQIBBAC&usg=AOvVaw25SkxToDXbjXVgxsoOwLpL,The U.S. Department of Agriculture on Monday said it had canceled a $3 billion program for climate-smart farming projects after a review found it did not...,2022
0 minutes ago,"UK wages increase by 5.9% in the three months to February, ONS says",Reuters,https://www.reuters.com/world/uk/uk-wages-increase-by-59-three-months-february-ons-says-2025-04-15/&ved=2ahUKEwjL0-u9sdmMAxVLZ0EAHdkbAtcQxfQBegQIAxAC&usg=AOvVaw3pcVpBZR3WoMEBkpJaSiYz,"British average weekly earnings, excluding bonuses, rose by 5.9% in the three months to February compared with the same period a year earlier,...",2022
0 hours ago,Top US power sector CEOs pull down $115 million in performance pay,Reuters,https://www.reuters.com/business/energy/top-us-power-sector-ceos-pull-down-115-million-performance-pay-2025-04-14/&ved=2ahUKEwjp8by9sdmMAxVzSkEAHQ06AQwQxfQBegQIARAC&usg=AOvVaw2cvrQEr3pDntqK9C6Ka5Km,CEOs of the 10 largest U.S. utilities earned more than $115 million combined in a recent three-year period as demand for electricity from their power plants...,2022
0 hours ago,Trump administration cancels $3 billion climate-friendly farming program,Reuters,https://www.reuters.com/world/us/trump-administration-cancels-3-billion-climate-friendly-farming-program-2025-04-14/&ved=2ahUKEwjp8by9sdmMAxVzSkEAHQ06AQwQxfQBegQIAhAC&usg=AOvVaw2G3g6s-5hTdPGl0dPFYnvL,The U.S. Department of Agriculture on Monday said it had canceled a $3 billion program for climate-smart farming projects after a review found it did not...,2022
0 minutes ago,"UK wages increase by 5.9% in the three months to February, ONS says",Reuters,https://www.reuters.com/world/uk/uk-wages-increase-by-59-three-months-february-ons-says-2025-04-15/&ved=2ahUKEwjp8by9sdmMAxVzSkEAHQ06AQwQxfQBegQICBAC&usg=AOvVaw25E53YqjkBjF1_x4MFo2l5,"British average weekly earnings, excluding bonuses, rose by 5.9% in the three months to February compared with the same period a year earlier,...",2022
2 hours ago,UK's Wood Group shares rise after enhanced bid from Dubai's Sidara,Reuters,https://www.reuters.com/business/energy/uks-wood-group-gets-conditional-bid-sidara-with-591-million-cash-injection-2025-04-14/&ved=2ahUKEwjV05y-sdmMAxWFXUEAHRkmG-k4ChDF9AF6BAgGEAI&usg=AOvVaw25T3GCPR5nxW2_veX-sEPX,,2022
2 hours ago,Argentina farmers focus on harvest over sales despite currency boost,Reuters,https://www.reuters.com/markets/commodities/argentina-farmers-focus-harvest-over-sales-despite-currency-boost-2025-04-14/&ved=2ahUKEwjV05y-sdmMAxWFXUEAHRkmG-k4ChDF9AF6BAgIEAI&usg=AOvVaw0Yz5u-Tn0p9RxKrNYv8Cp6,"Argentina's grain industry welcomed an exchange-rate overhaul on Monday, though the new measures will likely not translate into immediate sales as the...",2022
2 hours ago,Annual mass pillow fight takes place in Toronto,Reuters,https://www.reuters.com/video/&ved=2ahUKEwjV05y-sdmMAxWFXUEAHRkmG-k4ChDF9AF6BAgKEAI&usg=AOvVaw2gBKp9Pr5leHNw1j5s7Dnp,Reuters news in video: footage captured by award winning Reuters journalists from around the globe.,2022
2 hours ago,"Magnitude 5.2 earthquake strikes interior of San Diego County in California, USGS says",Reuters,https://www.reuters.com/business/environment/magnitude-51-earthquake-strikes-san-diego-country-estates-california-usgs-says-2025-04-14/&ved=2ahUKEwjV05y-sdmMAxWFXUEAHRkmG-k4ChDF9AF6BAgEEAI&usg=AOvVaw2SrizaXYKvKPmzS_x3prMk,"An earthquake measuring 5.2 magnitude struck the interior of San Diego County in California on Monday, the U.S. Geological Survey said.",2022
3 hours ago,Beer maker Molson Coors CEO Gavin Hattersley to retire,Reuters,https://www.reuters.com/business/retail-consumer/beer-maker-molson-coors-ceo-gavin-hattersley-retire-2025-04-14/&ved=2ahUKEwjV05y-sdmMAxWFXUEAHRkmG-k4ChDF9AF6BAgJEAI&usg=AOvVaw1QKogNMzdzWbXFv2q3Tnts,,2022
4 hours ago,"Europe had most widespread floods for more than a decade in 2024, scientists say",Reuters,https://www.reuters.com/sustainability/cop/europe-had-most-widespread-floods-more-than-decade-2024-scientists-say-2025-04-15/&ved=2ahUKEwjL0-u9sdmMAxVLZ0EAHdkbAtcQxfQBegQIChAC&usg=AOvVaw0aWfYf-DKOB5SXBqYAecOR,"Europe faced its most widespread flooding last year since 2013, with 30% of the continent's river network hit by significant floods, scientists said on...",2022
4 hours ago,"Europe had most widespread floods for more than a decade in 2024, scientists say",Reuters,https://www.reuters.com/sustainability/cop/europe-had-most-widespread-floods-more-than-decade-2024-scientists-say-2025-04-15/&ved=2ahUKEwjp8by9sdmMAxVzSkEAHQ06AQwQxfQBegQIChAC&usg=AOvVaw24ZIWDlsQDJ8pUurWB1DqG,"Europe faced its most widespread flooding last year since 2013, with 30% of the continent's river network hit by significant floods, scientists said on...",2022
7 hours ago,Chipmaker Qorvo appoints two industry veterans to board,Reuters,https://www.reuters.com/technology/chipmaker-qorvo-appoints-two-industry-veterans-board-2025-04-14/&ved=2ahUKEwjV05y-sdmMAxWFXUEAHRkmG-k4ChDF9AF6BAgCEAI&usg=AOvVaw0UphQWpUivOvpxqSgOOEXG,,2022
7 hours ago,FAA says it's investigating reported engine issue on Delta flight,Reuters,https://www.reuters.com/business/aerospace-defense/faa-says-its-investigating-reported-engine-issue-delta-flight-2025-04-14/&ved=2ahUKEwjL0-u9sdmMAxVLZ0EAHdkbAtcQxfQBegQICRAC&usg=AOvVaw2B8WcM2JSp3CcDn3eUjjpL,The Federal Aviation Administration said it is investigating after a Delta airline crew reported an engine issue on a Boeing 737-900 flight on Monday.,2022
7 hours ago,"'All of them were dead,' says paramedic recalling Sumy attack",Reuters,https://www.reuters.com/video/watch/idRW668714042025RP1/&ved=2ahUKEwjL0-u9sdmMAxVLZ0EAHdkbAtcQxfQBegQIBhAC&usg=AOvVaw1oDKR6MtOkbTIJSPRZS5oL,"Ukrainian paramedic Artem Selianyn recounts ""walking over dead bodies"" as he tended to the wounded when two Russian missiles slammed the northeastern city...",2022
7 hours ago,"T. Rowe Price Investment Management to back Starboard in Autodesk proxy fight, source says",Reuters,https://www.reuters.com/business/t-rowe-price-investment-management-back-starboard-autodesk-proxy-fight-source-2025-04-14/&ved=2ahUKEwjL0-u9sdmMAxVLZ0EAHdkbAtcQxfQBegQIBRAC&usg=AOvVaw3Y7aqETzYbEJt22Qd9STP5,"T. Rowe Price Investment Management, one of Autodesk's biggest investors, plans to vote for activist investor Starboard Value's director nominees in a...",2022
7 hours ago,Fuel News | Today's Latest Stories,Reuters,https://www.reuters.com/business/energy/fuel/&ved=2ahUKEwjL0-u9sdmMAxVLZ0EAHdkbAtcQxfQBegQIBxAC&usg=AOvVaw1tUw3qkD_XVIqI8UFWGXwP,,2022
7 hours ago,FAA says it's investigating reported engine issue on Delta flight,Reuters,https://www.reuters.com/business/aerospace-defense/faa-says-its-investigating-reported-engine-issue-delta-flight-2025-04-14/&ved=2ahUKEwjp8by9sdmMAxVzSkEAHQ06AQwQxfQBegQICRAC&usg=AOvVaw1C9M6Das-mQ7mH_hrR88Xx,The Federal Aviation Administration said it is investigating after a Delta airline crew reported an engine issue on a Boeing 737-900 flight on Monday.,2022
7 hours ago,"'All of them were dead,' says paramedic recalling Sumy attack",Reuters,https://www.reuters.com/video/watch/idRW668714042025RP1/&ved=2ahUKEwjp8by9sdmMAxVzSkEAHQ06AQwQxfQBegQIBxAC&usg=AOvVaw3qV3trp1uw7QmDK653QYJX,"Ukrainian paramedic Artem Selianyn recounts ""walking over dead bodies"" as he tended to the wounded when two Russian missiles slammed the northeastern city...",2022
7 hours ago,"T. Rowe Price Investment Management to back Starboard in Autodesk proxy fight, source says",Reuters,https://www.reuters.com/business/t-rowe-price-investment-management-back-starboard-autodesk-proxy-fight-source-2025-04-14/&ved=2ahUKEwjp8by9sdmMAxVzSkEAHQ06AQwQxfQBegQIBhAC&usg=AOvVaw0S6YdGXrMT4_mvXBTYe4cc,"T. Rowe Price Investment Management, one of Autodesk's biggest investors, plans to vote for activist investor Starboard Value's director nominees in a...",2022
7 hours ago,Fuel News | Today's Latest Stories,Reuters,https://www.reuters.com/business/energy/fuel/&ved=2ahUKEwjp8by9sdmMAxVzSkEAHQ06AQwQxfQBegQIAxAC&usg=AOvVaw1aZGSJ7GcI1MGWZTT_VIKs,,2022
8 hours ago,"Germany struggles to get consumers to spend, not save",Reuters,https://www.reuters.com/markets/europe/economy-stalls-germany-struggles-get-consumers-spending-2025-04-14/&ved=2ahUKEwjV05y-sdmMAxWFXUEAHRkmG-k4ChDF9AF6BAgFEAI&usg=AOvVaw3Whx99vTyMwMkeNbKjFcO_,"With global trade deeply uncertain and a tariff war causing havoc on financial markets, Germany's next government is hoping to unleash domestic consumption...",2022
8 hours ago,"‘No lettuce, no Big Mac’: why Beth Hart is steering McDonald’s towards regenerative agriculture",Reuters,https://www.reuters.com/sustainability/land-use-biodiversity/no-lettuce-no-big-mac-why-beth-hart-is-steering-mcdonalds-towards-regenerative-2025-04-14/&ved=2ahUKEwjV05y-sdmMAxWFXUEAHRkmG-k4ChDF9AF6BAgBEAI&usg=AOvVaw3myf8YoIMnJ4nV4jz-pm_h,"In August 2020, when McDonald's announced an initiative with farmers in Nebraska to improve soil health, techniques like cover cropping and reduced tillage...",2022
8 hours ago,"ADM halting domestic trading in China, cutting jobs in Shanghai",Reuters,https://www.reuters.com/markets/commodities/adm-halting-domestic-trading-china-cutting-jobs-shanghai-2025-04-14/&ved=2ahUKEwjL0-u9sdmMAxVLZ0EAHdkbAtcQxfQBegQIARAC&usg=AOvVaw02BzcbK3YRL1nSUD2HOFCv,Global grain merchant Archer-Daniels-Midland has begun shutting down domestic trading operations in China and laying off staff within its largest business...,2022
8 hours ago,"ADM halting domestic trading in China, cutting jobs in Shanghai",Reuters,https://www.reuters.com/markets/commodities/adm-halting-domestic-trading-china-cutting-jobs-shanghai-2025-04-14/&ved=2ahUKEwjp8by9sdmMAxVzSkEAHQ06AQwQxfQBegQIBBAC&usg=AOvVaw1Vxm71lV9pvb1VkQ9GkUiU,Global grain merchant Archer-Daniels-Midland has begun shutting down domestic trading operations in China and laying off staff within its largest business...,2022
9 hours ago,Patient corn bulls emerge victorious post tariff onslaught,Reuters,https://www.reuters.com/markets/commodities/patient-corn-bulls-emerge-victorious-post-tariff-onslaught-braun-2025-04-13/&ved=2ahUKEwjV05y-sdmMAxWFXUEAHRkmG-k4ChDF9AF6BAgDEAI&usg=AOvVaw0uaetiaT_m3O7yODdqRj0G,"After building immensely bullish bets, speculators in late February rode out Chicago corn's worst downturn in over a year as the United States prepared to...",2022
9 hours ago,"Argentina peso tumbles as Wall St cheers FX controls easing, IMF deal",Reuters,https://www.reuters.com/markets/currencies/wall-st-expects-argentina-market-boost-imf-deal-big-shift-fx-controls-2025-04-14/&ved=2ahUKEwjL0-u9sdmMAxVLZ0EAHdkbAtcQxfQBegQIAhAC&usg=AOvVaw028q9gp4FYxve-YvtyXXXR,Argentina's peso slid 10% on Monday to near 1200 per dollar after the country undid large parts of its currency and capital controls at the end of last week...,2022
9 hours ago,"Argentina peso tumbles as Wall St cheers FX controls easing, IMF deal",Reuters,https://www.reuters.com/markets/currencies/wall-st-expects-argentina-market-boost-imf-deal-big-shift-fx-controls-2025-04-14/&ved=2ahUKEwjp8by9sdmMAxVzSkEAHQ06AQwQxfQBegQIBRAC&usg=AOvVaw1FsSyruh3o6YWA2ILwgZwn,Argentina's peso slid 10% on Monday to near 1200 per dollar after the country undid large parts of its currency and capital controls at the end of last week...,2022
0 hours ago,"China to keep building coal plants through 2027, state planner says",Reuters,https://www.reuters.com/sustainability/climate-energy/china-keep-building-coal-plants-through-2027-state-planner-says-2025-04-14/&ved=2ahUKEwjfsfy_sdmMAxW4QkEAHaxhN2Q4ChDF9AF6BAgJEAI&usg=AOvVaw1kE8YNzS2MSZ8T38EopBnE,"China plans to keep building coal-fired power plants through 2027 in regions where they are needed to meet peak power demand or stabilise the grid,...",2023
0 hours ago,Top US power sector CEOs pull down $115 million in performance pay,Reuters,https://www.reuters.com/business/energy/top-us-power-sector-ceos-pull-down-115-million-performance-pay-2025-04-14/&ved=2ahUKEwielc6_sdmMAxW7TEEAHSbSD5sQxfQBegQICBAC&usg=AOvVaw0P19Ju31HPhsJs9CQ8h7QO,CEOs of the 10 largest U.S. utilities earned more than $115 million combined in a recent three-year period as demand for electricity from their power plants...,2023
0 hours ago,Trump administration cancels $3 billion climate-friendly farming program,Reuters,https://www.reuters.com/world/us/trump-administration-cancels-3-billion-climate-friendly-farming-program-2025-04-14/&ved=2ahUKEwielc6_sdmMAxW7TEEAHSbSD5sQxfQBegQIBhAC&usg=AOvVaw0hVK0ojMmRbgx7l0zSG37B,The U.S. Department of Agriculture on Monday said it had canceled a $3 billion program for climate-smart farming projects after a review found it did not...,2023
0 minutes ago,"UK wages increase by 5.9% in the three months to February, ONS says",Reuters,https://www.reuters.com/world/uk/uk-wages-increase-by-59-three-months-february-ons-says-2025-04-15/&ved=2ahUKEwielc6_sdmMAxW7TEEAHSbSD5sQxfQBegQIBRAC&usg=AOvVaw3E3tkE7EoZb6MuClQeHraA,"British average weekly earnings, excluding bonuses, rose by 5.9% in the three months to February compared with the same period a year earlier,...",2023
0 hours ago,Top US power sector CEOs pull down $115 million in performance pay,Reuters,https://www.reuters.com/business/energy/top-us-power-sector-ceos-pull-down-115-million-performance-pay-2025-04-14/&ved=2ahUKEwi7jaK_sdmMAxWDWEEAHW_-IHIQxfQBegQICBAC&usg=AOvVaw1Cb5PZzTwQVYTZUv0F8d3c,CEOs of the 10 largest U.S. utilities earned more than $115 million combined in a recent three-year period as demand for electricity from their power plants...,2023
0 hours ago,Trump administration cancels $3 billion climate-friendly farming program,Reuters,https://www.reuters.com/world/us/trump-administration-cancels-3-billion-climate-friendly-farming-program-2025-04-14/&ved=2ahUKEwi7jaK_sdmMAxWDWEEAHW_-IHIQxfQBegQIBRAC&usg=AOvVaw3kEWhKc9OoXj911aQD8QfI,The U.S. Department of Agriculture on Monday said it had canceled a $3 billion program for climate-smart farming projects after a review found it did not...,2023
0 minutes ago,"UK wages increase by 5.9% in the three months to February, ONS says",Reuters,https://www.reuters.com/world/uk/uk-wages-increase-by-59-three-months-february-ons-says-2025-04-15/&ved=2ahUKEwi7jaK_sdmMAxWDWEEAHW_-IHIQxfQBegQIBBAC&usg=AOvVaw1FtrRh53mUYov-Qo3-RU6A,"British average weekly earnings, excluding bonuses, rose by 5.9% in the three months to February compared with the same period a year earlier,...",2023
2 hours ago,UK's Wood Group shares rise after enhanced bid from Dubai's Sidara,Reuters,https://www.reuters.com/business/energy/uks-wood-group-gets-conditional-bid-sidara-with-591-million-cash-injection-2025-04-14/&ved=2ahUKEwjfsfy_sdmMAxW4QkEAHaxhN2Q4ChDF9AF6BAgHEAI&usg=AOvVaw2V57-K2AMiZ1W-bDn8wZfk,,2023
2 hours ago,Argentina farmers focus on harvest over sales despite currency boost,Reuters,https://www.reuters.com/markets/commodities/argentina-farmers-focus-harvest-over-sales-despite-currency-boost-2025-04-14/&ved=2ahUKEwjfsfy_sdmMAxW4QkEAHaxhN2Q4ChDF9AF6BAgCEAI&usg=AOvVaw18OhZ5FHH9R6rXJomhUN0Q,"Argentina's grain industry welcomed an exchange-rate overhaul on Monday, though the new measures will likely not translate into immediate sales as the...",2023
2 hours ago,Annual mass pillow fight takes place in Toronto,Reuters,https://www.reuters.com/video/&ved=2ahUKEwjfsfy_sdmMAxW4QkEAHaxhN2Q4ChDF9AF6BAgKEAI&usg=AOvVaw08fw_AZvFh-n3aBcVsIWdU,Reuters news in video: footage captured by award winning Reuters journalists from around the globe.,2023
2 hours ago,"Magnitude 5.2 earthquake strikes interior of San Diego County in California, USGS says",Reuters,https://www.reuters.com/business/environment/magnitude-51-earthquake-strikes-san-diego-country-estates-california-usgs-says-2025-04-14/&ved=2ahUKEwjfsfy_sdmMAxW4QkEAHaxhN2Q4ChDF9AF6BAgEEAI&usg=AOvVaw2vuRl9tbM3UdyWAxS7BL_O,"An earthquake measuring 5.2 magnitude struck the interior of San Diego County in California on Monday, the U.S. Geological Survey said.",2023
3 hours ago,Beer maker Molson Coors CEO Gavin Hattersley to retire,Reuters,https://www.reuters.com/business/retail-consumer/beer-maker-molson-coors-ceo-gavin-hattersley-retire-2025-04-14/&ved=2ahUKEwjfsfy_sdmMAxW4QkEAHaxhN2Q4ChDF9AF6BAgBEAI&usg=AOvVaw0iH4tYNPfkcaK8I0LEmQ1b,,2023
4 hours ago,"Europe had most widespread floods for more than a decade in 2024, scientists say",Reuters,https://www.reuters.com/sustainability/cop/europe-had-most-widespread-floods-more-than-decade-2024-scientists-say-2025-04-15/&ved=2ahUKEwielc6_sdmMAxW7TEEAHSbSD5sQxfQBegQIChAC&usg=AOvVaw3e-0LczfCt3rTOltbPFEjP,"Europe faced its most widespread flooding last year since 2013, with 30% of the continent's river network hit by significant floods, scientists said on...",2023
4 hours ago,"Europe had most widespread floods for more than a decade in 2024, scientists say",Reuters,https://www.reuters.com/sustainability/cop/europe-had-most-widespread-floods-more-than-decade-2024-scientists-say-2025-04-15/&ved=2ahUKEwi7jaK_sdmMAxWDWEEAHW_-IHIQxfQBegQIChAC&usg=AOvVaw1Zeo2lSvSg4jPaybiokRnn,"Europe faced its most widespread flooding last year since 2013, with 30% of the continent's river network hit by significant floods, scientists said on...",2023
7 hours ago,Chipmaker Qorvo appoints two industry veterans to board,Reuters,https://www.reuters.com/technology/chipmaker-qorvo-appoints-two-industry-veterans-board-2025-04-14/&ved=2ahUKEwjfsfy_sdmMAxW4QkEAHaxhN2Q4ChDF9AF6BAgIEAI&usg=AOvVaw33k0XzGw-ElKgVRPQ8_Kvm,,2023
7 hours ago,FAA says it's investigating reported engine issue on Delta flight,Reuters,https://www.reuters.com/business/aerospace-defense/faa-says-its-investigating-reported-engine-issue-delta-flight-2025-04-14/&ved=2ahUKEwielc6_sdmMAxW7TEEAHSbSD5sQxfQBegQIAxAC&usg=AOvVaw33m0t0ncxX6OqDbAHovpkp,The Federal Aviation Administration said it is investigating after a Delta airline crew reported an engine issue on a Boeing 737-900 flight on Monday.,2023
7 hours ago,"'All of them were dead,' says paramedic recalling Sumy attack",Reuters,https://www.reuters.com/video/watch/idRW668714042025RP1/&ved=2ahUKEwielc6_sdmMAxW7TEEAHSbSD5sQxfQBegQICRAC&usg=AOvVaw0t92Y3eVO8Vao-7E-jL5LG,"Ukrainian paramedic Artem Selianyn recounts ""walking over dead bodies"" as he tended to the wounded when two Russian missiles slammed the northeastern city...",2023
7 hours ago,"T. Rowe Price Investment Management to back Starboard in Autodesk proxy fight, source says",Reuters,https://www.reuters.com/business/t-rowe-price-investment-management-back-starboard-autodesk-proxy-fight-source-2025-04-14/&ved=2ahUKEwielc6_sdmMAxW7TEEAHSbSD5sQxfQBegQIBBAC&usg=AOvVaw1wZLFK7bD6imeaxkD06MqE,"T. Rowe Price Investment Management, one of Autodesk's biggest investors, plans to vote for activist investor Starboard Value's director nominees in a...",2023
7 hours ago,Fuel News | Today's Latest Stories,Reuters,https://www.reuters.com/business/energy/fuel/&ved=2ahUKEwielc6_sdmMAxW7TEEAHSbSD5sQxfQBegQIARAC&usg=AOvVaw1va9oL59KFCE5HA2Mf-CLT,,2023
7 hours ago,FAA says it's investigating reported engine issue on Delta flight,Reuters,https://www.reuters.com/business/aerospace-defense/faa-says-its-investigating-reported-engine-issue-delta-flight-2025-04-14/&ved=2ahUKEwi7jaK_sdmMAxWDWEEAHW_-IHIQxfQBegQIBhAC&usg=AOvVaw0yGGXPnP17dO5rbA-_yvhu,The Federal Aviation Administration said it is investigating after a Delta airline crew reported an engine issue on a Boeing 737-900 flight on Monday.,2023
7 hours ago,"'All of them were dead,' says paramedic recalling Sumy attack",Reuters,https://www.reuters.com/video/watch/idRW668714042025RP1/&ved=2ahUKEwi7jaK_sdmMAxWDWEEAHW_-IHIQxfQBegQIARAC&usg=AOvVaw3DwkhBURsLTb2LR3Kd-7EW,"Ukrainian paramedic Artem Selianyn recounts ""walking over dead bodies"" as he tended to the wounded when two Russian missiles slammed the northeastern city...",2023
7 hours ago,"T. Rowe Price Investment Management to back Starboard in Autodesk proxy fight, source says",Reuters,https://www.reuters.com/business/t-rowe-price-investment-management-back-starboard-autodesk-proxy-fight-source-2025-04-14/&ved=2ahUKEwi7jaK_sdmMAxWDWEEAHW_-IHIQxfQBegQICRAC&usg=AOvVaw2ZOcpceFJwfXcBDlkVn0o7,"T. Rowe Price Investment Management, one of Autodesk's biggest investors, plans to vote for activist investor Starboard Value's director nominees in a...",2023
7 hours ago,Fuel News | Today's Latest Stories,Reuters,https://www.reuters.com/business/energy/fuel/&ved=2ahUKEwi7jaK_sdmMAxWDWEEAHW_-IHIQxfQBegQIBxAC&usg=AOvVaw0Z0qVpLWp_LPGawTyeb0hn,,2023
8 hours ago,"Germany struggles to get consumers to spend, not save",Reuters,https://www.reuters.com/markets/europe/economy-stalls-germany-struggles-get-consumers-spending-2025-04-14/&ved=2ahUKEwjfsfy_sdmMAxW4QkEAHaxhN2Q4ChDF9AF6BAgFEAI&usg=AOvVaw0sO_1tib5RPvsjEnpdVkW8,"With global trade deeply uncertain and a tariff war causing havoc on financial markets, Germany's next government is hoping to unleash domestic consumption...",2023
8 hours ago,"‘No lettuce, no Big Mac’: why Beth Hart is steering McDonald’s towards regenerative agriculture",Reuters,https://www.reuters.com/sustainability/land-use-biodiversity/no-lettuce-no-big-mac-why-beth-hart-is-steering-mcdonalds-towards-regenerative-2025-04-14/&ved=2ahUKEwjfsfy_sdmMAxW4QkEAHaxhN2Q4ChDF9AF6BAgGEAI&usg=AOvVaw2GbkgtoCSE98gERGmLb632,"In August 2020, when McDonald's announced an initiative with farmers in Nebraska to improve soil health, techniques like cover cropping and reduced tillage...",2023
8 hours ago,"ADM halting domestic trading in China, cutting jobs in Shanghai",Reuters,https://www.reuters.com/markets/commodities/adm-halting-domestic-trading-china-cutting-jobs-shanghai-2025-04-14/&ved=2ahUKEwielc6_sdmMAxW7TEEAHSbSD5sQxfQBegQIBxAC&usg=AOvVaw2Z-toWJjOc39uaZrMf8IkE,Global grain merchant Archer-Daniels-Midland has begun shutting down domestic trading operations in China and laying off staff within its largest business...,2023
8 hours ago,"ADM halting domestic trading in China, cutting jobs in Shanghai",Reuters,https://www.reuters.com/markets/commodities/adm-halting-domestic-trading-china-cutting-jobs-shanghai-2025-04-14/&ved=2ahUKEwi7jaK_sdmMAxWDWEEAHW_-IHIQxfQBegQIAxAC&usg=AOvVaw1OkNYgtVaX1VeCusdHOov4,Global grain merchant Archer-Daniels-Midland has begun shutting down domestic trading operations in China and laying off staff within its largest business...,2023
9 hours ago,Patient corn bulls emerge victorious post tariff onslaught,Reuters,https://www.reuters.com/markets/commodities/patient-corn-bulls-emerge-victorious-post-tariff-onslaught-braun-2025-04-13/&ved=2ahUKEwjfsfy_sdmMAxW4QkEAHaxhN2Q4ChDF9AF6BAgDEAI&usg=AOvVaw30ExYHjYp-9r1pVAJF3poo,"After building immensely bullish bets, speculators in late February rode out Chicago corn's worst downturn in over a year as the United States prepared to...",2023
9 hours ago,"Argentina peso tumbles as Wall St cheers FX controls easing, IMF deal",Reuters,https://www.reuters.com/markets/currencies/wall-st-expects-argentina-market-boost-imf-deal-big-shift-fx-controls-2025-04-14/&ved=2ahUKEwielc6_sdmMAxW7TEEAHSbSD5sQxfQBegQIAhAC&usg=AOvVaw28EJe6ysPr0SOfyERG1qRx,Argentina's peso slid 10% on Monday to near 1200 per dollar after the country undid large parts of its currency and capital controls at the end of last week...,2023
9 hours ago,"Argentina peso tumbles as Wall St cheers FX controls easing, IMF deal",Reuters,https://www.reuters.com/markets/currencies/wall-st-expects-argentina-market-boost-imf-deal-big-shift-fx-controls-2025-04-14/&ved=2ahUKEwi7jaK_sdmMAxWDWEEAHW_-IHIQxfQBegQIAhAC&usg=AOvVaw2wPO-x2r-OP4f34ndT0DAJ,Argentina's peso slid 10% on Monday to near 1200 per dollar after the country undid large parts of its currency and capital controls at the end of last week...,2023
0 hours ago,"China to keep building coal plants through 2027, state planner says",Reuters,https://www.reuters.com/sustainability/climate-energy/china-keep-building-coal-plants-through-2027-state-planner-says-2025-04-14/&ved=2ahUKEwjfsfy_sdmMAxW4QkEAHaxhN2Q4ChDF9AF6BAgJEAI&usg=AOvVaw1kE8YNzS2MSZ8T38EopBnE,"China plans to keep building coal-fired power plants through 2027 in regions where they are needed to meet peak power demand or stabilise the grid,...",2023
0 hours ago,Top US power sector CEOs pull down $115 million in performance pay,Reuters,https://www.reuters.com/business/energy/top-us-power-sector-ceos-pull-down-115-million-performance-pay-2025-04-14/&ved=2ahUKEwielc6_sdmMAxW7TEEAHSbSD5sQxfQBegQICBAC&usg=AOvVaw0P19Ju31HPhsJs9CQ8h7QO,CEOs of the 10 largest U.S. utilities earned more than $115 million combined in a recent three-year period as demand for electricity from their power plants...,2023
0 hours ago,Trump administration cancels $3 billion climate-friendly farming program,Reuters,https://www.reuters.com/world/us/trump-administration-cancels-3-billion-climate-friendly-farming-program-2025-04-14/&ved=2ahUKEwielc6_sdmMAxW7TEEAHSbSD5sQxfQBegQIBhAC&usg=AOvVaw0hVK0ojMmRbgx7l0zSG37B,The U.S. Department of Agriculture on Monday said it had canceled a $3 billion program for climate-smart farming projects after a review found it did not...,2023
0 minutes ago,"UK wages increase by 5.9% in the three months to February, ONS says",Reuters,https://www.reuters.com/world/uk/uk-wages-increase-by-59-three-months-february-ons-says-2025-04-15/&ved=2ahUKEwielc6_sdmMAxW7TEEAHSbSD5sQxfQBegQIBRAC&usg=AOvVaw3E3tkE7EoZb6MuClQeHraA,"British average weekly earnings, excluding bonuses, rose by 5.9% in the three months to February compared with the same period a year earlier,...",2023
0 hours ago,Top US power sector CEOs pull down $115 million in performance pay,Reuters,https://www.reuters.com/business/energy/top-us-power-sector-ceos-pull-down-115-million-performance-pay-2025-04-14/&ved=2ahUKEwi7jaK_sdmMAxWDWEEAHW_-IHIQxfQBegQICBAC&usg=AOvVaw1Cb5PZzTwQVYTZUv0F8d3c,CEOs of the 10 largest U.S. utilities earned more than $115 million combined in a recent three-year period as demand for electricity from their power plants...,2023
0 hours ago,Trump administration cancels $3 billion climate-friendly farming program,Reuters,https://www.reuters.com/world/us/trump-administration-cancels-3-billion-climate-friendly-farming-program-2025-04-14/&ved=2ahUKEwi7jaK_sdmMAxWDWEEAHW_-IHIQxfQBegQIBRAC&usg=AOvVaw3kEWhKc9OoXj911aQD8QfI,The U.S. Department of Agriculture on Monday said it had canceled a $3 billion program for climate-smart farming projects after a review found it did not...,2023
0 minutes ago,"UK wages increase by 5.9% in the three months to February, ONS says",Reuters,https://www.reuters.com/world/uk/uk-wages-increase-by-59-three-months-february-ons-says-2025-04-15/&ved=2ahUKEwi7jaK_sdmMAxWDWEEAHW_-IHIQxfQBegQIBBAC&usg=AOvVaw1FtrRh53mUYov-Qo3-RU6A,"British average weekly earnings, excluding bonuses, rose by 5.9% in the three months to February compared with the same period a year earlier,...",2023
2 hours ago,UK's Wood Group shares rise after enhanced bid from Dubai's Sidara,Reuters,https://www.reuters.com/business/energy/uks-wood-group-gets-conditional-bid-sidara-with-591-million-cash-injection-2025-04-14/&ved=2ahUKEwjfsfy_sdmMAxW4QkEAHaxhN2Q4ChDF9AF6BAgHEAI&usg=AOvVaw2V57-K2AMiZ1W-bDn8wZfk,,2023
2 hours ago,Argentina farmers focus on harvest over sales despite currency boost,Reuters,https://www.reuters.com/markets/commodities/argentina-farmers-focus-harvest-over-sales-despite-currency-boost-2025-04-14/&ved=2ahUKEwjfsfy_sdmMAxW4QkEAHaxhN2Q4ChDF9AF6BAgCEAI&usg=AOvVaw18OhZ5FHH9R6rXJomhUN0Q,"Argentina's grain industry welcomed an exchange-rate overhaul on Monday, though the new measures will likely not translate into immediate sales as the...",2023
2 hours ago,Annual mass pillow fight takes place in Toronto,Reuters,https://www.reuters.com/video/&ved=2ahUKEwjfsfy_sdmMAxW4QkEAHaxhN2Q4ChDF9AF6BAgKEAI&usg=AOvVaw08fw_AZvFh-n3aBcVsIWdU,Reuters news in video: footage captured by award winning Reuters journalists from around the globe.,2023
2 hours ago,"Magnitude 5.2 earthquake strikes interior of San Diego County in California, USGS says",Reuters,https://www.reuters.com/business/environment/magnitude-51-earthquake-strikes-san-diego-country-estates-california-usgs-says-2025-04-14/&ved=2ahUKEwjfsfy_sdmMAxW4QkEAHaxhN2Q4ChDF9AF6BAgEEAI&usg=AOvVaw2vuRl9tbM3UdyWAxS7BL_O,"An earthquake measuring 5.2 magnitude struck the interior of San Diego County in California on Monday, the U.S. Geological Survey said.",2023
3 hours ago,Beer maker Molson Coors CEO Gavin Hattersley to retire,Reuters,https://www.reuters.com/business/retail-consumer/beer-maker-molson-coors-ceo-gavin-hattersley-retire-2025-04-14/&ved=2ahUKEwjfsfy_sdmMAxW4QkEAHaxhN2Q4ChDF9AF6BAgBEAI&usg=AOvVaw0iH4tYNPfkcaK8I0LEmQ1b,,2023
4 hours ago,"Europe had most widespread floods for more than a decade in 2024, scientists say",Reuters,https://www.reuters.com/sustainability/cop/europe-had-most-widespread-floods-more-than-decade-2024-scientists-say-2025-04-15/&ved=2ahUKEwielc6_sdmMAxW7TEEAHSbSD5sQxfQBegQIChAC&usg=AOvVaw3e-0LczfCt3rTOltbPFEjP,"Europe faced its most widespread flooding last year since 2013, with 30% of the continent's river network hit by significant floods, scientists said on...",2023
4 hours ago,"Europe had most widespread floods for more than a decade in 2024, scientists say",Reuters,https://www.reuters.com/sustainability/cop/europe-had-most-widespread-floods-more-than-decade-2024-scientists-say-2025-04-15/&ved=2ahUKEwi7jaK_sdmMAxWDWEEAHW_-IHIQxfQBegQIChAC&usg=AOvVaw1Zeo2lSvSg4jPaybiokRnn,"Europe faced its most widespread flooding last year since 2013, with 30% of the continent's river network hit by significant floods, scientists said on...",2023
7 hours ago,Chipmaker Qorvo appoints two industry veterans to board,Reuters,https://www.reuters.com/technology/chipmaker-qorvo-appoints-two-industry-veterans-board-2025-04-14/&ved=2ahUKEwjfsfy_sdmMAxW4QkEAHaxhN2Q4ChDF9AF6BAgIEAI&usg=AOvVaw33k0XzGw-ElKgVRPQ8_Kvm,,2023
7 hours ago,FAA says it's investigating reported engine issue on Delta flight,Reuters,https://www.reuters.com/business/aerospace-defense/faa-says-its-investigating-reported-engine-issue-delta-flight-2025-04-14/&ved=2ahUKEwielc6_sdmMAxW7TEEAHSbSD5sQxfQBegQIAxAC&usg=AOvVaw33m0t0ncxX6OqDbAHovpkp,The Federal Aviation Administration said it is investigating after a Delta airline crew reported an engine issue on a Boeing 737-900 flight on Monday.,2023
7 hours ago,"'All of them were dead,' says paramedic recalling Sumy attack",Reuters,https://www.reuters.com/video/watch/idRW668714042025RP1/&ved=2ahUKEwielc6_sdmMAxW7TEEAHSbSD5sQxfQBegQICRAC&usg=AOvVaw0t92Y3eVO8Vao-7E-jL5LG,"Ukrainian paramedic Artem Selianyn recounts ""walking over dead bodies"" as he tended to the wounded when two Russian missiles slammed the northeastern city...",2023
7 hours ago,"T. Rowe Price Investment Management to back Starboard in Autodesk proxy fight, source says",Reuters,https://www.reuters.com/business/t-rowe-price-investment-management-back-starboard-autodesk-proxy-fight-source-2025-04-14/&ved=2ahUKEwielc6_sdmMAxW7TEEAHSbSD5sQxfQBegQIBBAC&usg=AOvVaw1wZLFK7bD6imeaxkD06MqE,"T. Rowe Price Investment Management, one of Autodesk's biggest investors, plans to vote for activist investor Starboard Value's director nominees in a...",2023
7 hours ago,Fuel News | Today's Latest Stories,Reuters,https://www.reuters.com/business/energy/fuel/&ved=2ahUKEwielc6_sdmMAxW7TEEAHSbSD5sQxfQBegQIARAC&usg=AOvVaw1va9oL59KFCE5HA2Mf-CLT,,2023
7 hours ago,FAA says it's investigating reported engine issue on Delta flight,Reuters,https://www.reuters.com/business/aerospace-defense/faa-says-its-investigating-reported-engine-issue-delta-flight-2025-04-14/&ved=2ahUKEwi7jaK_sdmMAxWDWEEAHW_-IHIQxfQBegQIBhAC&usg=AOvVaw0yGGXPnP17dO5rbA-_yvhu,The Federal Aviation Administration said it is investigating after a Delta airline crew reported an engine issue on a Boeing 737-900 flight on Monday.,2023
7 hours ago,"'All of them were dead,' says paramedic recalling Sumy attack",Reuters,https://www.reuters.com/video/watch/idRW668714042025RP1/&ved=2ahUKEwi7jaK_sdmMAxWDWEEAHW_-IHIQxfQBegQIARAC&usg=AOvVaw3DwkhBURsLTb2LR3Kd-7EW,"Ukrainian paramedic Artem Selianyn recounts ""walking over dead bodies"" as he tended to the wounded when two Russian missiles slammed the northeastern city...",2023
7 hours ago,"T. Rowe Price Investment Management to back Starboard in Autodesk proxy fight, source says",Reuters,https://www.reuters.com/business/t-rowe-price-investment-management-back-starboard-autodesk-proxy-fight-source-2025-04-14/&ved=2ahUKEwi7jaK_sdmMAxWDWEEAHW_-IHIQxfQBegQICRAC&usg=AOvVaw2ZOcpceFJwfXcBDlkVn0o7,"T. Rowe Price Investment Management, one of Autodesk's biggest investors, plans to vote for activist investor Starboard Value's director nominees in a...",2023
7 hours ago,Fuel News | Today's Latest Stories,Reuters,https://www.reuters.com/business/energy/fuel/&ved=2ahUKEwi7jaK_sdmMAxWDWEEAHW_-IHIQxfQBegQIBxAC&usg=AOvVaw0Z0qVpLWp_LPGawTyeb0hn,,2023
8 hours ago,"Germany struggles to get consumers to spend, not save",Reuters,https://www.reuters.com/markets/europe/economy-stalls-germany-struggles-get-consumers-spending-2025-04-14/&ved=2ahUKEwjfsfy_sdmMAxW4QkEAHaxhN2Q4ChDF9AF6BAgFEAI&usg=AOvVaw0sO_1tib5RPvsjEnpdVkW8,"With global trade deeply uncertain and a tariff war causing havoc on financial markets, Germany's next government is hoping to unleash domestic consumption...",2023
8 hours ago,"‘No lettuce, no Big Mac’: why Beth Hart is steering McDonald’s towards regenerative agriculture",Reuters,https://www.reuters.com/sustainability/land-use-biodiversity/no-lettuce-no-big-mac-why-beth-hart-is-steering-mcdonalds-towards-regenerative-2025-04-14/&ved=2ahUKEwjfsfy_sdmMAxW4QkEAHaxhN2Q4ChDF9AF6BAgGEAI&usg=AOvVaw2GbkgtoCSE98gERGmLb632,"In August 2020, when McDonald's announced an initiative with farmers in Nebraska to improve soil health, techniques like cover cropping and reduced tillage...",2023
8 hours ago,"ADM halting domestic trading in China, cutting jobs in Shanghai",Reuters,https://www.reuters.com/markets/commodities/adm-halting-domestic-trading-china-cutting-jobs-shanghai-2025-04-14/&ved=2ahUKEwielc6_sdmMAxW7TEEAHSbSD5sQxfQBegQIBxAC&usg=AOvVaw2Z-toWJjOc39uaZrMf8IkE,Global grain merchant Archer-Daniels-Midland has begun shutting down domestic trading operations in China and laying off staff within its largest business...,2023
8 hours ago,"ADM halting domestic trading in China, cutting jobs in Shanghai",Reuters,https://www.reuters.com/markets/commodities/adm-halting-domestic-trading-china-cutting-jobs-shanghai-2025-04-14/&ved=2ahUKEwi7jaK_sdmMAxWDWEEAHW_-IHIQxfQBegQIAxAC&usg=AOvVaw1OkNYgtVaX1VeCusdHOov4,Global grain merchant Archer-Daniels-Midland has begun shutting down domestic trading operations in China and laying off staff within its largest business...,2023
9 hours ago,Patient corn bulls emerge victorious post tariff onslaught,Reuters,https://www.reuters.com/markets/commodities/patient-corn-bulls-emerge-victorious-post-tariff-onslaught-braun-2025-04-13/&ved=2ahUKEwjfsfy_sdmMAxW4QkEAHaxhN2Q4ChDF9AF6BAgDEAI&usg=AOvVaw30ExYHjYp-9r1pVAJF3poo,"After building immensely bullish bets, speculators in late February rode out Chicago corn's worst downturn in over a year as the United States prepared to...",2023
9 hours ago,"Argentina peso tumbles as Wall St cheers FX controls easing, IMF deal",Reuters,https://www.reuters.com/markets/currencies/wall-st-expects-argentina-market-boost-imf-deal-big-shift-fx-controls-2025-04-14/&ved=2ahUKEwielc6_sdmMAxW7TEEAHSbSD5sQxfQBegQIAhAC&usg=AOvVaw28EJe6ysPr0SOfyERG1qRx,Argentina's peso slid 10% on Monday to near 1200 per dollar after the country undid large parts of its currency and capital controls at the end of last week...,2023
9 hours ago,"Argentina peso tumbles as Wall St cheers FX controls easing, IMF deal",Reuters,https://www.reuters.com/markets/currencies/wall-st-expects-argentina-market-boost-imf-deal-big-shift-fx-controls-2025-04-14/&ved=2ahUKEwi7jaK_sdmMAxWDWEEAHW_-IHIQxfQBegQIAhAC&usg=AOvVaw2wPO-x2r-OP4f34ndT0DAJ,Argentina's peso slid 10% on Monday to near 1200 per dollar after the country undid large parts of its currency and capital controls at the end of last week...,2023
0 hours ago,"China to keep building coal plants through 2027, state planner says",Reuters,https://www.reuters.com/sustainability/climate-energy/china-keep-building-coal-plants-through-2027-state-planner-says-2025-04-14/&ved=2ahUKEwjNl-HBsdmMAxXKTEEAHYkIAJg4ChDF9AF6BAgGEAI&usg=AOvVaw3MyB7NDOWw7zYcyk8Vv4lR,"China plans to keep building coal-fired power plants through 2027 in regions where they are needed to meet peak power demand or stabilise the grid,...",2024
0 hours ago,Top US power sector CEOs pull down $115 million in performance pay,Reuters,https://www.reuters.com/business/energy/top-us-power-sector-ceos-pull-down-115-million-performance-pay-2025-04-14/&ved=2ahUKEwjG6rHBsdmMAxVHQUEAHUXjFuEQxfQBegQIARAC&usg=AOvVaw0qiYtCTrCETZlXeu6Odtpa,CEOs of the 10 largest U.S. utilities earned more than $115 million combined in a recent three-year period as demand for electricity from their power plants...,2024
0 hours ago,Trump administration cancels $3 billion climate-friendly farming program,Reuters,https://www.reuters.com/world/us/trump-administration-cancels-3-billion-climate-friendly-farming-program-2025-04-14/&ved=2ahUKEwjG6rHBsdmMAxVHQUEAHUXjFuEQxfQBegQIAxAC&usg=AOvVaw3ORtYSYnx9pRwYCiTaKNHk,The U.S. Department of Agriculture on Monday said it had canceled a $3 billion program for climate-smart farming projects after a review found it did not...,2024
0 minutes ago,"UK wages increase by 5.9% in the three months to February, ONS says",Reuters,https://www.reuters.com/world/uk/uk-wages-increase-by-59-three-months-february-ons-says-2025-04-15/&ved=2ahUKEwjG6rHBsdmMAxVHQUEAHUXjFuEQxfQBegQICBAC&usg=AOvVaw1INjCvWChdJ0wJMpfQr-jT,"British average weekly earnings, excluding bonuses, rose by 5.9% in the three months to February compared with the same period a year earlier,...",2024
0 hours ago,Top US power sector CEOs pull down $115 million in performance pay,Reuters,https://www.reuters.com/business/energy/top-us-power-sector-ceos-pull-down-115-million-performance-pay-2025-04-14/&ved=2ahUKEwiuqoTBsdmMAxWVXEEAHd45MQwQxfQBegQIBxAC&usg=AOvVaw36rM5zDx5rrSMccTPlnW_2,CEOs of the 10 largest U.S. utilities earned more than $115 million combined in a recent three-year period as demand for electricity from their power plants...,2024
0 hours ago,Trump administration cancels $3 billion climate-friendly farming program,Reuters,https://www.reuters.com/world/us/trump-administration-cancels-3-billion-climate-friendly-farming-program-2025-04-14/&ved=2ahUKEwiuqoTBsdmMAxWVXEEAHd45MQwQxfQBegQIAxAC&usg=AOvVaw1O-VdegDzINuFshU0OKDJi,The U.S. Department of Agriculture on Monday said it had canceled a $3 billion program for climate-smart farming projects after a review found it did not...,2024
0 minutes ago,"UK wages increase by 5.9% in the three months to February, ONS says",Reuters,https://www.reuters.com/world/uk/uk-wages-increase-by-59-three-months-february-ons-says-2025-04-15/&ved=2ahUKEwiuqoTBsdmMAxWVXEEAHd45MQwQxfQBegQIAhAC&usg=AOvVaw1GrTQ6iIrhjXloBcQDrDiO,"British average weekly earnings, excluding bonuses, rose by 5.9% in the three months to February compared with the same period a year earlier,...",2024
2 hours ago,UK's Wood Group shares rise after enhanced bid from Dubai's Sidara,Reuters,https://www.reuters.com/business/energy/uks-wood-group-gets-conditional-bid-sidara-with-591-million-cash-injection-2025-04-14/&ved=2ahUKEwjNl-HBsdmMAxXKTEEAHYkIAJg4ChDF9AF6BAgIEAI&usg=AOvVaw0Co8mZDpB537Ug1GSOTcaE,,2024
2 hours ago,Argentina farmers focus on harvest over sales despite currency boost,Reuters,https://www.reuters.com/markets/commodities/argentina-farmers-focus-harvest-over-sales-despite-currency-boost-2025-04-14/&ved=2ahUKEwjNl-HBsdmMAxXKTEEAHYkIAJg4ChDF9AF6BAgBEAI&usg=AOvVaw0MBb8G0M93v6uHMqI9iljg,"Argentina's grain industry welcomed an exchange-rate overhaul on Monday, though the new measures will likely not translate into immediate sales as the...",2024
2 hours ago,Annual mass pillow fight takes place in Toronto,Reuters,https://www.reuters.com/video/&ved=2ahUKEwjNl-HBsdmMAxXKTEEAHYkIAJg4ChDF9AF6BAgKEAI&usg=AOvVaw0Z7py8Gx8VA8PTNyvL2KBw,Reuters news in video: footage captured by award winning Reuters journalists from around the globe.,2024
2 hours ago,"Magnitude 5.2 earthquake strikes interior of San Diego County in California, USGS says",Reuters,https://www.reuters.com/business/environment/magnitude-51-earthquake-strikes-san-diego-country-estates-california-usgs-says-2025-04-14/&ved=2ahUKEwjNl-HBsdmMAxXKTEEAHYkIAJg4ChDF9AF6BAgCEAI&usg=AOvVaw2XRMn1azyjUwGxhb__s3Cu,"An earthquake measuring 5.2 magnitude struck the interior of San Diego County in California on Monday, the U.S. Geological Survey said.",2024
3 hours ago,Beer maker Molson Coors CEO Gavin Hattersley to retire,Reuters,https://www.reuters.com/business/retail-consumer/beer-maker-molson-coors-ceo-gavin-hattersley-retire-2025-04-14/&ved=2ahUKEwjNl-HBsdmMAxXKTEEAHYkIAJg4ChDF9AF6BAgHEAI&usg=AOvVaw2zsRSiNjLtIezD-FfvFYKF,,2024
4 hours ago,"Europe had most widespread floods for more than a decade in 2024, scientists say",Reuters,https://www.reuters.com/sustainability/cop/europe-had-most-widespread-floods-more-than-decade-2024-scientists-say-2025-04-15/&ved=2ahUKEwjG6rHBsdmMAxVHQUEAHUXjFuEQxfQBegQIChAC&usg=AOvVaw0y7VW-ZfDrKK3hHLc9inq4,"Europe faced its most widespread flooding last year since 2013, with 30% of the continent's river network hit by significant floods, scientists said on...",2024
4 hours ago,"Europe had most widespread floods for more than a decade in 2024, scientists say",Reuters,https://www.reuters.com/sustainability/cop/europe-had-most-widespread-floods-more-than-decade-2024-scientists-say-2025-04-15/&ved=2ahUKEwiuqoTBsdmMAxWVXEEAHd45MQwQxfQBegQIChAC&usg=AOvVaw1Xmz__8vpjuLyU6obBLUdp,"Europe faced its most widespread flooding last year since 2013, with 30% of the continent's river network hit by significant floods, scientists said on...",2024
7 hours ago,Chipmaker Qorvo appoints two industry veterans to board,Reuters,https://www.reuters.com/technology/chipmaker-qorvo-appoints-two-industry-veterans-board-2025-04-14/&ved=2ahUKEwjNl-HBsdmMAxXKTEEAHYkIAJg4ChDF9AF6BAgJEAI&usg=AOvVaw2ScfWXkBk9x2HZU0ybkOGh,,2024
7 hours ago,FAA says it's investigating reported engine issue on Delta flight,Reuters,https://www.reuters.com/business/aerospace-defense/faa-says-its-investigating-reported-engine-issue-delta-flight-2025-04-14/&ved=2ahUKEwjG6rHBsdmMAxVHQUEAHUXjFuEQxfQBegQIBxAC&usg=AOvVaw2DCdGhNQt9J-8U52g1hGCU,The Federal Aviation Administration said it is investigating after a Delta airline crew reported an engine issue on a Boeing 737-900 flight on Monday.,2024
7 hours ago,"'All of them were dead,' says paramedic recalling Sumy attack",Reuters,https://www.reuters.com/video/watch/idRW668714042025RP1/&ved=2ahUKEwjG6rHBsdmMAxVHQUEAHUXjFuEQxfQBegQIBBAC&usg=AOvVaw03q0S4d6NIU0P-fspMcrV5,"Ukrainian paramedic Artem Selianyn recounts ""walking over dead bodies"" as he tended to the wounded when two Russian missiles slammed the northeastern city...",2024
7 hours ago,"T. Rowe Price Investment Management to back Starboard in Autodesk proxy fight, source says",Reuters,https://www.reuters.com/business/t-rowe-price-investment-management-back-starboard-autodesk-proxy-fight-source-2025-04-14/&ved=2ahUKEwjG6rHBsdmMAxVHQUEAHUXjFuEQxfQBegQIBhAC&usg=AOvVaw0D5Gwtxa5N20aR-6QCgWs6,"T. Rowe Price Investment Management, one of Autodesk's biggest investors, plans to vote for activist investor Starboard Value's director nominees in a...",2024
7 hours ago,Fuel News | Today's Latest Stories,Reuters,https://www.reuters.com/business/energy/fuel/&ved=2ahUKEwjG6rHBsdmMAxVHQUEAHUXjFuEQxfQBegQIAhAC&usg=AOvVaw2X3q8x3knNsTonL5QbSVyP,,2024
7 hours ago,FAA says it's investigating reported engine issue on Delta flight,Reuters,https://www.reuters.com/business/aerospace-defense/faa-says-its-investigating-reported-engine-issue-delta-flight-2025-04-14/&ved=2ahUKEwiuqoTBsdmMAxWVXEEAHd45MQwQxfQBegQIARAC&usg=AOvVaw3IxArRv8tt-E9mPxymR98L,The Federal Aviation Administration said it is investigating after a Delta airline crew reported an engine issue on a Boeing 737-900 flight on Monday.,2024
7 hours ago,"'All of them were dead,' says paramedic recalling Sumy attack",Reuters,https://www.reuters.com/video/watch/idRW668714042025RP1/&ved=2ahUKEwiuqoTBsdmMAxWVXEEAHd45MQwQxfQBegQIBRAC&usg=AOvVaw2upRrrzRCpp0NRHTfCQ_f9,"Ukrainian paramedic Artem Selianyn recounts ""walking over dead bodies"" as he tended to the wounded when two Russian missiles slammed the northeastern city...",2024
7 hours ago,"T. Rowe Price Investment Management to back Starboard in Autodesk proxy fight, source says",Reuters,https://www.reuters.com/business/t-rowe-price-investment-management-back-starboard-autodesk-proxy-fight-source-2025-04-14/&ved=2ahUKEwiuqoTBsdmMAxWVXEEAHd45MQwQxfQBegQIBhAC&usg=AOvVaw10sDYsREJPLX8BMq0RwE4e,"T. Rowe Price Investment Management, one of Autodesk's biggest investors, plans to vote for activist investor Starboard Value's director nominees in a...",2024
7 hours ago,Fuel News | Today's Latest Stories,Reuters,https://www.reuters.com/business/energy/fuel/&ved=2ahUKEwiuqoTBsdmMAxWVXEEAHd45MQwQxfQBegQICBAC&usg=AOvVaw1Xr10ycki3ykDtdP4hZqtO,,2024
8 hours ago,"Germany struggles to get consumers to spend, not save",Reuters,https://www.reuters.com/markets/europe/economy-stalls-germany-struggles-get-consumers-spending-2025-04-14/&ved=2ahUKEwjNl-HBsdmMAxXKTEEAHYkIAJg4ChDF9AF6BAgDEAI&usg=AOvVaw1S1jM9eleqrnCNudFiOXXf,"With global trade deeply uncertain and a tariff war causing havoc on financial markets, Germany's next government is hoping to unleash domestic consumption...",2024
8 hours ago,"‘No lettuce, no Big Mac’: why Beth Hart is steering McDonald’s towards regenerative agriculture",Reuters,https://www.reuters.com/sustainability/land-use-biodiversity/no-lettuce-no-big-mac-why-beth-hart-is-steering-mcdonalds-towards-regenerative-2025-04-14/&ved=2ahUKEwjNl-HBsdmMAxXKTEEAHYkIAJg4ChDF9AF6BAgEEAI&usg=AOvVaw2Bg8vYD6qRgMNxVaexoZ48,"In August 2020, when McDonald's announced an initiative with farmers in Nebraska to improve soil health, techniques like cover cropping and reduced tillage...",2024
8 hours ago,"ADM halting domestic trading in China, cutting jobs in Shanghai",Reuters,https://www.reuters.com/markets/commodities/adm-halting-domestic-trading-china-cutting-jobs-shanghai-2025-04-14/&ved=2ahUKEwjG6rHBsdmMAxVHQUEAHUXjFuEQxfQBegQICRAC&usg=AOvVaw1IiC3znEUNAglA5WQlyfaL,Global grain merchant Archer-Daniels-Midland has begun shutting down domestic trading operations in China and laying off staff within its largest business...,2024
8 hours ago,"ADM halting domestic trading in China, cutting jobs in Shanghai",Reuters,https://www.reuters.com/markets/commodities/adm-halting-domestic-trading-china-cutting-jobs-shanghai-2025-04-14/&ved=2ahUKEwiuqoTBsdmMAxWVXEEAHd45MQwQxfQBegQIBBAC&usg=AOvVaw1KgETo2zitrv5W5kB7apmn,Global grain merchant Archer-Daniels-Midland has begun shutting down domestic trading operations in China and laying off staff within its largest business...,2024
9 hours ago,Patient corn bulls emerge victorious post tariff onslaught,Reuters,https://www.reuters.com/markets/commodities/patient-corn-bulls-emerge-victorious-post-tariff-onslaught-braun-2025-04-13/&ved=2ahUKEwjNl-HBsdmMAxXKTEEAHYkIAJg4ChDF9AF6BAgFEAI&usg=AOvVaw0j98rdpiV3lPN5jRjRr0LO,"After building immensely bullish bets, speculators in late February rode out Chicago corn's worst downturn in over a year as the United States prepared to...",2024
9 hours ago,"Argentina peso tumbles as Wall St cheers FX controls easing, IMF deal",Reuters,https://www.reuters.com/markets/currencies/wall-st-expects-argentina-market-boost-imf-deal-big-shift-fx-controls-2025-04-14/&ved=2ahUKEwjG6rHBsdmMAxVHQUEAHUXjFuEQxfQBegQIBRAC&usg=AOvVaw1LhVe0N7sLa3Qw4MEBDjX1,Argentina's peso slid 10% on Monday to near 1200 per dollar after the country undid large parts of its currency and capital controls at the end of last week...,2024
9 hours ago,"Argentina peso tumbles as Wall St cheers FX controls easing, IMF deal",Reuters,https://www.reuters.com/markets/currencies/wall-st-expects-argentina-market-boost-imf-deal-big-shift-fx-controls-2025-04-14/&ved=2ahUKEwiuqoTBsdmMAxWVXEEAHd45MQwQxfQBegQICRAC&usg=AOvVaw0mP5K17fDSXtHK6HYWZLfF,Argentina's peso slid 10% on Monday to near 1200 per dollar after the country undid large parts of its currency and capital controls at the end of last week...,2024
0 hours ago,"China to keep building coal plants through 2027, state planner says",Reuters,https://www.reuters.com/sustainability/climate-energy/china-keep-building-coal-plants-through-2027-state-planner-says-2025-04-14/&ved=2ahUKEwjNl-HBsdmMAxXKTEEAHYkIAJg4ChDF9AF6BAgGEAI&usg=AOvVaw3MyB7NDOWw7zYcyk8Vv4lR,"China plans to keep building coal-fired power plants through 2027 in regions where they are needed to meet peak power demand or stabilise the grid,...",2024
0 hours ago,Top US power sector CEOs pull down $115 million in performance pay,Reuters,https://www.reuters.com/business/energy/top-us-power-sector-ceos-pull-down-115-million-performance-pay-2025-04-14/&ved=2ahUKEwjG6rHBsdmMAxVHQUEAHUXjFuEQxfQBegQIARAC&usg=AOvVaw0qiYtCTrCETZlXeu6Odtpa,CEOs of the 10 largest U.S. utilities earned more than $115 million combined in a recent three-year period as demand for electricity from their power plants...,2024
0 hours ago,Trump administration cancels $3 billion climate-friendly farming program,Reuters,https://www.reuters.com/world/us/trump-administration-cancels-3-billion-climate-friendly-farming-program-2025-04-14/&ved=2ahUKEwjG6rHBsdmMAxVHQUEAHUXjFuEQxfQBegQIAxAC&usg=AOvVaw3ORtYSYnx9pRwYCiTaKNHk,The U.S. Department of Agriculture on Monday said it had canceled a $3 billion program for climate-smart farming projects after a review found it did not...,2024
0 minutes ago,"UK wages increase by 5.9% in the three months to February, ONS says",Reuters,https://www.reuters.com/world/uk/uk-wages-increase-by-59-three-months-february-ons-says-2025-04-15/&ved=2ahUKEwjG6rHBsdmMAxVHQUEAHUXjFuEQxfQBegQICBAC&usg=AOvVaw1INjCvWChdJ0wJMpfQr-jT,"British average weekly earnings, excluding bonuses, rose by 5.9% in the three months to February compared with the same period a year earlier,...",2024
0 hours ago,Top US power sector CEOs pull down $115 million in performance pay,Reuters,https://www.reuters.com/business/energy/top-us-power-sector-ceos-pull-down-115-million-performance-pay-2025-04-14/&ved=2ahUKEwiuqoTBsdmMAxWVXEEAHd45MQwQxfQBegQIBxAC&usg=AOvVaw36rM5zDx5rrSMccTPlnW_2,CEOs of the 10 largest U.S. utilities earned more than $115 million combined in a recent three-year period as demand for electricity from their power plants...,2024
0 hours ago,Trump administration cancels $3 billion climate-friendly farming program,Reuters,https://www.reuters.com/world/us/trump-administration-cancels-3-billion-climate-friendly-farming-program-2025-04-14/&ved=2ahUKEwiuqoTBsdmMAxWVXEEAHd45MQwQxfQBegQIAxAC&usg=AOvVaw1O-VdegDzINuFshU0OKDJi,The U.S. Department of Agriculture on Monday said it had canceled a $3 billion program for climate-smart farming projects after a review found it did not...,2024
0 minutes ago,"UK wages increase by 5.9% in the three months to February, ONS says",Reuters,https://www.reuters.com/world/uk/uk-wages-increase-by-59-three-months-february-ons-says-2025-04-15/&ved=2ahUKEwiuqoTBsdmMAxWVXEEAHd45MQwQxfQBegQIAhAC&usg=AOvVaw1GrTQ6iIrhjXloBcQDrDiO,"British average weekly earnings, excluding bonuses, rose by 5.9% in the three months to February compared with the same period a year earlier,...",2024
2 hours ago,UK's Wood Group shares rise after enhanced bid from Dubai's Sidara,Reuters,https://www.reuters.com/business/energy/uks-wood-group-gets-conditional-bid-sidara-with-591-million-cash-injection-2025-04-14/&ved=2ahUKEwjNl-HBsdmMAxXKTEEAHYkIAJg4ChDF9AF6BAgIEAI&usg=AOvVaw0Co8mZDpB537Ug1GSOTcaE,,2024
2 hours ago,Argentina farmers focus on harvest over sales despite currency boost,Reuters,https://www.reuters.com/markets/commodities/argentina-farmers-focus-harvest-over-sales-despite-currency-boost-2025-04-14/&ved=2ahUKEwjNl-HBsdmMAxXKTEEAHYkIAJg4ChDF9AF6BAgBEAI&usg=AOvVaw0MBb8G0M93v6uHMqI9iljg,"Argentina's grain industry welcomed an exchange-rate overhaul on Monday, though the new measures will likely not translate into immediate sales as the...",2024
2 hours ago,Annual mass pillow fight takes place in Toronto,Reuters,https://www.reuters.com/video/&ved=2ahUKEwjNl-HBsdmMAxXKTEEAHYkIAJg4ChDF9AF6BAgKEAI&usg=AOvVaw0Z7py8Gx8VA8PTNyvL2KBw,Reuters news in video: footage captured by award winning Reuters journalists from around the globe.,2024
2 hours ago,"Magnitude 5.2 earthquake strikes interior of San Diego County in California, USGS says",Reuters,https://www.reuters.com/business/environment/magnitude-51-earthquake-strikes-san-diego-country-estates-california-usgs-says-2025-04-14/&ved=2ahUKEwjNl-HBsdmMAxXKTEEAHYkIAJg4ChDF9AF6BAgCEAI&usg=AOvVaw2XRMn1azyjUwGxhb__s3Cu,"An earthquake measuring 5.2 magnitude struck the interior of San Diego County in California on Monday, the U.S. Geological Survey said.",2024
3 hours ago,Beer maker Molson Coors CEO Gavin Hattersley to retire,Reuters,https://www.reuters.com/business/retail-consumer/beer-maker-molson-coors-ceo-gavin-hattersley-retire-2025-04-14/&ved=2ahUKEwjNl-HBsdmMAxXKTEEAHYkIAJg4ChDF9AF6BAgHEAI&usg=AOvVaw2zsRSiNjLtIezD-FfvFYKF,,2024
4 hours ago,"Europe had most widespread floods for more than a decade in 2024, scientists say",Reuters,https://www.reuters.com/sustainability/cop/europe-had-most-widespread-floods-more-than-decade-2024-scientists-say-2025-04-15/&ved=2ahUKEwjG6rHBsdmMAxVHQUEAHUXjFuEQxfQBegQIChAC&usg=AOvVaw0y7VW-ZfDrKK3hHLc9inq4,"Europe faced its most widespread flooding last year since 2013, with 30% of the continent's river network hit by significant floods, scientists said on...",2024
4 hours ago,"Europe had most widespread floods for more than a decade in 2024, scientists say",Reuters,https://www.reuters.com/sustainability/cop/europe-had-most-widespread-floods-more-than-decade-2024-scientists-say-2025-04-15/&ved=2ahUKEwiuqoTBsdmMAxWVXEEAHd45MQwQxfQBegQIChAC&usg=AOvVaw1Xmz__8vpjuLyU6obBLUdp,"Europe faced its most widespread flooding last year since 2013, with 30% of the continent's river network hit by significant floods, scientists said on...",2024
7 hours ago,Chipmaker Qorvo appoints two industry veterans to board,Reuters,https://www.reuters.com/technology/chipmaker-qorvo-appoints-two-industry-veterans-board-2025-04-14/&ved=2ahUKEwjNl-HBsdmMAxXKTEEAHYkIAJg4ChDF9AF6BAgJEAI&usg=AOvVaw2ScfWXkBk9x2HZU0ybkOGh,,2024
7 hours ago,FAA says it's investigating reported engine issue on Delta flight,Reuters,https://www.reuters.com/business/aerospace-defense/faa-says-its-investigating-reported-engine-issue-delta-flight-2025-04-14/&ved=2ahUKEwjG6rHBsdmMAxVHQUEAHUXjFuEQxfQBegQIBxAC&usg=AOvVaw2DCdGhNQt9J-8U52g1hGCU,The Federal Aviation Administration said it is investigating after a Delta airline crew reported an engine issue on a Boeing 737-900 flight on Monday.,2024
7 hours ago,"'All of them were dead,' says paramedic recalling Sumy attack",Reuters,https://www.reuters.com/video/watch/idRW668714042025RP1/&ved=2ahUKEwjG6rHBsdmMAxVHQUEAHUXjFuEQxfQBegQIBBAC&usg=AOvVaw03q0S4d6NIU0P-fspMcrV5,"Ukrainian paramedic Artem Selianyn recounts ""walking over dead bodies"" as he tended to the wounded when two Russian missiles slammed the northeastern city...",2024
7 hours ago,"T. Rowe Price Investment Management to back Starboard in Autodesk proxy fight, source says",Reuters,https://www.reuters.com/business/t-rowe-price-investment-management-back-starboard-autodesk-proxy-fight-source-2025-04-14/&ved=2ahUKEwjG6rHBsdmMAxVHQUEAHUXjFuEQxfQBegQIBhAC&usg=AOvVaw0D5Gwtxa5N20aR-6QCgWs6,"T. Rowe Price Investment Management, one of Autodesk's biggest investors, plans to vote for activist investor Starboard Value's director nominees in a...",2024
7 hours ago,Fuel News | Today's Latest Stories,Reuters,https://www.reuters.com/business/energy/fuel/&ved=2ahUKEwjG6rHBsdmMAxVHQUEAHUXjFuEQxfQBegQIAhAC&usg=AOvVaw2X3q8x3knNsTonL5QbSVyP,,2024
7 hours ago,FAA says it's investigating reported engine issue on Delta flight,Reuters,https://www.reuters.com/business/aerospace-defense/faa-says-its-investigating-reported-engine-issue-delta-flight-2025-04-14/&ved=2ahUKEwiuqoTBsdmMAxWVXEEAHd45MQwQxfQBegQIARAC&usg=AOvVaw3IxArRv8tt-E9mPxymR98L,The Federal Aviation Administration said it is investigating after a Delta airline crew reported an engine issue on a Boeing 737-900 flight on Monday.,2024
7 hours ago,"'All of them were dead,' says paramedic recalling Sumy attack",Reuters,https://www.reuters.com/video/watch/idRW668714042025RP1/&ved=2ahUKEwiuqoTBsdmMAxWVXEEAHd45MQwQxfQBegQIBRAC&usg=AOvVaw2upRrrzRCpp0NRHTfCQ_f9,"Ukrainian paramedic Artem Selianyn recounts ""walking over dead bodies"" as he tended to the wounded when two Russian missiles slammed the northeastern city...",2024
7 hours ago,"T. Rowe Price Investment Management to back Starboard in Autodesk proxy fight, source says",Reuters,https://www.reuters.com/business/t-rowe-price-investment-management-back-starboard-autodesk-proxy-fight-source-2025-04-14/&ved=2ahUKEwiuqoTBsdmMAxWVXEEAHd45MQwQxfQBegQIBhAC&usg=AOvVaw10sDYsREJPLX8BMq0RwE4e,"T. Rowe Price Investment Management, one of Autodesk's biggest investors, plans to vote for activist investor Starboard Value's director nominees in a...",2024
7 hours ago,Fuel News | Today's Latest Stories,Reuters,https://www.reuters.com/business/energy/fuel/&ved=2ahUKEwiuqoTBsdmMAxWVXEEAHd45MQwQxfQBegQICBAC&usg=AOvVaw1Xr10ycki3ykDtdP4hZqtO,,2024
8 hours ago,"Germany struggles to get consumers to spend, not save",Reuters,https://www.reuters.com/markets/europe/economy-stalls-germany-struggles-get-consumers-spending-2025-04-14/&ved=2ahUKEwjNl-HBsdmMAxXKTEEAHYkIAJg4ChDF9AF6BAgDEAI&usg=AOvVaw1S1jM9eleqrnCNudFiOXXf,"With global trade deeply uncertain and a tariff war causing havoc on financial markets, Germany's next government is hoping to unleash domestic consumption...",2024
8 hours ago,"‘No lettuce, no Big Mac’: why Beth Hart is steering McDonald’s towards regenerative agriculture",Reuters,https://www.reuters.com/sustainability/land-use-biodiversity/no-lettuce-no-big-mac-why-beth-hart-is-steering-mcdonalds-towards-regenerative-2025-04-14/&ved=2ahUKEwjNl-HBsdmMAxXKTEEAHYkIAJg4ChDF9AF6BAgEEAI&usg=AOvVaw2Bg8vYD6qRgMNxVaexoZ48,"In August 2020, when McDonald's announced an initiative with farmers in Nebraska to improve soil health, techniques like cover cropping and reduced tillage...",2024
8 hours ago,"ADM halting domestic trading in China, cutting jobs in Shanghai",Reuters,https://www.reuters.com/markets/commodities/adm-halting-domestic-trading-china-cutting-jobs-shanghai-2025-04-14/&ved=2ahUKEwjG6rHBsdmMAxVHQUEAHUXjFuEQxfQBegQICRAC&usg=AOvVaw1IiC3znEUNAglA5WQlyfaL,Global grain merchant Archer-Daniels-Midland has begun shutting down domestic trading operations in China and laying off staff within its largest business...,2024
8 hours ago,"ADM halting domestic trading in China, cutting jobs in Shanghai",Reuters,https://www.reuters.com/markets/commodities/adm-halting-domestic-trading-china-cutting-jobs-shanghai-2025-04-14/&ved=2ahUKEwiuqoTBsdmMAxWVXEEAHd45MQwQxfQBegQIBBAC&usg=AOvVaw1KgETo2zitrv5W5kB7apmn,Global grain merchant Archer-Daniels-Midland has begun shutting down domestic trading operations in China and laying off staff within its largest business...,2024
9 hours ago,Patient corn bulls emerge victorious post tariff onslaught,Reuters,https://www.reuters.com/markets/commodities/patient-corn-bulls-emerge-victorious-post-tariff-onslaught-braun-2025-04-13/&ved=2ahUKEwjNl-HBsdmMAxXKTEEAHYkIAJg4ChDF9AF6BAgFEAI&usg=AOvVaw0j98rdpiV3lPN5jRjRr0LO,"After building immensely bullish bets, speculators in late February rode out Chicago corn's worst downturn in over a year as the United States prepared to...",2024
9 hours ago,"Argentina peso tumbles as Wall St cheers FX controls easing, IMF deal",Reuters,https://www.reuters.com/markets/currencies/wall-st-expects-argentina-market-boost-imf-deal-big-shift-fx-controls-2025-04-14/&ved=2ahUKEwjG6rHBsdmMAxVHQUEAHUXjFuEQxfQBegQIBRAC&usg=AOvVaw1LhVe0N7sLa3Qw4MEBDjX1,Argentina's peso slid 10% on Monday to near 1200 per dollar after the country undid large parts of its currency and capital controls at the end of last week...,2024
9 hours ago,"Argentina peso tumbles as Wall St cheers FX controls easing, IMF deal",Reuters,https://www.reuters.com/markets/currencies/wall-st-expects-argentina-market-boost-imf-deal-big-shift-fx-controls-2025-04-14/&ved=2ahUKEwiuqoTBsdmMAxWVXEEAHd45MQwQxfQBegQICRAC&usg=AOvVaw0mP5K17fDSXtHK6HYWZLfF,Argentina's peso slid 10% on Monday to near 1200 per dollar after the country undid large parts of its currency and capital controls at the end of last week...,2024
0 hours ago,"China to keep building coal plants through 2027, state planner says",Reuters,https://www.reuters.com/sustainability/climate-energy/china-keep-building-coal-plants-through-2027-state-planner-says-2025-04-14/&ved=2ahUKEwiljczDsdmMAxXGVUEAHaLJIfM4ChDF9AF6BAgGEAI&usg=AOvVaw1rEK4R2IaaDgg4HmaslSil,"China plans to keep building coal-fired power plants through 2027 in regions where they are needed to meet peak power demand or stabilise the grid,...",2025
0 hours ago,Top US power sector CEOs pull down $115 million in performance pay,Reuters,https://www.reuters.com/business/energy/top-us-power-sector-ceos-pull-down-115-million-performance-pay-2025-04-14/&ved=2ahUKEwiwyZnDsdmMAxUnU0EAHWLdD58QxfQBegQIAxAC&usg=AOvVaw3-DhHo2dROnfKJd3FAHSd6,CEOs of the 10 largest U.S. utilities earned more than $115 million combined in a recent three-year period as demand for electricity from their power plants...,2025
0 hours ago,Trump administration cancels $3 billion climate-friendly farming program,Reuters,https://www.reuters.com/world/us/trump-administration-cancels-3-billion-climate-friendly-farming-program-2025-04-14/&ved=2ahUKEwiwyZnDsdmMAxUnU0EAHWLdD58QxfQBegQIBxAC&usg=AOvVaw19E1X7-f8DKTSe8lr9bF-T,The U.S. Department of Agriculture on Monday said it had canceled a $3 billion program for climate-smart farming projects after a review found it did not...,2025
0 minutes ago,"UK wages increase by 5.9% in the three months to February, ONS says",Reuters,https://www.reuters.com/world/uk/uk-wages-increase-by-59-three-months-february-ons-says-2025-04-15/&ved=2ahUKEwiwyZnDsdmMAxUnU0EAHWLdD58QxfQBegQICBAC&usg=AOvVaw1aKG_G_mOmbevK1KqF9jCM,"British average weekly earnings, excluding bonuses, rose by 5.9% in the three months to February compared with the same period a year earlier,...",2025
0 hours ago,Top US power sector CEOs pull down $115 million in performance pay,Reuters,https://www.reuters.com/business/energy/top-us-power-sector-ceos-pull-down-115-million-performance-pay-2025-04-14/&ved=2ahUKEwidjunCsdmMAxVEVkEAHUUNLfoQxfQBegQIBhAC&usg=AOvVaw0aLPt6nd4MIRljMeq0fOnc,CEOs of the 10 largest U.S. utilities earned more than $115 million combined in a recent three-year period as demand for electricity from their power plants...,2025
0 hours ago,Trump administration cancels $3 billion climate-friendly farming program,Reuters,https://www.reuters.com/world/us/trump-administration-cancels-3-billion-climate-friendly-farming-program-2025-04-14/&ved=2ahUKEwidjunCsdmMAxVEVkEAHUUNLfoQxfQBegQICBAC&usg=AOvVaw2NFdYqdtHzIRBR7CgUNGlL,The U.S. Department of Agriculture on Monday said it had canceled a $3 billion program for climate-smart farming projects after a review found it did not...,2025
0 minutes ago,"UK wages increase by 5.9% in the three months to February, ONS says",Reuters,https://www.reuters.com/world/uk/uk-wages-increase-by-59-three-months-february-ons-says-2025-04-15/&ved=2ahUKEwidjunCsdmMAxVEVkEAHUUNLfoQxfQBegQIAxAC&usg=AOvVaw3pHMQMNI8uN6Y_-Kxcz1Fp,"British average weekly earnings, excluding bonuses, rose by 5.9% in the three months to February compared with the same period a year earlier,...",2025
2 hours ago,UK's Wood Group shares rise after enhanced bid from Dubai's Sidara,Reuters,https://www.reuters.com/business/energy/uks-wood-group-gets-conditional-bid-sidara-with-591-million-cash-injection-2025-04-14/&ved=2ahUKEwiljczDsdmMAxXGVUEAHaLJIfM4ChDF9AF6BAgDEAI&usg=AOvVaw0XWquUkkJS0pW5D0bphVi7,,2025
2 hours ago,Argentina farmers focus on harvest over sales despite currency boost,Reuters,https://www.reuters.com/markets/commodities/argentina-farmers-focus-harvest-over-sales-despite-currency-boost-2025-04-14/&ved=2ahUKEwiljczDsdmMAxXGVUEAHaLJIfM4ChDF9AF6BAgJEAI&usg=AOvVaw0a5DszCVUzZF4YZ5CkIl1w,"Argentina's grain industry welcomed an exchange-rate overhaul on Monday, though the new measures will likely not translate into immediate sales as the...",2025
2 hours ago,Annual mass pillow fight takes place in Toronto,Reuters,https://www.reuters.com/video/&ved=2ahUKEwiljczDsdmMAxXGVUEAHaLJIfM4ChDF9AF6BAgKEAI&usg=AOvVaw3MkA2frGQKOHsN_xZaXs1Y,Reuters news in video: footage captured by award winning Reuters journalists from around the globe.,2025
2 hours ago,"Magnitude 5.2 earthquake strikes interior of San Diego County in California, USGS says",Reuters,https://www.reuters.com/business/environment/magnitude-51-earthquake-strikes-san-diego-country-estates-california-usgs-says-2025-04-14/&ved=2ahUKEwiljczDsdmMAxXGVUEAHaLJIfM4ChDF9AF6BAgEEAI&usg=AOvVaw1GO3M81Hr8l6WFX69wKOAa,"An earthquake measuring 5.2 magnitude struck the interior of San Diego County in California on Monday, the U.S. Geological Survey said.",2025
3 hours ago,Beer maker Molson Coors CEO Gavin Hattersley to retire,Reuters,https://www.reuters.com/business/retail-consumer/beer-maker-molson-coors-ceo-gavin-hattersley-retire-2025-04-14/&ved=2ahUKEwiljczDsdmMAxXGVUEAHaLJIfM4ChDF9AF6BAgCEAI&usg=AOvVaw0S9xh2UpMF9cSpHnK8EE9t,,2025
4 hours ago,"Europe had most widespread floods for more than a decade in 2024, scientists say",Reuters,https://www.reuters.com/sustainability/cop/europe-had-most-widespread-floods-more-than-decade-2024-scientists-say-2025-04-15/&ved=2ahUKEwiwyZnDsdmMAxUnU0EAHWLdD58QxfQBegQIChAC&usg=AOvVaw2MoV4X1Q3QYIcQWLsr7x3c,"Europe faced its most widespread flooding last year since 2013, with 30% of the continent's river network hit by significant floods, scientists said on...",2025
4 hours ago,"Europe had most widespread floods for more than a decade in 2024, scientists say",Reuters,https://www.reuters.com/sustainability/cop/europe-had-most-widespread-floods-more-than-decade-2024-scientists-say-2025-04-15/&ved=2ahUKEwidjunCsdmMAxVEVkEAHUUNLfoQxfQBegQIChAC&usg=AOvVaw2QDp8ikblpwwkx6K0MwPJ3,"Europe faced its most widespread flooding last year since 2013, with 30% of the continent's river network hit by significant floods, scientists said on...",2025
7 hours ago,Chipmaker Qorvo appoints two industry veterans to board,Reuters,https://www.reuters.com/technology/chipmaker-qorvo-appoints-two-industry-veterans-board-2025-04-14/&ved=2ahUKEwiljczDsdmMAxXGVUEAHaLJIfM4ChDF9AF6BAgIEAI&usg=AOvVaw0nyr1Lo_FumhEAw5ReT9UD,,2025
7 hours ago,FAA says it's investigating reported engine issue on Delta flight,Reuters,https://www.reuters.com/business/aerospace-defense/faa-says-its-investigating-reported-engine-issue-delta-flight-2025-04-14/&ved=2ahUKEwiwyZnDsdmMAxUnU0EAHWLdD58QxfQBegQIBRAC&usg=AOvVaw1XyNnXRsGAX6YEopvODnxm,The Federal Aviation Administration said it is investigating after a Delta airline crew reported an engine issue on a Boeing 737-900 flight on Monday.,2025
7 hours ago,"'All of them were dead,' says paramedic recalling Sumy attack",Reuters,https://www.reuters.com/video/watch/idRW668714042025RP1/&ved=2ahUKEwiwyZnDsdmMAxUnU0EAHWLdD58QxfQBegQIBhAC&usg=AOvVaw1pbgAVxt1TZNFysIo0yRGl,"Ukrainian paramedic Artem Selianyn recounts ""walking over dead bodies"" as he tended to the wounded when two Russian missiles slammed the northeastern city...",2025
7 hours ago,"T. Rowe Price Investment Management to back Starboard in Autodesk proxy fight, source says",Reuters,https://www.reuters.com/business/t-rowe-price-investment-management-back-starboard-autodesk-proxy-fight-source-2025-04-14/&ved=2ahUKEwiwyZnDsdmMAxUnU0EAHWLdD58QxfQBegQIBBAC&usg=AOvVaw0bI-iZEGn3YRW3sacZsh6V,"T. Rowe Price Investment Management, one of Autodesk's biggest investors, plans to vote for activist investor Starboard Value's director nominees in a...",2025
7 hours ago,Fuel News | Today's Latest Stories,Reuters,https://www.reuters.com/business/energy/fuel/&ved=2ahUKEwiwyZnDsdmMAxUnU0EAHWLdD58QxfQBegQIAhAC&usg=AOvVaw3Kh23D8U2DPADotIh0nURI,,2025
7 hours ago,FAA says it's investigating reported engine issue on Delta flight,Reuters,https://www.reuters.com/business/aerospace-defense/faa-says-its-investigating-reported-engine-issue-delta-flight-2025-04-14/&ved=2ahUKEwidjunCsdmMAxVEVkEAHUUNLfoQxfQBegQIBxAC&usg=AOvVaw3vy4ZWxbJBHTlQ-l-MUA_k,The Federal Aviation Administration said it is investigating after a Delta airline crew reported an engine issue on a Boeing 737-900 flight on Monday.,2025
7 hours ago,"'All of them were dead,' says paramedic recalling Sumy attack",Reuters,https://www.reuters.com/video/watch/idRW668714042025RP1/&ved=2ahUKEwidjunCsdmMAxVEVkEAHUUNLfoQxfQBegQICRAC&usg=AOvVaw1i9zj7pfWx4lGqJVRuipEI,"Ukrainian paramedic Artem Selianyn recounts ""walking over dead bodies"" as he tended to the wounded when two Russian missiles slammed the northeastern city...",2025
7 hours ago,"T. Rowe Price Investment Management to back Starboard in Autodesk proxy fight, source says",Reuters,https://www.reuters.com/business/t-rowe-price-investment-management-back-starboard-autodesk-proxy-fight-source-2025-04-14/&ved=2ahUKEwidjunCsdmMAxVEVkEAHUUNLfoQxfQBegQIAhAC&usg=AOvVaw2HXo7iEwHsnTWAC65dnvcp,"T. Rowe Price Investment Management, one of Autodesk's biggest investors, plans to vote for activist investor Starboard Value's director nominees in a...",2025
7 hours ago,Fuel News | Today's Latest Stories,Reuters,https://www.reuters.com/business/energy/fuel/&ved=2ahUKEwidjunCsdmMAxVEVkEAHUUNLfoQxfQBegQIARAC&usg=AOvVaw2ErXi6kiwjH3UTg7TsEIhQ,,2025
8 hours ago,"Germany struggles to get consumers to spend, not save",Reuters,https://www.reuters.com/markets/europe/economy-stalls-germany-struggles-get-consumers-spending-2025-04-14/&ved=2ahUKEwiljczDsdmMAxXGVUEAHaLJIfM4ChDF9AF6BAgHEAI&usg=AOvVaw2rK9OX2uw1bcoubGMvY3J2,"With global trade deeply uncertain and a tariff war causing havoc on financial markets, Germany's next government is hoping to unleash domestic consumption...",2025
8 hours ago,"‘No lettuce, no Big Mac’: why Beth Hart is steering McDonald’s towards regenerative agriculture",Reuters,https://www.reuters.com/sustainability/land-use-biodiversity/no-lettuce-no-big-mac-why-beth-hart-is-steering-mcdonalds-towards-regenerative-2025-04-14/&ved=2ahUKEwiljczDsdmMAxXGVUEAHaLJIfM4ChDF9AF6BAgBEAI&usg=AOvVaw1Ti9IJ1BSrmJJnRTYfrQJ-,"In August 2020, when McDonald's announced an initiative with farmers in Nebraska to improve soil health, techniques like cover cropping and reduced tillage...",2025
8 hours ago,"ADM halting domestic trading in China, cutting jobs in Shanghai",Reuters,https://www.reuters.com/markets/commodities/adm-halting-domestic-trading-china-cutting-jobs-shanghai-2025-04-14/&ved=2ahUKEwiwyZnDsdmMAxUnU0EAHWLdD58QxfQBegQIARAC&usg=AOvVaw1YYE8ChqqCeuQeBtz_FyrD,Global grain merchant Archer-Daniels-Midland has begun shutting down domestic trading operations in China and laying off staff within its largest business...,2025
8 hours ago,"ADM halting domestic trading in China, cutting jobs in Shanghai",Reuters,https://www.reuters.com/markets/commodities/adm-halting-domestic-trading-china-cutting-jobs-shanghai-2025-04-14/&ved=2ahUKEwidjunCsdmMAxVEVkEAHUUNLfoQxfQBegQIBRAC&usg=AOvVaw15T9ln3DjNPH2-lNCKXi04,Global grain merchant Archer-Daniels-Midland has begun shutting down domestic trading operations in China and laying off staff within its largest business...,2025
9 hours ago,Patient corn bulls emerge victorious post tariff onslaught,Reuters,https://www.reuters.com/markets/commodities/patient-corn-bulls-emerge-victorious-post-tariff-onslaught-braun-2025-04-13/&ved=2ahUKEwiljczDsdmMAxXGVUEAHaLJIfM4ChDF9AF6BAgFEAI&usg=AOvVaw1AP5fpIkT2D9uvVji5hF_O,"After building immensely bullish bets, speculators in late February rode out Chicago corn's worst downturn in over a year as the United States prepared to...",2025
9 hours ago,"Argentina peso tumbles as Wall St cheers FX controls easing, IMF deal",Reuters,https://www.reuters.com/markets/currencies/wall-st-expects-argentina-market-boost-imf-deal-big-shift-fx-controls-2025-04-14/&ved=2ahUKEwiwyZnDsdmMAxUnU0EAHWLdD58QxfQBegQICRAC&usg=AOvVaw3xnmEvJ09qZrVZ3t5qwC7w,Argentina's peso slid 10% on Monday to near 1200 per dollar after the country undid large parts of its currency and capital controls at the end of last week...,2025
9 hours ago,"Argentina peso tumbles as Wall St cheers FX controls easing, IMF deal",Reuters,https://www.reuters.com/markets/currencies/wall-st-expects-argentina-market-boost-imf-deal-big-shift-fx-controls-2025-04-14/&ved=2ahUKEwidjunCsdmMAxVEVkEAHUUNLfoQxfQBegQIBBAC&usg=AOvVaw0h58DvOYMbLkHaBy2IUkJr,Argentina's peso slid 10% on Monday to near 1200 per dollar after the country undid large parts of its currency and capital controls at the end of last week...,2025
0 hours ago,"China to keep building coal plants through 2027, state planner says",Reuters,https://www.reuters.com/sustainability/climate-energy/china-keep-building-coal-plants-through-2027-state-planner-says-2025-04-14/&ved=2ahUKEwiljczDsdmMAxXGVUEAHaLJIfM4ChDF9AF6BAgGEAI&usg=AOvVaw1rEK4R2IaaDgg4HmaslSil,"China plans to keep building coal-fired power plants through 2027 in regions where they are needed to meet peak power demand or stabilise the grid,...",2025
0 hours ago,Top US power sector CEOs pull down $115 million in performance pay,Reuters,https://www.reuters.com/business/energy/top-us-power-sector-ceos-pull-down-115-million-performance-pay-2025-04-14/&ved=2ahUKEwiwyZnDsdmMAxUnU0EAHWLdD58QxfQBegQIAxAC&usg=AOvVaw3-DhHo2dROnfKJd3FAHSd6,CEOs of the 10 largest U.S. utilities earned more than $115 million combined in a recent three-year period as demand for electricity from their power plants...,2025
0 hours ago,Trump administration cancels $3 billion climate-friendly farming program,Reuters,https://www.reuters.com/world/us/trump-administration-cancels-3-billion-climate-friendly-farming-program-2025-04-14/&ved=2ahUKEwiwyZnDsdmMAxUnU0EAHWLdD58QxfQBegQIBxAC&usg=AOvVaw19E1X7-f8DKTSe8lr9bF-T,The U.S. Department of Agriculture on Monday said it had canceled a $3 billion program for climate-smart farming projects after a review found it did not...,2025
0 minutes ago,"UK wages increase by 5.9% in the three months to February, ONS says",Reuters,https://www.reuters.com/world/uk/uk-wages-increase-by-59-three-months-february-ons-says-2025-04-15/&ved=2ahUKEwiwyZnDsdmMAxUnU0EAHWLdD58QxfQBegQICBAC&usg=AOvVaw1aKG_G_mOmbevK1KqF9jCM,"British average weekly earnings, excluding bonuses, rose by 5.9% in the three months to February compared with the same period a year earlier,...",2025
0 hours ago,Top US power sector CEOs pull down $115 million in performance pay,Reuters,https://www.reuters.com/business/energy/top-us-power-sector-ceos-pull-down-115-million-performance-pay-2025-04-14/&ved=2ahUKEwidjunCsdmMAxVEVkEAHUUNLfoQxfQBegQIBhAC&usg=AOvVaw0aLPt6nd4MIRljMeq0fOnc,CEOs of the 10 largest U.S. utilities earned more than $115 million combined in a recent three-year period as demand for electricity from their power plants...,2025
0 hours ago,Trump administration cancels $3 billion climate-friendly farming program,Reuters,https://www.reuters.com/world/us/trump-administration-cancels-3-billion-climate-friendly-farming-program-2025-04-14/&ved=2ahUKEwidjunCsdmMAxVEVkEAHUUNLfoQxfQBegQICBAC&usg=AOvVaw2NFdYqdtHzIRBR7CgUNGlL,The U.S. Department of Agriculture on Monday said it had canceled a $3 billion program for climate-smart farming projects after a review found it did not...,2025
0 minutes ago,"UK wages increase by 5.9% in the three months to February, ONS says",Reuters,https://www.reuters.com/world/uk/uk-wages-increase-by-59-three-months-february-ons-says-2025-04-15/&ved=2ahUKEwidjunCsdmMAxVEVkEAHUUNLfoQxfQBegQIAxAC&usg=AOvVaw3pHMQMNI8uN6Y_-Kxcz1Fp,"British average weekly earnings, excluding bonuses, rose by 5.9% in the three months to February compared with the same period a year earlier,...",2025
2 hours ago,UK's Wood Group shares rise after enhanced bid from Dubai's Sidara,Reuters,https://www.reuters.com/business/energy/uks-wood-group-gets-conditional-bid-sidara-with-591-million-cash-injection-2025-04-14/&ved=2ahUKEwiljczDsdmMAxXGVUEAHaLJIfM4ChDF9AF6BAgDEAI&usg=AOvVaw0XWquUkkJS0pW5D0bphVi7,,2025
2 hours ago,Argentina farmers focus on harvest over sales despite currency boost,Reuters,https://www.reuters.com/markets/commodities/argentina-farmers-focus-harvest-over-sales-despite-currency-boost-2025-04-14/&ved=2ahUKEwiljczDsdmMAxXGVUEAHaLJIfM4ChDF9AF6BAgJEAI&usg=AOvVaw0a5DszCVUzZF4YZ5CkIl1w,"Argentina's grain industry welcomed an exchange-rate overhaul on Monday, though the new measures will likely not translate into immediate sales as the...",2025
2 hours ago,Annual mass pillow fight takes place in Toronto,Reuters,https://www.reuters.com/video/&ved=2ahUKEwiljczDsdmMAxXGVUEAHaLJIfM4ChDF9AF6BAgKEAI&usg=AOvVaw3MkA2frGQKOHsN_xZaXs1Y,Reuters news in video: footage captured by award winning Reuters journalists from around the globe.,2025
2 hours ago,"Magnitude 5.2 earthquake strikes interior of San Diego County in California, USGS says",Reuters,https://www.reuters.com/business/environment/magnitude-51-earthquake-strikes-san-diego-country-estates-california-usgs-says-2025-04-14/&ved=2ahUKEwiljczDsdmMAxXGVUEAHaLJIfM4ChDF9AF6BAgEEAI&usg=AOvVaw1GO3M81Hr8l6WFX69wKOAa,"An earthquake measuring 5.2 magnitude struck the interior of San Diego County in California on Monday, the U.S. Geological Survey said.",2025
3 hours ago,Beer maker Molson Coors CEO Gavin Hattersley to retire,Reuters,https://www.reuters.com/business/retail-consumer/beer-maker-molson-coors-ceo-gavin-hattersley-retire-2025-04-14/&ved=2ahUKEwiljczDsdmMAxXGVUEAHaLJIfM4ChDF9AF6BAgCEAI&usg=AOvVaw0S9xh2UpMF9cSpHnK8EE9t,,2025
4 hours ago,"Europe had most widespread floods for more than a decade in 2024, scientists say",Reuters,https://www.reuters.com/sustainability/cop/europe-had-most-widespread-floods-more-than-decade-2024-scientists-say-2025-04-15/&ved=2ahUKEwiwyZnDsdmMAxUnU0EAHWLdD58QxfQBegQIChAC&usg=AOvVaw2MoV4X1Q3QYIcQWLsr7x3c,"Europe faced its most widespread flooding last year since 2013, with 30% of the continent's river network hit by significant floods, scientists said on...",2025
4 hours ago,"Europe had most widespread floods for more than a decade in 2024, scientists say",Reuters,https://www.reuters.com/sustainability/cop/europe-had-most-widespread-floods-more-than-decade-2024-scientists-say-2025-04-15/&ved=2ahUKEwidjunCsdmMAxVEVkEAHUUNLfoQxfQBegQIChAC&usg=AOvVaw2QDp8ikblpwwkx6K0MwPJ3,"Europe faced its most widespread flooding last year since 2013, with 30% of the continent's river network hit by significant floods, scientists said on...",2025
7 hours ago,Chipmaker Qorvo appoints two industry veterans to board,Reuters,https://www.reuters.com/technology/chipmaker-qorvo-appoints-two-industry-veterans-board-2025-04-14/&ved=2ahUKEwiljczDsdmMAxXGVUEAHaLJIfM4ChDF9AF6BAgIEAI&usg=AOvVaw0nyr1Lo_FumhEAw5ReT9UD,,2025
7 hours ago,FAA says it's investigating reported engine issue on Delta flight,Reuters,https://www.reuters.com/business/aerospace-defense/faa-says-its-investigating-reported-engine-issue-delta-flight-2025-04-14/&ved=2ahUKEwiwyZnDsdmMAxUnU0EAHWLdD58QxfQBegQIBRAC&usg=AOvVaw1XyNnXRsGAX6YEopvODnxm,The Federal Aviation Administration said it is investigating after a Delta airline crew reported an engine issue on a Boeing 737-900 flight on Monday.,2025
7 hours ago,"'All of them were dead,' says paramedic recalling Sumy attack",Reuters,https://www.reuters.com/video/watch/idRW668714042025RP1/&ved=2ahUKEwiwyZnDsdmMAxUnU0EAHWLdD58QxfQBegQIBhAC&usg=AOvVaw1pbgAVxt1TZNFysIo0yRGl,"Ukrainian paramedic Artem Selianyn recounts ""walking over dead bodies"" as he tended to the wounded when two Russian missiles slammed the northeastern city...",2025
7 hours ago,"T. Rowe Price Investment Management to back Starboard in Autodesk proxy fight, source says",Reuters,https://www.reuters.com/business/t-rowe-price-investment-management-back-starboard-autodesk-proxy-fight-source-2025-04-14/&ved=2ahUKEwiwyZnDsdmMAxUnU0EAHWLdD58QxfQBegQIBBAC&usg=AOvVaw0bI-iZEGn3YRW3sacZsh6V,"T. Rowe Price Investment Management, one of Autodesk's biggest investors, plans to vote for activist investor Starboard Value's director nominees in a...",2025
7 hours ago,Fuel News | Today's Latest Stories,Reuters,https://www.reuters.com/business/energy/fuel/&ved=2ahUKEwiwyZnDsdmMAxUnU0EAHWLdD58QxfQBegQIAhAC&usg=AOvVaw3Kh23D8U2DPADotIh0nURI,,2025
7 hours ago,FAA says it's investigating reported engine issue on Delta flight,Reuters,https://www.reuters.com/business/aerospace-defense/faa-says-its-investigating-reported-engine-issue-delta-flight-2025-04-14/&ved=2ahUKEwidjunCsdmMAxVEVkEAHUUNLfoQxfQBegQIBxAC&usg=AOvVaw3vy4ZWxbJBHTlQ-l-MUA_k,The Federal Aviation Administration said it is investigating after a Delta airline crew reported an engine issue on a Boeing 737-900 flight on Monday.,2025
7 hours ago,"'All of them were dead,' says paramedic recalling Sumy attack",Reuters,https://www.reuters.com/video/watch/idRW668714042025RP1/&ved=2ahUKEwidjunCsdmMAxVEVkEAHUUNLfoQxfQBegQICRAC&usg=AOvVaw1i9zj7pfWx4lGqJVRuipEI,"Ukrainian paramedic Artem Selianyn recounts ""walking over dead bodies"" as he tended to the wounded when two Russian missiles slammed the northeastern city...",2025
7 hours ago,"T. Rowe Price Investment Management to back Starboard in Autodesk proxy fight, source says",Reuters,https://www.reuters.com/business/t-rowe-price-investment-management-back-starboard-autodesk-proxy-fight-source-2025-04-14/&ved=2ahUKEwidjunCsdmMAxVEVkEAHUUNLfoQxfQBegQIAhAC&usg=AOvVaw2HXo7iEwHsnTWAC65dnvcp,"T. Rowe Price Investment Management, one of Autodesk's biggest investors, plans to vote for activist investor Starboard Value's director nominees in a...",2025
7 hours ago,Fuel News | Today's Latest Stories,Reuters,https://www.reuters.com/business/energy/fuel/&ved=2ahUKEwidjunCsdmMAxVEVkEAHUUNLfoQxfQBegQIARAC&usg=AOvVaw2ErXi6kiwjH3UTg7TsEIhQ,,2025
8 hours ago,"Germany struggles to get consumers to spend, not save",Reuters,https://www.reuters.com/markets/europe/economy-stalls-germany-struggles-get-consumers-spending-2025-04-14/&ved=2ahUKEwiljczDsdmMAxXGVUEAHaLJIfM4ChDF9AF6BAgHEAI&usg=AOvVaw2rK9OX2uw1bcoubGMvY3J2,"With global trade deeply uncertain and a tariff war causing havoc on financial markets, Germany's next government is hoping to unleash domestic consumption...",2025
8 hours ago,"‘No lettuce, no Big Mac’: why Beth Hart is steering McDonald’s towards regenerative agriculture",Reuters,https://www.reuters.com/sustainability/land-use-biodiversity/no-lettuce-no-big-mac-why-beth-hart-is-steering-mcdonalds-towards-regenerative-2025-04-14/&ved=2ahUKEwiljczDsdmMAxXGVUEAHaLJIfM4ChDF9AF6BAgBEAI&usg=AOvVaw1Ti9IJ1BSrmJJnRTYfrQJ-,"In August 2020, when McDonald's announced an initiative with farmers in Nebraska to improve soil health, techniques like cover cropping and reduced tillage...",2025
8 hours ago,"ADM halting domestic trading in China, cutting jobs in Shanghai",Reuters,https://www.reuters.com/markets/commodities/adm-halting-domestic-trading-china-cutting-jobs-shanghai-2025-04-14/&ved=2ahUKEwiwyZnDsdmMAxUnU0EAHWLdD58QxfQBegQIARAC&usg=AOvVaw1YYE8ChqqCeuQeBtz_FyrD,Global grain merchant Archer-Daniels-Midland has begun shutting down domestic trading operations in China and laying off staff within its largest business...,2025
8 hours ago,"ADM halting domestic trading in China, cutting jobs in Shanghai",Reuters,https://www.reuters.com/markets/commodities/adm-halting-domestic-trading-china-cutting-jobs-shanghai-2025-04-14/&ved=2ahUKEwidjunCsdmMAxVEVkEAHUUNLfoQxfQBegQIBRAC&usg=AOvVaw15T9ln3DjNPH2-lNCKXi04,Global grain merchant Archer-Daniels-Midland has begun shutting down domestic trading operations in China and laying off staff within its largest business...,2025
9 hours ago,Patient corn bulls emerge victorious post tariff onslaught,Reuters,https://www.reuters.com/markets/commodities/patient-corn-bulls-emerge-victorious-post-tariff-onslaught-braun-2025-04-13/&ved=2ahUKEwiljczDsdmMAxXGVUEAHaLJIfM4ChDF9AF6BAgFEAI&usg=AOvVaw1AP5fpIkT2D9uvVji5hF_O,"After building immensely bullish bets, speculators in late February rode out Chicago corn's worst downturn in over a year as the United States prepared to...",2025
9 hours ago,"Argentina peso tumbles as Wall St cheers FX controls easing, IMF deal",Reuters,https://www.reuters.com/markets/currencies/wall-st-expects-argentina-market-boost-imf-deal-big-shift-fx-controls-2025-04-14/&ved=2ahUKEwiwyZnDsdmMAxUnU0EAHWLdD58QxfQBegQICRAC&usg=AOvVaw3xnmEvJ09qZrVZ3t5qwC7w,Argentina's peso slid 10% on Monday to near 1200 per dollar after the country undid large parts of its currency and capital controls at the end of last week...,2025
9 hours ago,"Argentina peso tumbles as Wall St cheers FX controls easing, IMF deal",Reuters,https://www.reuters.com/markets/currencies/wall-st-expects-argentina-market-boost-imf-deal-big-shift-fx-controls-2025-04-14/&ved=2ahUKEwidjunCsdmMAxVEVkEAHUUNLfoQxfQBegQIBBAC&usg=AOvVaw0h58DvOYMbLkHaBy2IUkJr,Argentina's peso slid 10% on Monday to near 1200 per dollar after the country undid large parts of its currency and capital controls at the end of last week...,2025
